dataset,seed,fold,alpha,mean_pcc,mean_rmse,mean_mae,selected
CCLE,0,1,0.0,0.6833466740952419,0.730468259153743,0.5363487150595387,False
CCLE,0,1,0.1,0.6862625177333033,0.7275428064311844,0.5336080692545976,False
CCLE,0,1,0.2,0.6880900039532426,0.7258198652582428,0.531958265228425,False
CCLE,0,1,0.3,0.6888399413466832,0.7253077927183105,0.5313640566053204,True
CCLE,0,1,0.4,0.6885379049209832,0.7260088789815489,0.5319024566080246,False
CCLE,0,1,0.5,0.6872229855427945,0.7279192971045683,0.5335638473827568,False
CCLE,0,1,0.6000000000000001,0.684946096049647,0.7310292072976674,0.5361578240481369,False
CCLE,0,1,0.7000000000000001,0.6817679597597408,0.735323009078171,0.539727278788829,False
CCLE,0,1,0.8,0.6777569179065446,0.7407797263832123,0.5442634600693382,False
CCLE,0,1,0.9,0.6729866893547272,0.7473735039369714,0.5498410088911975,False
CCLE,0,1,1.0,0.6675342011877403,0.7550741885305028,0.5563992383571584,False
CCLE,0,2,0.0,0.6898726735928673,0.7294686431087024,0.5355175009652409,False
CCLE,0,2,0.1,0.6927290471146996,0.7265840885497316,0.5332683266003608,False
CCLE,0,2,0.2,0.6944970006920448,0.7249267842443535,0.5320896946228508,False
CCLE,0,2,0.3,0.6951934128328506,0.7245043975659521,0.532142737197407,True
CCLE,0,2,0.4,0.6948492447285257,0.7253181969859395,0.5331982941389362,False
CCLE,0,2,0.5,0.693508030334602,0.7273630453193457,0.535185690125178,False
CCLE,0,2,0.6000000000000001,0.6912240142421093,0.7306275597421554,0.538171121372025,False
CCLE,0,2,0.7000000000000001,0.6880600694949482,0.7350944271819689,0.5421498559640346,False
CCLE,0,2,0.8,0.6840855261782395,0.7407408550210703,0.5471361177911983,False
CCLE,0,2,0.9,0.6793740289415471,0.7475391306229987,0.5529464761752296,False
CCLE,0,2,1.0,0.6740015210892205,0.7554572594342075,0.559430410059106,False
CCLE,0,3,0.0,0.688588227925525,0.7244294423573338,0.5344685617891674,False
CCLE,0,3,0.1,0.6916133465967472,0.7213719668617106,0.5316578061810374,False
CCLE,0,3,0.2,0.6935925273990364,0.7194661208292435,0.5297605839191416,False
CCLE,0,3,0.3,0.6945365544515246,0.7187203793210853,0.5288513671390584,True
CCLE,0,3,0.4,0.6944698937916365,0.7191375578481733,0.5289549799781564,False
CCLE,0,3,0.5,0.6934294627328954,0.7207147648637592,0.5300337388586762,False
CCLE,0,3,0.6000000000000001,0.6914630129774182,0.7234434956770477,0.5320788497252557,False
CCLE,0,3,0.7000000000000001,0.688627248501499,0.7273098609881063,0.53504764924627,False
CCLE,0,3,0.8,0.6849858046220232,0.7322949358656602,0.5389679375334531,False
CCLE,0,3,0.9,0.6806072075110497,0.7383752091656849,0.543869937169472,False
CCLE,0,3,1.0,0.6755629167243756,0.7455231095599615,0.5496947644980962,False
CCLE,0,4,0.0,0.6897023378872944,0.7253231306202229,0.5350721030686045,False
CCLE,0,4,0.1,0.6921841553418039,0.7229248425629133,0.5326953509090185,False
CCLE,0,4,0.2,0.6936107494741002,0.7217097248338294,0.5312928436067244,False
CCLE,0,4,0.3,0.6939989009203881,0.7216836957804805,0.5307483531945028,True
CCLE,0,4,0.4,0.6933786630214671,0.722846784093448,0.5310664584106101,False
CCLE,0,4,0.5,0.691792012491642,0.7251931306007003,0.532316252609667,False
CCLE,0,4,0.6000000000000001,0.6892911604947052,0.7287111353925264,0.5345805467792856,False
CCLE,0,4,0.7000000000000001,0.6859366392870625,0.7333837417240634,0.5379636877176701,False
CCLE,0,4,0.8,0.681795282280623,0.739188840719426,0.5423430305974027,False
CCLE,0,4,0.9,0.6769382075612966,0.7460997750658916,0.5476260862147242,False
CCLE,0,4,1.0,0.6714388990530631,0.7540859160996239,0.5539227218525662,False
CCLE,0,5,0.0,0.6841224831767189,0.7327421217689951,0.5361865328230884,False
CCLE,0,5,0.1,0.686468443031053,0.7304358852715545,0.5339886905899377,False
CCLE,0,5,0.2,0.6876986058756777,0.7293591482118165,0.5328024923411588,False
CCLE,0,5,0.3,0.6878253680719035,0.7295170944562775,0.5328865853066616,True
CCLE,0,5,0.4,0.6868768221092416,0.7309084337293732,0.5340056156783655,False
CCLE,0,5,0.5,0.6848953359301296,0.7335254476728047,0.5362586747032048,False
CCLE,0,5,0.6000000000000001,0.6819356549240437,0.7373542074428472,0.5394810348336518,False
CCLE,0,5,0.7000000000000001,0.6780626754599524,0.742374948368479,0.5436187353596051,False
CCLE,0,5,0.8,0.6733490468022472,0.7485625780592404,0.5486894433743151,False
CCLE,0,5,0.9,0.6678727499833323,0.7558872878856604,0.5546082715430016,False
CCLE,0,5,1.0,0.661714781447994,0.7643152344147814,0.5613746578878801,False
CCLE,0,6,0.0,0.6965078049501456,0.7230657997506305,0.5299226721143666,False
CCLE,0,6,0.1,0.6999807376768177,0.7195386873645757,0.5271431675053946,False
CCLE,0,6,0.2,0.7023850915863901,0.7171873329051774,0.5254232935081866,False
CCLE,0,6,0.3,0.7037356215879023,0.7160233137828079,0.5247202808588682,False
CCLE,0,6,0.4,0.704060397439871,0.7160523776221286,0.5250744894179019,True
CCLE,0,6,0.5,0.7033994794410676,0.7172743009603793,0.5264207687843134,False
CCLE,0,6,0.6000000000000001,0.7018032609305186,0.7196828970810659,0.5287656422754664,False
CCLE,0,6,0.7000000000000001,0.6993305891648093,0.7232661723820857,0.5320535973128483,False
CCLE,0,6,0.8,0.6960467786719408,0.728006622108134,0.5363349342237285,False
CCLE,0,6,0.9,0.692021623802083,0.7338816486667804,0.541560881717321,False
CCLE,0,6,1.0,0.6873275021976415,0.7408640798203457,0.5476754658635015,False
CCLE,0,7,0.0,0.6901782287836004,0.7255464487080145,0.5338604466657626,False
CCLE,0,7,0.1,0.6926932020133917,0.723132717612031,0.5315916728644605,False
CCLE,0,7,0.2,0.6940891084440016,0.7219491269259775,0.5304618140700004,False
CCLE,0,7,0.3,0.6943923159864556,0.7220012610830483,0.530419666141448,True
CCLE,0,7,0.4,0.6936434412936379,0.723288266163088,0.5314078315590471,False
CCLE,0,7,0.5,0.6918954567679257,0.7258028842962293,0.5334906409350542,False
CCLE,0,7,0.6000000000000001,0.6892114867208339,0.7295316543177834,0.5367043907892162,False
CCLE,0,7,0.7000000000000001,0.6856624439203491,0.734455265994568,0.5409818475132145,False
CCLE,0,7,0.8,0.6813246489732027,0.7405490465536306,0.5461728107532929,False
CCLE,0,7,0.9,0.6762775547677173,0.7477835518923074,0.552240013305149,False
CCLE,0,7,1.0,0.670601670940129,0.756125231202252,0.5591154462414182,False
CCLE,0,8,0.0,0.6925991968955308,0.7280129896712058,0.5357481720290471,False
CCLE,0,8,0.1,0.6954526295516162,0.7251038924467232,0.5331141006728234,False
CCLE,0,8,0.2,0.6971667204080891,0.7234915153055168,0.5316551054792066,False
CCLE,0,8,0.3,0.6977566844684235,0.7231838975638427,0.5313492675291182,True
CCLE,0,8,0.4,0.6972541893757174,0.7241815196043575,0.5320617705947676,False
CCLE,0,8,0.5,0.6957057313635433,0.7264773222945837,0.533856501744834,False
CCLE,0,8,0.6000000000000001,0.6931704833936344,0.7300569551736062,0.5366993919699066,False
CCLE,0,8,0.7000000000000001,0.6897177927556173,0.7348992333602525,0.5404681383293469,False
CCLE,0,8,0.8,0.6854245151263451,0.7409767693177745,0.545292233528721,False
CCLE,0,8,0.9,0.6803723604542045,0.7482567362275485,0.5509995694046741,False
CCLE,0,8,1.0,0.6746453980835029,0.7567017154770427,0.5576563757793445,False
CCLE,0,9,0.0,0.6857355692776551,0.7263317355208664,0.5327416651241281,False
CCLE,0,9,0.1,0.6890185598556589,0.7231147540356393,0.5299207331783622,False
CCLE,0,9,0.2,0.6911000284167315,0.7212216085975147,0.5281762257137236,False
CCLE,0,9,0.3,0.6919947262321854,0.720662498493462,0.5276820204545275,True
CCLE,0,9,0.4,0.6917348440578972,0.7214402454825718,0.5285350854985211,False
CCLE,0,9,0.5,0.6903683201645273,0.7235502230642001,0.5305397330808526,False
CCLE,0,9,0.6000000000000001,0.6879566205524037,0.7269804926000152,0.5338264167369305,False
CCLE,0,9,0.7000000000000001,0.6845721636834597,0.7317121370767018,0.5383280695716012,False
CCLE,0,9,0.8,0.6802955704074941,0.7377197710922921,0.5438673609822062,False
CCLE,0,9,0.9,0.6752129095667694,0.7449721958681599,0.550373030906738,False
CCLE,0,9,1.0,0.669413085153219,0.7534331616304699,0.5578194280126394,False
CCLE,0,10,0.0,0.6815942955065372,0.7251184006841539,0.5306123105499276,False
CCLE,0,10,0.1,0.6842844315093347,0.7226221221819429,0.5286426923917926,False
CCLE,0,10,0.2,0.6858182665639938,0.7213671086844436,0.5278076193700862,False
CCLE,0,10,0.3,0.6862191754801271,0.7213599370933125,0.5280828463268066,True
CCLE,0,10,0.4,0.6855263091045012,0.7226006709290042,0.5294408713116396,False
CCLE,0,10,0.5,0.6837926870840942,0.7250828577259607,0.5318628445149614,False
CCLE,0,10,0.6000000000000001,0.6810828825415898,0.7287936975628165,0.5352484340571417,False
CCLE,0,10,0.7000000000000001,0.6774704691652138,0.7337143724170934,0.5395665122063719,False
CCLE,0,10,0.8,0.6730353982161075,0.7398205166305648,0.5447638602723769,False
CCLE,0,10,0.9,0.6678614543792127,0.7470828014814459,0.5508418813954008,False
CCLE,0,10,1.0,0.6620339101451067,0.7554676023049434,0.5576850659101137,False
CCLE,1,1,0.0,0.695765536452372,0.7250207557666682,0.5332952036098784,False
CCLE,1,1,0.1,0.6992475831685574,0.7214340102307915,0.5304479404075926,False
CCLE,1,1,0.2,0.7015192190513865,0.719205542533072,0.5285740475633921,False
CCLE,1,1,0.3,0.7025947999720471,0.7183477931206372,0.5277818498683691,True
CCLE,1,1,0.4,0.7025066212248097,0.7188651488146388,0.5282313130745927,False
CCLE,1,1,0.5,0.7013030711292172,0.7207538242016931,0.5298718217020839,False
CCLE,1,1,0.6000000000000001,0.6990462435546086,0.7240019910381159,0.5326587138064086,False
CCLE,1,1,0.7000000000000001,0.6958092056613664,0.7285901457361252,0.5365402526218046,False
CCLE,1,1,0.8,0.6916731200604881,0.7344916886079764,0.5414229798417189,False
CCLE,1,1,0.9,0.6867244028404219,0.741673675490452,0.547264779739453,False
CCLE,1,1,1.0,0.6810520664732783,0.7500976940108599,0.5541270505281138,False
CCLE,1,2,0.0,0.686677601980071,0.7302426975519571,0.5346466407952449,False
CCLE,1,2,0.1,0.6895074304286192,0.7274563240844196,0.5321181823603515,False
CCLE,1,2,0.2,0.6913093557182151,0.7258289519911385,0.5305653723769039,False
CCLE,1,2,0.3,0.6920981613202564,0.7253682703765069,0.530181628949757,True
CCLE,1,2,0.4,0.6919012528893994,0.7260763417318582,0.5308778977523183,False
CCLE,1,2,0.5,0.6907574025728909,0.7279495553538997,0.5326200052526021,False
CCLE,1,2,0.6000000000000001,0.6887151820834487,0.7309787185079263,0.5351868058326945,False
CCLE,1,2,0.7000000000000001,0.6858311895054217,0.7351492800274018,0.5386848183534848,False
CCLE,1,2,0.8,0.6821681765838677,0.7404416738121826,0.5431006693086408,False
CCLE,1,2,0.9,0.6777931758768503,0.7468317637046679,0.5484338797684053,False
CCLE,1,2,1.0,0.672775712868496,0.7542913669927536,0.5546232373349647,False
CCLE,1,3,0.0,0.689607646970438,0.7217388551189106,0.533410208672248,False
CCLE,1,3,0.1,0.6921217441066316,0.7192629231538673,0.5313141787013959,False
CCLE,1,3,0.2,0.6934687116099125,0.7180785302008474,0.5303377703011217,False
CCLE,1,3,0.3,0.6936657521696089,0.7181912581062688,0.5303554163058715,True
CCLE,1,3,0.4,0.6927466752277842,0.7195993159129502,0.531549149677254,False
CCLE,1,3,0.5,0.6907601561682214,0.7222936238535459,0.5337850877926316,False
CCLE,1,3,0.6000000000000001,0.6877675136159291,0.7262581090504798,0.5369878562593049,False
CCLE,1,3,0.7000000000000001,0.6838401798025422,0.7314701903925995,0.5412406516450763,False
CCLE,1,3,0.8,0.6790570414024731,0.7379014184831881,0.5464018392390876,False
CCLE,1,3,0.9,0.6735018127214308,0.745518229239627,0.5523653034294002,False
CCLE,1,3,1.0,0.6672605747656621,0.7542827670441749,0.5591453036560663,False
CCLE,1,4,0.0,0.6891610764907679,0.7310345529832079,0.5367337543349052,False
CCLE,1,4,0.1,0.6917192779746495,0.7285960369063751,0.5343914887948954,False
CCLE,1,4,0.2,0.6930886237530285,0.7275164498379043,0.5331460212859668,False
CCLE,1,4,0.3,0.6932958836240157,0.7278011483222011,0.5330976112961021,True
CCLE,1,4,0.4,0.692384049824719,0.7294478008287729,0.5341566135184987,False
CCLE,1,4,0.5,0.6904102224963988,0.7324464719079524,0.5363803178321918,False
CCLE,1,4,0.6000000000000001,0.687443103393882,0.7367799161712913,0.539625599692478,False
CCLE,1,4,0.7000000000000001,0.6835602808603667,0.7424240622518641,0.5439856853268128,False
CCLE,1,4,0.8,0.6788454805425592,0.7493486559743306,0.5495753065006743,False
CCLE,1,4,0.9,0.6733859325695103,0.7575180244417234,0.5563010100565126,False
CCLE,1,4,1.0,0.6672699725866588,0.7668919191092252,0.5638992436843873,False
CCLE,1,5,0.0,0.6875524587103633,0.7283207539301204,0.5320554915270028,False
CCLE,1,5,0.1,0.6901276108805232,0.7257489358446186,0.5298741700655755,False
CCLE,1,5,0.2,0.6916793922036086,0.7243209789553384,0.5286915951559426,False
CCLE,1,5,0.3,0.6922182319414959,0.7240437097307307,0.5284437050390439,True
CCLE,1,5,0.4,0.6917676394105234,0.7249183996639755,0.5292072210342667,False
CCLE,1,5,0.5,0.6903631154471788,0.7269407344504109,0.5309545495186417,False
CCLE,1,5,0.6000000000000001,0.6880506926943026,0.7301009203014698,0.5337020075897091,False
CCLE,1,5,0.7000000000000001,0.6848852086492888,0.7343839213030311,0.537263510643645,False
CCLE,1,5,0.8,0.6809284235525273,0.7397698144260969,0.5417439282966481,False
CCLE,1,5,0.9,0.6762470924024605,0.7462342428503854,0.5470982517742762,False
CCLE,1,5,1.0,0.670911088596306,0.7537489441820322,0.5533536268503101,False
CCLE,1,6,0.0,0.6870443735531573,0.7275900226018003,0.5340191080425271,False
CCLE,1,6,0.1,0.6901077257514606,0.7245057516380331,0.5311156516207911,False
CCLE,1,6,0.2,0.6920131301193762,0.7227171249291837,0.5292787572932843,False
CCLE,1,6,0.3,0.6927731361230517,0.7222336088300314,0.5285973051664234,True
CCLE,1,6,0.4,0.6924171246690696,0.7230573239406632,0.5291368359251831,False
CCLE,1,6,0.5,0.6909897352713118,0.7251829966227025,0.5309165183585722,False
CCLE,1,6,0.6000000000000001,0.6885487646729767,0.7285981258394866,0.5337151450837094,False
CCLE,1,6,0.7000000000000001,0.6851627067574232,0.7332833531727201,0.537589009096369,False
CCLE,1,6,0.8,0.6809081129985012,0.7392130105564518,0.5425833700020238,False
CCLE,1,6,0.9,0.6758669427323035,0.7463558100723422,0.5486400780816292,False
CCLE,1,6,1.0,0.6701240476050777,0.7546756340293654,0.5556992011882312,False
CCLE,1,7,0.0,0.6924810381523616,0.718430478773292,0.5281627993178478,False
CCLE,1,7,0.1,0.6953793632343829,0.715596606693297,0.5254527084738508,False
CCLE,1,7,0.2,0.6971921928704028,0.7139577247411525,0.5237940751659211,False
CCLE,1,7,0.3,0.6979363736161964,0.7135213635519491,0.5230959013414301,True
CCLE,1,7,0.4,0.6976427030021741,0.7142888941300878,0.5233386933605539,False
CCLE,1,7,0.5,0.6963544624879917,0.7162555151815455,0.5245737796788238,False
CCLE,1,7,0.6000000000000001,0.6941255952378228,0.7194104000378754,0.526717255357982,False
CCLE,1,7,0.7000000000000001,0.6910186568478558,0.7237369929074013,0.5297304835934373,False
CCLE,1,7,0.8,0.6871026678013882,0.7292134357910223,0.533863479626355,False
CCLE,1,7,0.9,0.6824509855973804,0.7358131010748294,0.5389388701896352,False
CCLE,1,7,1.0,0.6771392953452435,0.743505201019064,0.5449239361750775,False
CCLE,1,8,0.0,0.6840782793406757,0.7230686050360194,0.530053814428665,False
CCLE,1,8,0.1,0.6871590098646482,0.720038133243462,0.5272818918236188,False
CCLE,1,8,0.2,0.6892408614246419,0.7180849261632216,0.5255432601212677,False
CCLE,1,8,0.3,0.6903293348229409,0.7172178408118974,0.5248415798139979,False
CCLE,1,8,0.4,0.6904424221046274,0.7174407997772632,0.5251194104810795,True
CCLE,1,8,0.5,0.6896097591330466,0.7187527019743386,0.5263060581312947,False
CCLE,1,8,0.6000000000000001,0.6878714196637964,0.7211474497428627,0.5283385255440497,False
CCLE,1,8,0.7000000000000001,0.6852764333386021,0.7246140907420425,0.5310724658487912,False
CCLE,1,8,0.8,0.681881121000358,0.7291370669711037,0.5346853006197967,False
CCLE,1,8,0.9,0.6777473428110452,0.7346965578564245,0.5392580446150377,False
CCLE,1,8,1.0,0.6729407487413279,0.7412689001704627,0.5446177142890247,False
CCLE,1,9,0.0,0.696522962015395,0.7204540754065302,0.5326609243071575,False
CCLE,1,9,0.1,0.6996725969242865,0.7172463355844515,0.530304272152853,False
CCLE,1,9,0.2,0.7016634802678687,0.7153201524252647,0.5289602005922934,False
CCLE,1,9,0.3,0.7025142404152167,0.7146853158444731,0.5286743531019215,True
CCLE,1,9,0.4,0.7022593182547967,0.7153446212731972,0.5294178668774447,False
CCLE,1,9,0.5,0.7009472180593852,0.7172938106576983,0.5313498564895436,False
CCLE,1,9,0.6000000000000001,0.6986383368804931,0.720521705776372,0.5343172458046206,False
CCLE,1,9,0.7000000000000001,0.6954025342028384,0.7250105244004006,0.5383363916958144,False
CCLE,1,9,0.8,0.6913166030557119,0.7307363588022933,0.5433037454191474,False
CCLE,1,9,0.9,0.6864617881086399,0.7376697874343334,0.5491717772558141,False
CCLE,1,9,1.0,0.6809214699587697,0.7457765850073806,0.555899542281974,False
CCLE,1,10,0.0,0.6951223276853247,0.7230303706577086,0.5298658727090662,False
CCLE,1,10,0.1,0.6983090372048701,0.7198255352241734,0.5270137457366422,False
CCLE,1,10,0.2,0.7002676423263148,0.7179747035448855,0.5253743060429675,False
CCLE,1,10,0.3,0.7010142150615165,0.7174878839944652,0.5248752840052759,True
CCLE,1,10,0.4,0.700582976747284,0.7183672220039228,0.5256294679846052,False
CCLE,1,10,0.5,0.699024422162727,0.7206069549720273,0.5274310905374928,False
CCLE,1,10,0.6000000000000001,0.6964029012906185,0.7241935984774506,0.5302774795617988,False
CCLE,1,10,0.7000000000000001,0.6927938540181058,0.7291063499679916,0.5343474757458141,False
CCLE,1,10,0.8,0.6882808958826458,0.7353176820336683,0.5395825630295235,False
CCLE,1,10,0.9,0.6829529356923748,0.7427940867132998,0.5458811373453435,False
CCLE,1,10,1.0,0.6769014742968336,0.7514969259959414,0.5532010618995168,False
CCLE,2,1,0.0,0.6907646565216409,0.7301524666948586,0.5316780528478329,False
CCLE,2,1,0.1,0.6930110907644595,0.7278617190492942,0.5293002265121667,False
CCLE,2,1,0.2,0.6942434341651536,0.7267341403111164,0.5279981313247829,False
CCLE,2,1,0.3,0.6944761240654704,0.7267749640421701,0.5277728685620674,True
CCLE,2,1,0.4,0.6937359128724737,0.7279838373084736,0.5287041462917575,False
CCLE,2,1,0.5,0.6920607189800734,0.73035483260936,0.5306394275209607,False
CCLE,2,1,0.6000000000000001,0.6894981646937743,0.7338765909407211,0.5335710399823178,False
CCLE,2,1,0.7000000000000001,0.6861038973933778,0.7385325880899241,0.537423999435189,False
CCLE,2,1,0.8,0.6819397943384862,0.7443015099605456,0.5420723168422146,False
CCLE,2,1,0.9,0.6770721469052035,0.7511577177499891,0.5476575126813291,False
CCLE,2,1,1.0,0.6715699084209549,0.7590717805208502,0.5541560246619128,False
CCLE,2,2,0.0,0.6920860403782134,0.7195815626438649,0.5300850592740514,False
CCLE,2,2,0.1,0.6952782950368563,0.7164199646624322,0.5274537207465164,False
CCLE,2,2,0.2,0.697357258682234,0.7144623901343955,0.5257131908662297,False
CCLE,2,2,0.3,0.6983390861181766,0.7137185968229214,0.5250693728834744,True
CCLE,2,2,0.4,0.6982547760989555,0.7141921113331987,0.5255597585255405,False
CCLE,2,2,0.5,0.697148643476203,0.7158801438582729,0.5272669009208968,False
CCLE,2,2,0.6000000000000001,0.6950763879219931,0.7187736680223649,0.5298649831464173,False
CCLE,2,2,0.7000000000000001,0.6921029001335601,0.7228576606165265,0.5335261298917754,False
CCLE,2,2,0.8,0.688299949500491,0.7281114865386576,0.5381070169650047,False
CCLE,2,2,0.9,0.6837438866028822,0.7345094063616289,0.5436490062927011,False
CCLE,2,2,1.0,0.6785134730410487,0.7420211783900305,0.550115254422635,False
CCLE,2,3,0.0,0.6921720112139393,0.7271550896839688,0.5347617930969368,False
CCLE,2,3,0.1,0.6953893411959085,0.7238792574069601,0.5320989126894633,False
CCLE,2,3,0.2,0.6973738425942105,0.7219799440055391,0.5305975860004689,False
CCLE,2,3,0.3,0.698140409029639,0.7214681160383665,0.5303982592629876,True
CCLE,2,3,0.4,0.6977223334782792,0.7223466710707388,0.5314741039834399,False
CCLE,2,3,0.5,0.6961695097055747,0.7246103557284538,0.5337560951284597,False
CCLE,2,3,0.6000000000000001,0.6935460591398616,0.728245924134582,0.5371675389471842,False
CCLE,2,3,0.7000000000000001,0.6899275741297191,0.7332325255865164,0.5417523827505235,False
CCLE,2,3,0.8,0.685398177266894,0.7395422952070094,0.5474329056133254,False
CCLE,2,3,0.9,0.6800475840785608,0.747141109334435,0.5540697105649612,False
CCLE,2,3,1.0,0.6739683278756168,0.7559894597778426,0.5616424922159212,False
CCLE,2,4,0.0,0.6982426898283383,0.7152973006397525,0.527731110493613,False
CCLE,2,4,0.1,0.7013083050104709,0.712267578803231,0.5251824989903221,False
CCLE,2,4,0.2,0.7032155298980584,0.7105093334071728,0.5236104138160501,False
CCLE,2,4,0.3,0.7039863073517931,0.7100314328000326,0.523149020206653,True
CCLE,2,4,0.4,0.7036579534511631,0.7108358006762587,0.5237568781628652,False
CCLE,2,4,0.5,0.7022813538200212,0.7129173815650314,0.5255214236262715,False
CCLE,2,4,0.6000000000000001,0.6999187739497363,0.7162642962773711,0.5284131793836383,False
CCLE,2,4,0.7000000000000001,0.6966414398228017,0.7208581764098725,0.5324003182076503,False
CCLE,2,4,0.8,0.6925270428263958,0.7266746563405502,0.5374233061175098,False
CCLE,2,4,0.9,0.6876573068566947,0.7336839929312258,0.5432545363393528,False
CCLE,2,4,1.0,0.6821157298383261,0.7418517780488033,0.5500615307950223,False
CCLE,2,5,0.0,0.6855483062524036,0.7315703251591348,0.537977233876826,False
CCLE,2,5,0.1,0.6879834643891044,0.7290978549086375,0.535485551228035,False
CCLE,2,5,0.2,0.6894173286467866,0.7277401236554504,0.5338698615290283,False
CCLE,2,5,0.3,0.6898578344731099,0.7275035728939394,0.5332191603876156,True
CCLE,2,5,0.4,0.6893254829713621,0.7283894236818134,0.5335146773830901,False
CCLE,2,5,0.5,0.687852418426752,0.7303936438260685,0.5347736314516175,False
CCLE,2,5,0.6000000000000001,0.6854811468031851,0.7335070388974202,0.5368612150658126,False
CCLE,2,5,0.7000000000000001,0.6822629838253643,0.7377154623387955,0.5399272196800322,False
CCLE,2,5,0.8,0.6782563312210569,0.7430001335376588,0.5439501980529894,False
CCLE,2,5,0.9,0.673524880165314,0.74933804738808,0.5489463427800415,False
CCLE,2,5,1.0,0.6681358331840432,0.7567024550378462,0.5547278340132655,False
CCLE,2,6,0.0,0.6888606644153941,0.7244672205038658,0.5327447955007524,False
CCLE,2,6,0.1,0.6915834783639375,0.7217852852631855,0.5301850329776565,False
CCLE,2,6,0.2,0.6931658421420822,0.7203669237996333,0.5288435366836912,False
CCLE,2,6,0.3,0.6936236447524203,0.7202194811195651,0.5286382207300921,True
CCLE,2,6,0.4,0.6929885162200783,0.7213435657437525,0.5295186421959278,False
CCLE,2,6,0.5,0.6913062794142506,0.7237330388301377,0.531587145213549,False
CCLE,2,6,0.6000000000000001,0.6886349467721464,0.7273751822311535,0.5347156191025761,False
CCLE,2,6,0.7000000000000001,0.68504241174401,0.7322510347577184,0.5388316270371194,False
CCLE,2,6,0.8,0.6806039911422908,0.7383358761124639,0.5438514696519303,False
CCLE,2,6,0.9,0.6753999653905554,0.7455998303714407,0.5497986060881522,False
CCLE,2,6,1.0,0.6695132424553915,0.754008556163215,0.5565950048184389,False
CCLE,2,7,0.0,0.6841243081904201,0.7316629947272099,0.5347642808350018,False
CCLE,2,7,0.1,0.686688422951266,0.7290671856760482,0.5324762229979634,False
CCLE,2,7,0.2,0.6881651570220606,0.7276896001818124,0.5312338812637175,False
CCLE,2,7,0.3,0.6885635580610727,0.7275368662694717,0.5311328816658446,True
CCLE,2,7,0.4,0.6879076185130829,0.7286094072797343,0.5320407873848125,False
CCLE,2,7,0.5,0.6862351207480405,0.7309014402515704,0.5340053963835248,False
CCLE,2,7,0.6000000000000001,0.6835960126064681,0.7344011312691283,0.5369545609433016,False
CCLE,2,7,0.7000000000000001,0.6800504357190078,0.7390908981073174,0.5409090092328668,False
CCLE,2,7,0.8,0.6756665431947002,0.7449478423699751,0.5458941495588737,False
CCLE,2,7,0.9,0.6705182430231134,0.7519442870240605,0.5519001851283007,False
CCLE,2,7,1.0,0.6646829908481141,0.7600483912775686,0.5586642479877508,False
CCLE,2,8,0.0,0.6889610660078885,0.7256454969737874,0.5311032292259937,False
CCLE,2,8,0.1,0.6921607339002899,0.7223529053618385,0.5283094806890439,False
CCLE,2,8,0.2,0.6943660420482978,0.7201639493561268,0.5264599407928803,False
CCLE,2,8,0.3,0.6955790486538828,0.7190883684296325,0.5256833639294658,False
CCLE,2,8,0.4,0.6958143491530501,0.7191307446074537,0.5258215647203064,True
CCLE,2,8,0.5,0.6950983503162376,0.720290405807446,0.5269518270243461,False
CCLE,2,8,0.6000000000000001,0.6934681690629948,0.7225614535705551,0.5291010615396903,False
CCLE,2,8,0.7000000000000001,0.6909702333768653,0.7259329129694524,0.5321633305204566,False
CCLE,2,8,0.8,0.6876586760559178,0.7303889958563198,0.5361028777741511,False
CCLE,2,8,0.9,0.6835936163779571,0.7359094629108213,0.5409094671447202,False
CCLE,2,8,1.0,0.6788394207579158,0.7424700656666408,0.5465512347614017,False
CCLE,2,9,0.0,0.6873102499189111,0.7298117976781613,0.5318019745428268,False
CCLE,2,9,0.1,0.6903329831445851,0.726950994938034,0.5287472965149603,False
CCLE,2,9,0.2,0.6921511913659705,0.7254480359451657,0.5271729909816611,False
CCLE,2,9,0.3,0.6927903532210189,0.7253099917148844,0.5269000915219738,True
CCLE,2,9,0.4,0.6922928668673677,0.726535805565339,0.5277517330596245,False
CCLE,2,9,0.5,0.6907158398225274,0.7291163699127562,0.5297423308430778,False
CCLE,2,9,0.6000000000000001,0.688128456886141,0.7330348457380187,0.5328126748308413,False
CCLE,2,9,0.7000000000000001,0.684609126852855,0.7382671995977157,0.5370003444194958,False
CCLE,2,9,0.8,0.6802425984982217,0.7447829194421365,0.5423945685471503,False
CCLE,2,9,0.9,0.6751172088804049,0.7525458617256655,0.5488260304235306,False
CCLE,2,9,1.0,0.6693223890466715,0.761515178849987,0.5561940749704204,False
CCLE,2,10,0.0,0.6890599681228864,0.7245479441588543,0.5321562106473836,False
CCLE,2,10,0.1,0.6924260510970358,0.7212487513598381,0.5296566211688951,False
CCLE,2,10,0.2,0.6944768337094664,0.7194159695628122,0.5283692774523822,False
CCLE,2,10,0.3,0.6952413076765571,0.7190606933429399,0.5282643485087417,True
CCLE,2,10,0.4,0.6947685476050232,0.7201848330871831,0.5293616206224538,False
CCLE,2,10,0.5,0.693124932459919,0.7227810635314215,0.5316022533595804,False
CCLE,2,10,0.6000000000000001,0.6903908343116909,0.7268330613239016,0.5351994749171578,False
CCLE,2,10,0.7000000000000001,0.6866570471827016,0.7323160138375427,0.5399851469269332,False
CCLE,2,10,0.8,0.6820212116923712,0.7391973628166106,0.5458801214770223,False
CCLE,2,10,0.9,0.6765844495001236,0.7474377323918133,0.5529306400642686,False
CCLE,2,10,1.0,0.6704483657740844,0.7569919828809148,0.5610485661344178,False
CCLE,3,1,0.0,0.6899122651792499,0.7284978132048859,0.5370868510323896,False
CCLE,3,1,0.1,0.6925779741841973,0.7258820868597583,0.5345926984590942,False
CCLE,3,1,0.2,0.6940395407476815,0.7246003235592884,0.5332224427249168,False
CCLE,3,1,0.3,0.6943284492411166,0.7246593710144436,0.5328768137347408,True
CCLE,3,1,0.4,0.6934923109329671,0.726058722357622,0.5336899493400438,False
CCLE,3,1,0.5,0.6915925391290239,0.728790535440051,0.5357161229004549,False
CCLE,3,1,0.6000000000000001,0.6887016761439456,0.7328398493088768,0.5389990107540616,False
CCLE,3,1,0.7000000000000001,0.6849005622703839,0.7381849841789141,0.5434090506567637,False
CCLE,3,1,0.8,0.680275522142882,0.7447981006367602,0.5487269988131894,False
CCLE,3,1,0.9,0.6749157150243839,0.7526458858035268,0.5549770252212443,False
CCLE,3,1,1.0,0.6689107586840316,0.7616903293683462,0.5621804502172438,False
CCLE,3,2,0.0,0.6916627666916905,0.7236858306986951,0.5316399709461022,False
CCLE,3,2,0.1,0.6945775277681902,0.7207362859933706,0.5293902418700209,False
CCLE,3,2,0.2,0.6964693994727585,0.7189147852168859,0.5280314514944567,False
CCLE,3,2,0.3,0.6973481559176168,0.7182299542399857,0.5278100584771701,True
CCLE,3,2,0.4,0.6972363186679846,0.7186850777924254,0.5285230599858053,False
CCLE,3,2,0.5,0.6961681179294772,0.7202780205805311,0.5301051582873824,False
CCLE,3,2,0.6000000000000001,0.6941881063530955,0.7230012766853754,0.5326367819202604,False
CCLE,3,2,0.7000000000000001,0.6913495197943221,0.7268421446227709,0.5361224724713125,False
CCLE,3,2,0.8,0.6877124869328146,0.7317830186591072,0.5403568746594286,False
CCLE,3,2,0.9,0.6833421878235744,0.7378017810858674,0.5456258437922984,False
CCLE,3,2,1.0,0.6783070517145365,0.7448722756802061,0.5519127767456602,False
CCLE,3,3,0.0,0.6828712207807099,0.727544653381589,0.5304367541208667,False
CCLE,3,3,0.1,0.6859781652427845,0.7244764476025681,0.5279267220207124,False
CCLE,3,3,0.2,0.6878459104637955,0.7227541965057045,0.5264331792085346,False
CCLE,3,3,0.3,0.6884893371722518,0.7223867922965396,0.5262117509464737,True
CCLE,3,3,0.4,0.6879423376647265,0.7233755224883877,0.5271121347165655,False
CCLE,3,3,0.5,0.6862559703602613,0.7257140551270971,0.529142445454953,False
CCLE,3,3,0.6000000000000001,0.6834959914754952,0.7293886368193324,0.5322520515011581,False
CCLE,3,3,0.7000000000000001,0.6797399689141566,0.7343784894574696,0.5365832267839507,False
CCLE,3,3,0.8,0.6750741951301346,0.7406563795679983,0.5419780806293449,False
CCLE,3,3,0.9,0.6695906031953756,0.7481893252413616,0.5484199508784442,False
CCLE,3,3,1.0,0.6633838591161096,0.7569394003400425,0.5558970571039759,False
CCLE,3,4,0.0,0.6832788380573739,0.7311473032342762,0.5328926548975301,False
CCLE,3,4,0.1,0.6860326308257829,0.7285168092153242,0.5306255899953035,False
CCLE,3,4,0.2,0.6876745097894956,0.7271235415950112,0.5292502707635414,False
CCLE,3,4,0.3,0.6882244323706589,0.7269737808087745,0.5289164749627275,True
CCLE,3,4,0.4,0.6877171641118373,0.7280670424428042,0.5296017188486566,False
CCLE,3,4,0.5,0.6862006248158209,0.7303961218783931,0.531235702424081,False
CCLE,3,4,0.6000000000000001,0.6837338417241305,0.733947326449815,0.5338701987130154,False
CCLE,3,4,0.7000000000000001,0.680384657865244,0.7387008780739326,0.5376264780549647,False
CCLE,3,4,0.8,0.6762273449524584,0.7446314591618233,0.5423431582330243,False
CCLE,3,4,0.9,0.6713402572713749,0.751708867688064,0.547924096449165,False
CCLE,3,4,1.0,0.6658036396569951,0.7598987440186029,0.5544685749864134,False
CCLE,3,5,0.0,0.6841218948221326,0.7332378736925935,0.5347501802621253,False
CCLE,3,5,0.1,0.686573491384725,0.7308186532483167,0.5328402518586094,False
CCLE,3,5,0.2,0.6878496282586604,0.7297261446607759,0.531965319557546,False
CCLE,3,5,0.3,0.6879674568340898,0.7299658951688169,0.5321959647800873,True
CCLE,3,5,0.4,0.6869612143023252,0.7315358766412483,0.5334763167489245,False
CCLE,3,5,0.5,0.6848804599671198,0.7344265641848636,0.5357642689154577,False
CCLE,3,5,0.6000000000000001,0.6817877991535972,0.7386212298321005,0.5391562552182547,False
CCLE,3,5,0.7000000000000001,0.6777562756872861,0.7440964300935052,0.5436738746604733,False
CCLE,3,5,0.8,0.6728666182542751,0.7508226544301744,0.5492075836247278,False
CCLE,3,5,0.9,0.6672045112951256,0.7587650939028141,0.5557530616440486,False
CCLE,3,5,1.0,0.6608580325522897,0.7678844858634644,0.5633616102026502,False
CCLE,3,6,0.0,0.6907862677935763,0.7246924348133013,0.5346394215930076,False
CCLE,3,6,0.1,0.6931028456767561,0.7224284311270422,0.5322155944757612,False
CCLE,3,6,0.2,0.6942112290599901,0.7214976444255804,0.5309136906209497,True
CCLE,3,6,0.3,0.6941336365269513,0.721905161622322,0.5308302109076165,False
CCLE,3,6,0.4,0.692909631358791,0.7236485741984701,0.5319001054897697,False
CCLE,3,6,0.5,0.6905941469805337,0.7267180487971623,0.5342125407325781,False
CCLE,3,6,0.6000000000000001,0.6872550208964425,0.7310966031776129,0.5376458236827087,False
CCLE,3,6,0.7000000000000001,0.6829702269524871,0.7367605696482321,0.5420043704637034,False
CCLE,3,6,0.8,0.677824996600845,0.7436802170329717,0.5474922084926312,False
CCLE,3,6,0.9,0.6719090018111725,0.751820494336134,0.5539916006485781,False
CCLE,3,6,1.0,0.6653137407817166,0.7611418551480575,0.5614334221282778,False
CCLE,3,7,0.0,0.6840491142008588,0.7304824576435427,0.5353833307666875,False
CCLE,3,7,0.1,0.6869560446453795,0.7276277913637209,0.5331502964980214,False
CCLE,3,7,0.2,0.6886809575606588,0.7260813430666065,0.5320848673429688,False
CCLE,3,7,0.3,0.6892383714975663,0.7258514727883487,0.5321806000723871,True
CCLE,3,7,0.4,0.6886599437498088,0.7269393320312769,0.5334261583601437,False
CCLE,3,7,0.5,0.6869928611320532,0.7293388344212578,0.535769798674649,False
CCLE,3,7,0.6000000000000001,0.684297697432893,0.7330368257156885,0.5392117250902683,False
CCLE,3,7,0.7000000000000001,0.6806459042410056,0.7380134421507195,0.543721219916919,False
CCLE,3,7,0.8,0.6761171128650089,0.744242634607665,0.5492087294706162,False
CCLE,3,7,0.9,0.67079641732364,0.7516928270762809,0.5557360210394852,False
CCLE,3,7,1.0,0.6647717856257781,0.7603276722036374,0.5630711992362716,False
CCLE,3,8,0.0,0.6948810181334245,0.7229035323773345,0.5314451960494709,False
CCLE,3,8,0.1,0.6979985475847336,0.7198785081490683,0.5288830959378396,False
CCLE,3,8,0.2,0.6999975503782923,0.718075358882931,0.5272540070308789,False
CCLE,3,8,0.3,0.7008988233953521,0.717502830034449,0.5267945961568564,True
CCLE,3,8,0.4,0.7007376882979152,0.7181631903569923,0.527479938040224,False
CCLE,3,8,0.5,0.6995622665907016,0.7200521898733435,0.5293039124884736,False
CCLE,3,8,0.6000000000000001,0.6974314052293653,0.7231591933461399,0.5322243663548076,False
CCLE,3,8,0.7000000000000001,0.6944123997879899,0.7274674797056997,0.5362542944633725,False
CCLE,3,8,0.8,0.6905786579921668,0.732954687964811,0.5411614623944319,False
CCLE,3,8,0.9,0.6860074298695996,0.7395933824559358,0.5469436949444842,False
CCLE,3,8,1.0,0.680777705948121,0.747351705414385,0.5536425013363122,False
CCLE,3,9,0.0,0.6845003969056617,0.725858200231966,0.5335616393321305,False
CCLE,3,9,0.1,0.6880411380216142,0.7223348863125724,0.5303269655060265,False
CCLE,3,9,0.2,0.6904791361402379,0.7200194071079788,0.5281399597376398,False
CCLE,3,9,0.3,0.6918238880381683,0.7189236669470991,0.5270489303373624,False
CCLE,3,9,0.4,0.692100213548603,0.7190529934769667,0.5269914564569309,True
CCLE,3,9,0.5,0.6913468541852371,0.7204059964427214,0.528047068582136,False
CCLE,3,9,0.6000000000000001,0.6896146221685849,0.7229746205975649,0.530084366559934,False
CCLE,3,9,0.7000000000000001,0.686964246396724,0.7267443885248036,0.533127369050654,False
CCLE,3,9,0.8,0.683464067014327,0.7316948162037002,0.5371760018834564,False
CCLE,3,9,0.9,0.6791877199431655,0.7377999733793138,0.5420197211570978,False
CCLE,3,9,1.0,0.6742119310194363,0.745029153376176,0.5477343314892991,False
CCLE,3,10,0.0,0.6931017597422772,0.7250070003101681,0.5300864373352295,False
CCLE,3,10,0.1,0.6958541731579367,0.7222330689464338,0.5278087758969604,False
CCLE,3,10,0.2,0.6973169939124657,0.7209090870390471,0.5266772051375379,False
CCLE,3,10,0.3,0.6975111061489214,0.7210429578792319,0.526781611699462,True
CCLE,3,10,0.4,0.6964772117208915,0.7226336719743437,0.5280918814583144,False
CCLE,3,10,0.5,0.6942737004033354,0.7256713427911581,0.5305804819947768,False
CCLE,3,10,0.6000000000000001,0.6909738902339486,0.7301375130093942,0.5341515999868713,False
CCLE,3,10,0.7000000000000001,0.6866628633126268,0.7360057093369429,0.5387534794973746,False
CCLE,3,10,0.8,0.6814341308070428,0.7432422075903357,0.5445534254085691,False
CCLE,3,10,0.9,0.6753863437416003,0.7518069580553253,0.5515505597584218,False
CCLE,3,10,1.0,0.6686202297042789,0.7616546151105403,0.5596090483545508,False
CCLE,4,1,0.0,0.6843728103374539,0.7279784056493297,0.5339907125154666,False
CCLE,4,1,0.1,0.6875151531138676,0.7248480704906151,0.5315913515273015,False
CCLE,4,1,0.2,0.6896793993035456,0.722786185444504,0.5301049152914971,False
CCLE,4,1,0.3,0.6908721876804307,0.7218015548536284,0.5295635389221598,False
CCLE,4,1,0.4,0.6911121293911651,0.721898166434679,0.5299949880326641,True
CCLE,4,1,0.5,0.6904289009200493,0.7230751112945963,0.5312943238980246,False
CCLE,4,1,0.6000000000000001,0.6888620137670314,0.7253266155448675,0.5334137233773386,False
CCLE,4,1,0.7000000000000001,0.6864593453256375,0.7286421812486672,0.5363801071521384,False
CCLE,4,1,0.8,0.6832755223283818,0.7330068287455573,0.5401471102853386,False
CCLE,4,1,0.9,0.6793702467680212,0.7384014275058005,0.5446890416959176,False
CCLE,4,1,1.0,0.6748066457958368,0.7448030989733614,0.550026310262414,False
CCLE,4,2,0.0,0.6876963641851123,0.7257161383672034,0.5321267301644268,False
CCLE,4,2,0.1,0.6909796169807586,0.722430576995331,0.5291335003119769,False
CCLE,4,2,0.2,0.693175968905415,0.7203485410407902,0.5271373506750058,False
CCLE,4,2,0.3,0.6942954402633077,0.7194799697813166,0.5262035357336379,False
CCLE,4,2,0.4,0.6943628707814444,0.7198283863327715,0.526312024515285,True
CCLE,4,2,0.5,0.6934165983465954,0.7213908277779729,0.5274620126258429,False
CCLE,4,2,0.6000000000000001,0.6915067030363169,0.7241579550092802,0.5297470417829299,False
CCLE,4,2,0.7000000000000001,0.6886929521198292,0.7281143334626661,0.5329937740861693,False
CCLE,4,2,0.8,0.6850425882788187,0.7332388652143514,0.5370953640719309,False
CCLE,4,2,0.9,0.6806280954752217,0.7395053446042145,0.5420487647792112,False
CCLE,4,2,1.0,0.6755250580365229,0.746883104380009,0.5478308856394607,False
CCLE,4,3,0.0,0.6908364311968493,0.7282867709280724,0.5366778380006594,False
CCLE,4,3,0.1,0.6940828298960802,0.7250392527402812,0.5338264937772845,False
CCLE,4,3,0.2,0.6961738947657098,0.7230827848650986,0.5320064768439262,False
CCLE,4,3,0.3,0.6971244665268188,0.7224276715378098,0.5312423047232225,True
CCLE,4,3,0.4,0.6969653241129621,0.7230772344851746,0.5315363155458506,False
CCLE,4,3,0.5,0.6957416154388124,0.725027729102997,0.5330029228196335,False
CCLE,4,3,0.6000000000000001,0.6935108383213874,0.7282684512980844,0.5354915853013569,False
CCLE,4,3,0.7000000000000001,0.6903405215967415,0.7327820279768537,0.5391578931536413,False
CCLE,4,3,0.8,0.6863057614098989,0.7385448730582409,0.5439381422087398,False
CCLE,4,3,0.9,0.6814867576798977,0.7455277817816454,0.5497269319580649,False
CCLE,4,3,1.0,0.6759664743952737,0.753696629814552,0.5565442246614456,False
CCLE,4,4,0.0,0.6829396466452777,0.7350231640420193,0.5378922748047037,False
CCLE,4,4,0.1,0.6854596151371498,0.732545994961835,0.535391825531829,False
CCLE,4,4,0.2,0.6868831288998001,0.7312915546610068,0.5338635099648006,False
CCLE,4,4,0.3,0.6872262359208198,0.7312647894778431,0.5333902521779913,True
CCLE,4,4,0.4,0.6865201634525067,0.7324639105860815,0.5341357345729718,False
CCLE,4,4,0.5,0.6848096950522308,0.7348804881292815,0.5357625554987169,False
CCLE,4,4,0.6000000000000001,0.6821511196102189,0.7384997342956368,0.5384491252309053,False
CCLE,4,4,0.7000000000000001,0.6786099146835939,0.7433009538713202,0.5422245311180616,False
CCLE,4,4,0.8,0.6742583263524343,0.7492581308248121,0.5470404590459355,False
CCLE,4,4,0.9,0.6691729914287314,0.756340613326117,0.5527770587454203,False
CCLE,4,4,1.0,0.6634327202929635,0.7645138575795837,0.5594864688694867,False
CCLE,4,5,0.0,0.6961598511561539,0.7204333485873531,0.5298853643460564,False
CCLE,4,5,0.1,0.698847416506244,0.7177134844193106,0.5274986305042922,False
CCLE,4,5,0.2,0.700345494457704,0.7163229136204045,0.5261056225520374,False
CCLE,4,5,0.3,0.7006714230835507,0.7162690826149306,0.5257726580769283,True
CCLE,4,5,0.4,0.6998598022497591,0.7175519076057825,0.5266534366157769,False
CCLE,4,5,0.5,0.697960740250234,0.7201637876549384,0.5287053864605984,False
CCLE,4,5,0.6000000000000001,0.6950375676335384,0.7240898292261173,0.531785612782703,False
CCLE,4,5,0.7000000000000001,0.6911642002237504,0.7293082668264628,0.5360089860104691,False
CCLE,4,5,0.8,0.6864223411878677,0.7357910524296384,0.5412632352150111,False
CCLE,4,5,0.9,0.6808986994846524,0.7435045775387319,0.5474843104218861,False
CCLE,4,5,1.0,0.6746823740232204,0.7524104867649813,0.5547968150993441,False
CCLE,4,6,0.0,0.6853829901030922,0.7232051051590759,0.5319517079247346,False
CCLE,4,6,0.1,0.6888783445209722,0.7197430094892742,0.5292278655826944,False
CCLE,4,6,0.2,0.6910743983900097,0.7176761491779047,0.5276220146856276,False
CCLE,4,6,0.3,0.6919828587105304,0.7170162829973347,0.5272359656995912,True
CCLE,4,6,0.4,0.691636349863867,0.7177667695849367,0.5280640550886944,False
CCLE,4,6,0.5,0.6900865087932738,0.7199224797305994,0.5301321301698092,False
CCLE,4,6,0.6000000000000001,0.6874013542360216,0.7234699663480715,0.5333401987746418,False
CCLE,4,6,0.7000000000000001,0.6836621574674456,0.7283878793354035,0.5376695660930068,False
CCLE,4,6,0.8,0.6789600588944023,0.7346475959785288,0.5430570897154123,False
CCLE,4,6,0.9,0.6733926635106814,0.7422140246520572,0.5493889864809928,False
CCLE,4,6,1.0,0.6670608147231223,0.7510465315909152,0.5567732661489464,False
CCLE,4,7,0.0,0.6869255062266933,0.7329002541363523,0.5369517824349586,False
CCLE,4,7,0.1,0.6891359632056656,0.730785924472329,0.5348491319851967,False
CCLE,4,7,0.2,0.6902066055209821,0.7299767950123133,0.533835905374362,True
CCLE,4,7,0.3,0.690159752416076,0.730476885003011,0.5339583622523778,False
CCLE,4,7,0.4,0.6890332783913913,0.7322829308283827,0.5352654799271528,False
CCLE,4,7,0.5,0.6868787899332501,0.7353844907646525,0.5376052306625756,False
CCLE,4,7,0.6000000000000001,0.6837593886590059,0.7397642506089378,0.5410038411787507,False
CCLE,4,7,0.7000000000000001,0.6797471880977582,0.7453985091845432,0.5454633646423115,False
CCLE,4,7,0.8,0.6749207494601621,0.752257812078121,0.5508188776002771,False
CCLE,4,7,0.9,0.6693625841416452,0.7603076949799344,0.557110109817074,False
CCLE,4,7,1.0,0.6631568422734372,0.7695094950983521,0.5641700361582188,False
CCLE,4,8,0.0,0.677992200226043,0.737891848645928,0.5449195748797034,False
CCLE,4,8,0.1,0.6807891158599254,0.7351254699745953,0.5427685791473411,False
CCLE,4,8,0.2,0.6825040030567179,0.7335543758641012,0.5416281653216631,False
CCLE,4,8,0.3,0.6831490244653372,0.7331858936090294,0.5414597466445554,True
CCLE,4,8,0.4,0.682751209818058,0.7340213333568999,0.5423961750200705,False
CCLE,4,8,0.5,0.6813511152759103,0.7360559671471255,0.5442716671693765,False
CCLE,4,8,0.6000000000000001,0.6790010336535578,0.7392791609894791,0.5472019598456009,False
CCLE,4,8,0.7000000000000001,0.6757628921988396,0.7436746515159955,0.5511808963635425,False
CCLE,4,8,0.8,0.6717059839478645,0.7492209506164523,0.5561866933118209,False
CCLE,4,8,0.9,0.6669046727661694,0.7558918551015185,0.5620830164667492,False
CCLE,4,8,1.0,0.6614361940565889,0.7636570343439038,0.5688468868872921,False
CCLE,4,9,0.0,0.6874684056099286,0.7292760738121222,0.5318827568058943,False
CCLE,4,9,0.1,0.6897037606729052,0.726957366559237,0.5300452641781811,False
CCLE,4,9,0.2,0.6908507847959158,0.7258838371631178,0.5292731805283797,False
CCLE,4,9,0.3,0.6909212700206925,0.7260609526501114,0.5294723806973874,True
CCLE,4,9,0.4,0.6899415714097328,0.7274875553345053,0.5307178935445919,False
CCLE,4,9,0.5,0.6879514112032933,0.7301558966067913,0.5330030215724445,False
CCLE,4,9,0.6000000000000001,0.6850022515185696,0.7340518460144029,0.5361491446763947,False
CCLE,4,9,0.7000000000000001,0.681155350998329,0.7391552626213818,0.5403979627290909,False
CCLE,4,9,0.8,0.6764796323637471,0.7454405062062328,0.5457340981493497,False
CCLE,4,9,0.9,0.671049486947429,0.752877058822682,0.5519262027554432,False
CCLE,4,9,1.0,0.6649426306947357,0.7614302231721484,0.5590094753292034,False
CCLE,4,10,0.0,0.6994168251979653,0.7149986655767728,0.5292998515379241,False
CCLE,4,10,0.1,0.7033330553401121,0.710978895261302,0.5255715545286126,False
CCLE,4,10,0.2,0.706120522999409,0.7081957518849205,0.5230665871595906,False
CCLE,4,10,0.3,0.7077912514080382,0.7066637713529712,0.5216954068512767,False
CCLE,4,10,0.4,0.7083723723110845,0.7063910301146313,0.5215477152325116,True
CCLE,4,10,0.5,0.7079046872834711,0.7073789345584948,0.5224966523381886,False
CCLE,4,10,0.6000000000000001,0.7064408155026219,0.7096221852804063,0.5244161435569785,False
CCLE,4,10,0.7000000000000001,0.704043064220883,0.7131089183170259,0.5273147631236922,False
CCLE,4,10,0.8,0.7007811621237293,0.717821014641331,0.5313048519122762,False
CCLE,4,10,0.9,0.6967299865209725,0.7237345593732669,0.5362360105931542,False
CCLE,4,10,1.0,0.6919673961230862,0.7308204242812011,0.5420276934993276,False
CCLE,5,1,0.0,0.6938251219695649,0.7185174701940561,0.5270473916666973,False
CCLE,5,1,0.1,0.6968435419243593,0.7154116079639431,0.5244724812147,False
CCLE,5,1,0.2,0.6988406862025338,0.7134283101775545,0.5227606691548623,False
CCLE,5,1,0.3,0.6998243618003511,0.7125764171267803,0.522052383715008,True
CCLE,5,1,0.4,0.699815302981167,0.7128594808122216,0.522315256826998,False
CCLE,5,1,0.5,0.698846174941569,0.7142756942984894,0.5235373040134114,False
CCLE,5,1,0.6000000000000001,0.696960210976327,0.7168179455263675,0.5257887565568217,False
CCLE,5,1,0.7000000000000001,0.6942095796045431,0.7204739920398604,0.5290685566692901,False
CCLE,5,1,0.8,0.6906535869325656,0.7252267468848774,0.5332681407832017,False
CCLE,5,1,0.9,0.6863568181808255,0.7310546606807339,0.5383700860223974,False
CCLE,5,1,1.0,0.6813873124229549,0.7379321809626938,0.5442370052143566,False
CCLE,5,2,0.0,0.6852043974460753,0.7304465492447539,0.5369794349637562,False
CCLE,5,2,0.1,0.6874934742542176,0.7282251264634377,0.5348300667414729,False
CCLE,5,2,0.2,0.6886979263142159,0.7272036345060503,0.5336724690509568,False
CCLE,5,2,0.3,0.6888367335961172,0.7273866323004906,0.5336453973666904,True
CCLE,5,2,0.4,0.687943211038137,0.7287725952069326,0.5346449682476362,False
CCLE,5,2,0.5,0.6860634628823697,0.7313539689200623,0.5366717766420639,False
CCLE,5,2,0.6000000000000001,0.6832544471855371,0.7351173750063648,0.5397889807512773,False
CCLE,5,2,0.7000000000000001,0.6795817922017234,0.7400439551358504,0.5439191624145547,False
CCLE,5,2,0.8,0.6751175087428486,0.7461098336507566,0.5488978932562761,False
CCLE,5,2,0.9,0.6699377309680082,0.7532866728152975,0.554798991638038,False
CCLE,5,2,1.0,0.6641205960407003,0.7615422922470053,0.561615370972802,False
CCLE,5,3,0.0,0.6830664553538967,0.7329762974758254,0.5341094020418468,False
CCLE,5,3,0.1,0.6862547211111696,0.7298927371896482,0.531680488621602,False
CCLE,5,3,0.2,0.6883598648982041,0.728004528469649,0.5302018619955298,False
CCLE,5,3,0.3,0.6893978389922496,0.7273210312084462,0.5297131616736304,False
CCLE,5,3,0.4,0.6893986332998041,0.7278456669356613,0.5301245374973098,True
CCLE,5,3,0.5,0.6884048371688429,0.7295758334190363,0.5316235984378055,False
CCLE,5,3,0.6000000000000001,0.6864698341942221,0.7325029691681963,0.5342783179330546,False
CCLE,5,3,0.7000000000000001,0.6836557568250627,0.7366127641219797,0.5379803648926874,False
CCLE,5,3,0.8,0.6800313302429185,0.7418855045162663,0.5426365068683138,False
CCLE,5,3,0.9,0.6756697258204802,0.7482965328634148,0.5482221283626538,False
CCLE,5,3,1.0,0.6706465263689988,0.7558167987694714,0.5547017721686066,False
CCLE,5,4,0.0,0.6896337180639032,0.7254108765362839,0.5325004248625411,False
CCLE,5,4,0.1,0.6921944428529978,0.7228874182783332,0.5302291786012834,False
CCLE,5,4,0.2,0.6937455895200019,0.7214968015729097,0.5289010207747722,False
CCLE,5,4,0.3,0.6943009771826739,0.7212452394323022,0.5286073149291515,True
CCLE,5,4,0.4,0.6938866900917302,0.7221333723123797,0.5292143050810347,False
CCLE,5,4,0.5,0.6925399090813151,0.7241562658760218,0.5307499857495837,False
CCLE,5,4,0.6000000000000001,0.6903074372935567,0.7273035484061071,0.5331874873203121,False
CCLE,5,4,0.7000000000000001,0.687244018378829,0.7315596789963221,0.5367254189522055,False
CCLE,5,4,0.8,0.6834105480588626,0.7369043303807682,0.5412673586446826,False
CCLE,5,4,0.9,0.6788722739531843,0.7433128647228273,0.5466219385449389,False
CCLE,5,4,1.0,0.6736970659050906,0.750756877294976,0.5526926047021509,False
CCLE,5,5,0.0,0.689834090585206,0.7236463724865343,0.5338721436741072,False
CCLE,5,5,0.1,0.6925392528969498,0.7209376822727966,0.531278893706724,False
CCLE,5,5,0.2,0.6940382582580643,0.7195643645190518,0.5299813050157185,False
CCLE,5,5,0.3,0.6943520091506138,0.7195339235724926,0.5300503103626923,True
CCLE,5,5,0.4,0.6935187262660593,0.7208463316672602,0.5311937716521264,False
CCLE,5,5,0.5,0.6915919719710564,0.7234940351446155,0.5333945944637971,False
CCLE,5,5,0.6000000000000001,0.6886381905029744,0.7274621708176683,0.5367031630358288,False
CCLE,5,5,0.7000000000000001,0.6847339562772643,0.7327289781547979,0.5410055050501438,False
CCLE,5,5,0.8,0.67996312022192,0.7392663810588405,0.5463251182927874,False
CCLE,5,5,0.9,0.674414024107824,0.7470407040604893,0.5525396106198814,False
CCLE,5,5,1.0,0.6681769202188508,0.7560134824747422,0.5596033081891209,False
CCLE,5,6,0.0,0.6881585857288519,0.73083114223792,0.5360920718324887,False
CCLE,5,6,0.1,0.6907460191874509,0.728307795173196,0.5337027795827223,False
CCLE,5,6,0.2,0.6921516285069595,0.727113202847723,0.5325923920679009,False
CCLE,5,6,0.3,0.6923955265155465,0.727253704139729,0.5326477964863995,True
CCLE,5,6,0.4,0.6915144137834854,0.7287282759843342,0.5338634960699824,False
CCLE,5,6,0.5,0.6895597730834486,0.7315285684196777,0.536192695031991,False
CCLE,5,6,0.6000000000000001,0.6865955986576072,0.7356391394622511,0.5395102084154062,False
CCLE,5,6,0.7000000000000001,0.6826958305713268,0.7410378745641332,0.5438958515553741,False
CCLE,5,6,0.8,0.6779416669853231,0.7476965645906966,0.5493945030578236,False
CCLE,5,6,0.9,0.6724189129706486,0.7555816082862286,0.5559548578185137,False
CCLE,5,6,1.0,0.6662154979600653,0.7646548006822245,0.5636290457919884,False
CCLE,5,7,0.0,0.6875173777446989,0.7283693170222734,0.536378730310248,False
CCLE,5,7,0.1,0.6906958155838174,0.725193648442646,0.5338574697898429,False
CCLE,5,7,0.2,0.6926879112141756,0.723334328481805,0.5325839955423955,False
CCLE,5,7,0.3,0.6935067023835615,0.722801001518865,0.5323008525219239,True
CCLE,5,7,0.4,0.6931827018392679,0.7235958945053269,0.5331457924680787,False
CCLE,5,7,0.5,0.6917622536894756,0.7257137729813581,0.5351720692577352,False
CCLE,5,7,0.6000000000000001,0.6893053351615407,0.7291421092316769,0.5382484017846773,False
CCLE,5,7,0.7000000000000001,0.6858829830949602,0.7338614502600412,0.5423074263911548,False
CCLE,5,7,0.8,0.6815745343038814,0.7398459607099069,0.5472735599345833,False
CCLE,5,7,0.9,0.6764648580856717,0.7470641062725975,0.5531828092988444,False
CCLE,5,7,1.0,0.6706417324723424,0.755479437339934,0.5599670086186053,False
CCLE,5,8,0.0,0.6866274083423776,0.7317828101622693,0.5363191597990008,False
CCLE,5,8,0.1,0.6888780188678566,0.7295733239239242,0.5338886858811456,False
CCLE,5,8,0.2,0.6900287931157899,0.728596997418356,0.5327013668280889,False
CCLE,5,8,0.3,0.6900993434475626,0.7288584788533569,0.5326631945585056,True
CCLE,5,8,0.4,0.6891237379726157,0.7303561206395648,0.5338026006530086,False
CCLE,5,8,0.5,0.6871489556504222,0.7330820294596372,0.5360147098768288,False
CCLE,5,8,0.6000000000000001,0.6842329548902523,0.7370222723637004,0.5392713016189203,False
CCLE,5,8,0.7000000000000001,0.6804424922684669,0.7421572264975996,0.5433934820032016,False
CCLE,5,8,0.8,0.6758508310685387,0.7484620524358594,0.5484160019636766,False
CCLE,5,8,0.9,0.6705354693367737,0.7559072654659535,0.5543621930042346,False
CCLE,5,8,1.0,0.6645759971980036,0.7644593759378162,0.5613842564243061,False
CCLE,5,9,0.0,0.6861587830455181,0.7276576788548816,0.5349932611478236,False
CCLE,5,9,0.1,0.6887386043190287,0.7251235817483388,0.5325422273688234,False
CCLE,5,9,0.2,0.6901738425832115,0.7238735705213338,0.5312183725371022,False
CCLE,5,9,0.3,0.6904793602551207,0.7239146552542259,0.5308218280710204,True
CCLE,5,9,0.4,0.6896862975215866,0.7252467820477314,0.531421551575753,False
CCLE,5,9,0.5,0.6878405202938517,0.727862830131334,0.533153895026036,False
CCLE,5,9,0.6000000000000001,0.6850005673380055,0.7317488063871911,0.5359657094321371,False
CCLE,5,9,0.7000000000000001,0.6812352574840478,0.7368842246684014,0.5397596629350916,False
CCLE,5,9,0.8,0.6766211268159996,0.743242645706552,0.5445275302671396,False
CCLE,5,9,0.9,0.6712398566830371,0.750792344606581,0.5501180228186352,False
CCLE,5,9,1.0,0.6651758302704707,0.7594970677112347,0.5567802876623316,False
CCLE,5,10,0.0,0.687863823946121,0.7274003362210021,0.5311390448950675,False
CCLE,5,10,0.1,0.6912229943933369,0.7241378936003556,0.527923715269159,False
CCLE,5,10,0.2,0.6933845173319697,0.7221727495901835,0.5259531108830713,False
CCLE,5,10,0.3,0.6943750896703558,0.7215153196209932,0.52517347304649,True
CCLE,5,10,0.4,0.6942378969733995,0.7221688418545332,0.525454921262033,False
CCLE,5,10,0.5,0.6930303542073795,0.7241292967196364,0.5268410824105294,False
CCLE,5,10,0.6000000000000001,0.6908214614600945,0.7273855297971885,0.5292603515254151,False
CCLE,5,10,0.7000000000000001,0.6876889734387075,0.7319195693580539,0.5327552660528048,False
CCLE,5,10,0.8,0.6837165677969624,0.7377071175542351,0.5374584902174409,False
CCLE,5,10,0.9,0.6789911675346827,0.744718184435897,0.5431789017261586,False
CCLE,5,10,1.0,0.6736005337305322,0.7529178275432703,0.5497366422507264,False
CCLE,6,1,0.0,0.6940806735629457,0.7236403936109984,0.5323947017923449,False
CCLE,6,1,0.1,0.69644354761848,0.7212749193791618,0.5301469568858989,False
CCLE,6,1,0.2,0.697665888950824,0.7202010172683873,0.5289326965501151,False
CCLE,6,1,0.3,0.6977651329914517,0.7204239405753899,0.5288030827402835,True
CCLE,6,1,0.4,0.6967749385319616,0.721941418782021,0.5296827031393365,False
CCLE,6,1,0.5,0.6947435188676669,0.7247437531776291,0.531696273818721,False
CCLE,6,1,0.6000000000000001,0.6917314691043516,0.7288141366842306,0.5347921634652449,False
CCLE,6,1,0.7000000000000001,0.6878092662906198,0.7341291728298971,0.5389664058577514,False
CCLE,6,1,0.8,0.6830546260311909,0.7406595560311798,0.5441802993549443,False
CCLE,6,1,0.9,0.6775498855702492,0.748370867500513,0.5503641614906559,False
CCLE,6,1,1.0,0.6713795543777877,0.7572244385875353,0.557557750548327,False
CCLE,6,2,0.0,0.7051005876397772,0.7087201303393357,0.522657743541394,False
CCLE,6,2,0.1,0.7080070546672599,0.7057736905755879,0.519817305798143,False
CCLE,6,2,0.2,0.709664759980251,0.7042556757436765,0.5183633490411574,False
CCLE,6,2,0.3,0.7100974765321557,0.7041743659905094,0.5181306248557009,True
CCLE,6,2,0.4,0.709347082286387,0.7055291436778027,0.5191138749352756,False
CCLE,6,2,0.5,0.7074713937816262,0.7083105494368969,0.5212768634823532,False
CCLE,6,2,0.6000000000000001,0.704541490026347,0.7125006094809002,0.5246274758470778,False
CCLE,6,2,0.7000000000000001,0.7006387378697468,0.7180734081999638,0.5291254891028261,False
CCLE,6,2,0.8,0.6958517276644851,0.7249958645521529,0.5346751142715342,False
CCLE,6,2,0.9,0.6902733047003615,0.7332286604625184,0.541324579273822,False
CCLE,6,2,1.0,0.6839978442658439,0.7427272649714037,0.5490200018373514,False
CCLE,6,3,0.0,0.6961283864661987,0.7152932411713068,0.5272735946043398,False
CCLE,6,3,0.1,0.69929932527836,0.7121599498582238,0.5247135167629295,False
CCLE,6,3,0.2,0.7012554885399116,0.7103752714342547,0.523281231480593,False
CCLE,6,3,0.3,0.7020217556436287,0.7099477097416989,0.5230402995402316,True
CCLE,6,3,0.4,0.7016403139050367,0.7108774942733991,0.5238380297705877,False
CCLE,6,3,0.5,0.70016833084977,0.7131566293026135,0.5257596763527708,False
CCLE,6,3,0.6000000000000001,0.6976752027104776,0.7167692006397532,0.5287024920768892,False
CCLE,6,3,0.7000000000000001,0.6942395967284665,0.7216919142251657,0.532628256246668,False
CCLE,6,3,0.8,0.689946488940671,0.7278948254716628,0.5376134918433886,False
CCLE,6,3,0.9,0.6848843652329327,0.7353422083968011,0.5436580511134709,False
CCLE,6,3,1.0,0.6791427097063241,0.7439935097507149,0.5507605490389522,False
CCLE,6,4,0.0,0.6843099351623405,0.7331756488956056,0.5350694345067162,False
CCLE,6,4,0.1,0.6875789613958256,0.7299179092900817,0.5323040450635357,False
CCLE,6,4,0.2,0.6896226038968278,0.7280025972772579,0.530749973970269,False
CCLE,6,4,0.3,0.6904534811561857,0.7274404201206752,0.530306097695451,True
CCLE,6,4,0.4,0.6901026971260884,0.728234495195269,0.5310124221051882,False
CCLE,6,4,0.5,0.6886181216156585,0.7303802596603081,0.5330174651216041,False
CCLE,6,4,0.6000000000000001,0.6860620788979721,0.7338655993679204,0.5361814261234075,False
CCLE,6,4,0.7000000000000001,0.6825086330615934,0.7386711886543071,0.540452239479649,False
CCLE,6,4,0.8,0.6780406696125327,0.7447710189628957,0.5455975768493206,False
CCLE,6,4,0.9,0.6727469622893189,0.7521330830997044,0.5517653374235583,False
CCLE,6,4,1.0,0.6667193867955822,0.760720174455994,0.5588857964479345,False
CCLE,6,5,0.0,0.6916537698653761,0.7249769071475064,0.5318678043901941,False
CCLE,6,5,0.1,0.6945540281716429,0.7220447303118819,0.5296556365070932,False
CCLE,6,5,0.2,0.6963653386031842,0.7202972117606488,0.5284692587556379,False
CCLE,6,5,0.3,0.6971045585275049,0.7197424934214315,0.5282660384337046,True
CCLE,6,5,0.4,0.6968028413842102,0.7203827285816364,0.5291381306878471,False
CCLE,6,5,0.5,0.6955040653665416,0.7222140431179546,0.5311470793838509,False
CCLE,6,5,0.6000000000000001,0.6932629007973068,0.7252266497615532,0.5341028314331692,False
CCLE,6,5,0.7000000000000001,0.6901426575557263,0.7294051077269639,0.5379508804469207,False
CCLE,6,5,0.8,0.6862130513197732,0.7347287118704828,0.542792043180914,False
CCLE,6,5,0.9,0.681548012502054,0.7411719890824944,0.5485317639724618,False
CCLE,6,5,1.0,0.6762236385758613,0.748705275375504,0.5550602081855968,False
CCLE,6,6,0.0,0.6955357265782988,0.7246262030597121,0.5297365090616045,False
CCLE,6,6,0.1,0.6987941815185259,0.7213010492296357,0.526936870892978,False
CCLE,6,6,0.2,0.7008634356615755,0.7193320608547699,0.5253186374419887,False
CCLE,6,6,0.3,0.7017620108607019,0.7187296995784659,0.5247686206893609,True
CCLE,6,6,0.4,0.7015252981166725,0.7194964211336089,0.5254400573950841,False
CCLE,6,6,0.5,0.7002036795059239,0.7216266256874122,0.5272573051252737,False
CCLE,6,6,0.6000000000000001,0.6978601792322401,0.7251068495146585,0.530179312958507,False
CCLE,6,6,0.7000000000000001,0.6945678268491136,0.7299161833299712,0.5342658278807425,False
CCLE,6,6,0.8,0.6904069151665726,0.7360268875906072,0.5394505609339725,False
CCLE,6,6,0.9,0.6854623168797852,0.7434051637562538,0.5457538872062784,False
CCLE,6,6,1.0,0.6798209930100059,0.7520120339031295,0.5530067496462135,False
CCLE,6,7,0.0,0.6833876659504061,0.7323640889312428,0.534921648566687,False
CCLE,6,7,0.1,0.6863204176333806,0.7294814194874017,0.5321489033291826,False
CCLE,6,7,0.2,0.6880680792897099,0.7279016335076308,0.5304107099529451,False
CCLE,6,7,0.3,0.6886452263739476,0.7276327852608446,0.5300629975073621,True
CCLE,6,7,0.4,0.6880836225092276,0.7286758256396444,0.5308263628654749,False
CCLE,6,7,0.5,0.686430599392371,0.7310245894360466,0.5327507695737149,False
CCLE,6,7,0.6000000000000001,0.6837469039459215,0.7346659754351733,0.5357154157197102,False
CCLE,6,7,0.7000000000000001,0.6801041801344343,0.7395803072351917,0.5397233221584828,False
CCLE,6,7,0.8,0.675582263524855,0.7457418520079646,0.5448619471473231,False
CCLE,6,7,0.9,0.6702664585925425,0.7531194662541918,0.5510092935698319,False
CCLE,6,7,1.0,0.6642449457701449,0.7616773326468594,0.5580064920926773,False
CCLE,6,8,0.0,0.6875081055776755,0.7236067236118802,0.5337214332436254,False
CCLE,6,8,0.1,0.6910352169793881,0.72004549217138,0.5302892102651371,False
CCLE,6,8,0.2,0.6934357892669463,0.7177409282357836,0.5278377507901884,False
CCLE,6,8,0.3,0.6947166581659363,0.7167047680103978,0.5265055056091035,False
CCLE,6,8,0.4,0.6949007604384381,0.7169419775931105,0.5263961921665784,True
CCLE,6,8,0.5,0.6940258272900802,0.7184506305764675,0.5273354995069182,False
CCLE,6,8,0.6000000000000001,0.6921425682181269,0.7212219741100118,0.5294383394669148,False
CCLE,6,8,0.7000000000000001,0.6893124919599323,0.7252406785852429,0.5325573451176325,False
CCLE,6,8,0.8,0.6856055228314293,0.730485254635415,0.5366900838031194,False
CCLE,6,8,0.9,0.6810975653685996,0.7369286115489029,0.5418442946880153,False
CCLE,6,8,1.0,0.6758681512193208,0.7445387244225639,0.5478857505303025,False
CCLE,6,9,0.0,0.6933087165575287,0.7216568476990098,0.5322991409716853,False
CCLE,6,9,0.1,0.6960991873643335,0.7188413345945637,0.5301961272852397,False
CCLE,6,9,0.2,0.6978488695241469,0.7171915540674322,0.5291142842600743,False
CCLE,6,9,0.3,0.6985663949803114,0.7167150920824172,0.5288156906389873,True
CCLE,6,9,0.4,0.6982741470263844,0.7174134555596565,0.5295572222193708,False
CCLE,6,9,0.5,0.6970072185873788,0.7192820551048081,0.5312092430137567,False
CCLE,6,9,0.6000000000000001,0.6948119433937363,0.7223103536811423,0.533801250749623,False
CCLE,6,9,0.7000000000000001,0.6917441081940202,0.7264821701208829,0.5373645200289908,False
CCLE,6,9,0.8,0.6878669681762303,0.7317761168992832,0.5417536227585986,False
CCLE,6,9,0.9,0.6832491887609005,0.738166144624754,0.5470247942297116,False
CCLE,6,9,1.0,0.6779628264629188,0.7456221617901301,0.5530642294715112,False
CCLE,6,10,0.0,0.6847054456424212,0.7307139478040667,0.5360750562984717,False
CCLE,6,10,0.1,0.6874254162883814,0.7280919517780409,0.533565652002383,False
CCLE,6,10,0.2,0.6891258796226947,0.7265919088247048,0.5318550106465448,False
CCLE,6,10,0.3,0.689823620321398,0.7262202854109198,0.5310035748592705,True
CCLE,6,10,0.4,0.6895478397394614,0.7269780866331994,0.5310281491195973,False
CCLE,6,10,0.5,0.6883388059086866,0.728860847117281,0.5319989931822664,False
CCLE,6,10,0.6000000000000001,0.6862462150116247,0.7318587579884201,0.5339814451719171,False
CCLE,6,10,0.7000000000000001,0.6833273743775413,0.7359569216869564,0.5370026642163948,False
CCLE,6,10,0.8,0.6796453152619635,0.7411357193255889,0.5410322791950254,False
CCLE,6,10,0.9,0.6752669330095843,0.7473712698353467,0.5460571951488159,False
CCLE,6,10,1.0,0.6702612353591837,0.7546359567486635,0.5520019132162323,False
CCLE,7,1,0.0,0.6927123611693992,0.7261881947390191,0.5340398420859287,False
CCLE,7,1,0.1,0.6952742262010423,0.72362494298106,0.5319277580934181,False
CCLE,7,1,0.2,0.6967230221084921,0.7223134973571133,0.5309370529890811,False
CCLE,7,1,0.3,0.6970758185589878,0.7222606304923451,0.5310293309335118,True
CCLE,7,1,0.4,0.6963644081726954,0.7234664952536876,0.5323250813618199,False
CCLE,7,1,0.5,0.694633788907999,0.7259246234576817,0.5345655290746153,False
CCLE,7,1,0.6000000000000001,0.6919402553969494,0.7296220992515894,0.5378469787686747,False
CCLE,7,1,0.7000000000000001,0.6883492358429174,0.7345398963618134,0.5422719721783402,False
CCLE,7,1,0.8,0.683933013336673,0.7406533588566313,0.5475983154192772,False
CCLE,7,1,0.9,0.678768459960061,0.7479327977056248,0.5537487304731843,False
CCLE,7,1,1.0,0.6729348921004373,0.7563441708525009,0.5607462998667165,False
CCLE,7,2,0.0,0.6837950809300827,0.7276822731250311,0.5323735369230729,False
CCLE,7,2,0.1,0.6864359892336552,0.7250854336738817,0.5300291269338292,False
CCLE,7,2,0.2,0.6880935639916551,0.723581790157301,0.5286062118464824,False
CCLE,7,2,0.3,0.6887738354498328,0.7231779192911476,0.5281144575315483,True
CCLE,7,2,0.4,0.6884949257461112,0.7238753865096366,0.5284980091688998,False
CCLE,7,2,0.5,0.6872862250575749,0.7256707166114621,0.5298725109356516,False
CCLE,7,2,0.6000000000000001,0.6851872287776287,0.728555479546977,0.532125134197741,False
CCLE,7,2,0.7000000000000001,0.6822461139469664,0.7325164864660694,0.5353892587700414,False
CCLE,7,2,0.8,0.6785181429526167,0.7375360855360088,0.5396485088121364,False
CCLE,7,2,0.9,0.6740639841191693,0.7435925424202154,0.5448346554853145,False
CCLE,7,2,1.0,0.6689480331458946,0.7506604870386382,0.5508436208215898,False
CCLE,7,3,0.0,0.6997134183700674,0.7197901606352735,0.5289856415392243,False
CCLE,7,3,0.1,0.7026463752114394,0.7168271389928553,0.5260765896721393,False
CCLE,7,3,0.2,0.7044716728716252,0.7150968205512358,0.5242791989697548,False
CCLE,7,3,0.3,0.7052135603503603,0.7146080495473269,0.523598220049099,True
CCLE,7,3,0.4,0.7049099339600964,0.7153632639346362,0.5239604700203133,False
CCLE,7,3,0.5,0.7036106296134342,0.7173584352328687,0.5255145559225047,False
CCLE,7,3,0.6000000000000001,0.7013754155055183,0.7205831751883531,0.5280718781769865,False
CCLE,7,3,0.7000000000000001,0.6982718173071099,0.7250210027231955,0.531547021318971,False
CCLE,7,3,0.8,0.6943729032157681,0.7306497554216839,0.5359854751401684,False
CCLE,7,3,0.9,0.689755141207525,0.7374421222145239,0.5414216176644996,False
CCLE,7,3,1.0,0.6844964189175502,0.7453662686449186,0.5477281092327868,False
CCLE,7,4,0.0,0.6957872158555525,0.7148173283824808,0.5256990319445348,False
CCLE,7,4,0.1,0.6983420194706622,0.7122420265031236,0.523377442013404,False
CCLE,7,4,0.2,0.6996976270334987,0.7110051950191859,0.522286367634076,False
CCLE,7,4,0.3,0.6998756901209349,0.7111137037213509,0.5224926537856407,True
CCLE,7,4,0.4,0.6989147167870369,0.7125667117000306,0.523840915031041,False
CCLE,7,4,0.5,0.6968681088467561,0.7153556974011537,0.5264097257646327,False
CCLE,7,4,0.6000000000000001,0.6938017520166614,0.7194647081031474,0.5299042433721771,False
CCLE,7,4,0.7000000000000001,0.6897913414166295,0.7248708119038825,0.5344151688451229,False
CCLE,7,4,0.8,0.6849196211349018,0.731544722813479,0.5399732800920055,False
CCLE,7,4,0.9,0.6792736963681183,0.7394515604227976,0.5465568141693401,False
CCLE,7,4,1.0,0.672942545510747,0.7485517006001375,0.5541074551166734,False
CCLE,7,5,0.0,0.6867925649407468,0.7276806083298737,0.5350599489980279,False
CCLE,7,5,0.1,0.6904133005052545,0.7240206150438299,0.531881559946988,False
CCLE,7,5,0.2,0.6929553016207296,0.721535301292279,0.5297395545245498,False
CCLE,7,5,0.3,0.6944249262637279,0.720236755311124,0.5285741637840236,False
CCLE,7,5,0.4,0.6948431599971103,0.72013124388681,0.5285617979698991,True
CCLE,7,5,0.5,0.6942444652234222,0.7212190604971143,0.5298115517589123,False
CCLE,7,5,0.6000000000000001,0.6926751916662529,0.7234945235391016,0.5321293963285759,False
CCLE,7,5,0.7000000000000001,0.6901916692299803,0.7269461244405424,0.5353429935469783,False
CCLE,7,5,0.8,0.6868581145758228,0.7315568167071775,0.5394895815089795,False
CCLE,7,5,0.9,0.6827444795493764,0.7373044291760358,0.5446302754977728,False
CCLE,7,5,1.0,0.677924355432235,0.74416218067515,0.5506635126265598,False
CCLE,7,6,0.0,0.6826454841993558,0.7279515083150214,0.5336250801861274,False
CCLE,7,6,0.1,0.685215973127262,0.7254686484836687,0.5312238739130091,False
CCLE,7,6,0.2,0.6866342931314002,0.7242685057815168,0.529751411823016,False
CCLE,7,6,0.3,0.686915598248732,0.7243570232164354,0.529268296631593,True
CCLE,7,6,0.4,0.6860914277827079,0.725733150567813,0.5298831438350015,False
CCLE,7,6,0.5,0.6842081325133655,0.7283888883538127,0.5316895486737618,False
CCLE,7,6,0.6000000000000001,0.6813248054165916,0.732309519915146,0.534587372080113,False
CCLE,7,6,0.7000000000000001,0.6775108766317146,0.7374740160296662,0.5384349530748815,False
CCLE,7,6,0.8,0.6728435406969051,0.7438555865196605,0.5432877903563724,False
CCLE,7,6,0.9,0.66740517498755,0.751422346191885,0.5490980937664359,False
CCLE,7,6,1.0,0.66128088569362,0.7601380586553791,0.5557998017302677,False
CCLE,7,7,0.0,0.6885068363440114,0.7301681620235633,0.5347837268591411,False
CCLE,7,7,0.1,0.6916726103850332,0.726910971777681,0.5316816727136968,False
CCLE,7,7,0.2,0.693692324274808,0.7249254652099598,0.5297931808567997,False
CCLE,7,7,0.3,0.6945714625551405,0.7242219720649673,0.5290172446454819,True
CCLE,7,7,0.4,0.6943321146082498,0.7248039339809379,0.529393450621266,False
CCLE,7,7,0.5,0.6930118025257017,0.726667815565399,0.5308497257442878,False
CCLE,7,7,0.6000000000000001,0.6906617524592054,0.7298032074035994,0.5333460083121923,False
CCLE,7,7,0.7000000000000001,0.6873447460501225,0.7341931142026696,0.5367449841059455,False
CCLE,7,7,0.8,0.6831327081292236,0.7398144096522165,0.541089743471122,False
CCLE,7,7,0.9,0.6781041891638926,0.7466384300530271,0.5463821281772491,False
CCLE,7,7,1.0,0.6723418879611435,0.7546316722666319,0.5525938559613945,False
CCLE,7,8,0.0,0.6852167983674188,0.7302918503126647,0.5350936859679482,False
CCLE,7,8,0.1,0.6881019428251589,0.7274980070390658,0.5328706319403755,False
CCLE,7,8,0.2,0.6897510559340846,0.7260467320251637,0.5317690953137297,False
CCLE,7,8,0.3,0.690188375194701,0.7259461451682295,0.5318424447755481,True
CCLE,7,8,0.4,0.6894560243804598,0.7271968974881322,0.5330752233444842,False
CCLE,7,8,0.5,0.68761184968291,0.7297921501085705,0.5353725068280432,False
CCLE,7,8,0.6000000000000001,0.6847267649499023,0.7337177584648736,0.5388607498758213,False
CCLE,7,8,0.7000000000000001,0.6808818104096649,0.738952650378038,0.543472474639272,False
CCLE,7,8,0.8,0.6761651265287509,0.7454693749398077,0.5490565106188038,False
CCLE,7,8,0.9,0.6706690223576416,0.7532347899263512,0.5556581398825248,False
CCLE,7,8,1.0,0.66448728200783,0.7622108495294964,0.5632057006856098,False
CCLE,7,9,0.0,0.6858457338117757,0.7306817447567953,0.5329720115617569,False
CCLE,7,9,0.1,0.6890313691636669,0.7275569907412113,0.5304149137278256,False
CCLE,7,9,0.2,0.6910931703536083,0.725669695185702,0.5288956872539536,False
CCLE,7,9,0.3,0.6920453249297115,0.725029214807942,0.5283368701408294,True
CCLE,7,9,0.4,0.6919173500909777,0.7256384287106568,0.528923156784608,False
CCLE,7,9,0.5,0.690752580739632,0.7274936735991542,0.5306603236078081,False
CCLE,7,9,0.6000000000000001,0.6886062301483915,0.7305848515768384,0.533471633581845,False
CCLE,7,9,0.7000000000000001,0.6855431675643924,0.7348957032753776,0.5373712275526851,False
CCLE,7,9,0.8,0.6816355609816555,0.7404042292862609,0.5424105683128293,False
CCLE,7,9,0.9,0.6769605230422561,0.7470832349497425,0.5484554017489218,False
CCLE,7,9,1.0,0.6715978770975038,0.7549009682297528,0.5553228238512522,False
CCLE,7,10,0.0,0.6885231636981511,0.72946165615666,0.5361002599755225,False
CCLE,7,10,0.1,0.6918251577059188,0.7261740374173564,0.5332641682732401,False
CCLE,7,10,0.2,0.6940062604590382,0.7241217141928746,0.5315235270664609,False
CCLE,7,10,0.3,0.6950796282504333,0.7233141409197751,0.5309539723877706,True
CCLE,7,10,0.4,0.6950741113068426,0.7237542080095614,0.5314549063115874,False
CCLE,7,10,0.5,0.6940327440904765,0.7254381969249104,0.5329664951244746,False
CCLE,7,10,0.6000000000000001,0.6920107614009254,0.7283559131058035,0.5355208871447342,False
CCLE,7,10,0.7000000000000001,0.6890732964586934,0.7324909865906573,0.539038759523437,False
CCLE,7,10,0.8,0.6852929247695584,0.7378213202564041,0.5435122892807319,False
CCLE,7,10,0.9,0.6807472077444231,0.7443196580128261,0.5490301408796883,False
CCLE,7,10,1.0,0.6755163668076628,0.7519542406378592,0.5554937445491873,False
CCLE,8,1,0.0,0.6874627808470946,0.7242064004201636,0.532302631223421,False
CCLE,8,1,0.1,0.690424156579837,0.7213047522170285,0.5298568940310147,False
CCLE,8,1,0.2,0.6922797546413554,0.7196348953703804,0.5284764913912311,False
CCLE,8,1,0.3,0.6930457689791224,0.7192053987021512,0.5281180085762631,True
CCLE,8,1,0.4,0.6927529726462558,0.7200184357302373,0.5288236165116778,False
CCLE,8,1,0.5,0.6914452431951531,0.7220697298453523,0.5307142194633981,False
CCLE,8,1,0.6000000000000001,0.6891776980646013,0.7253486664914404,0.5337429519267057,False
CCLE,8,1,0.7000000000000001,0.6860145721813551,0.7298385655314258,0.537748791077815,False
CCLE,8,1,0.8,0.6820269735333007,0.7355170976938723,0.5425139626025304,False
CCLE,8,1,0.9,0.6772906434908417,0.7423568213956834,0.5481428478611997,False
CCLE,8,1,1.0,0.6718838301057384,0.7503258109978533,0.554613200809766,False
CCLE,8,2,0.0,0.6789909687079548,0.7410477188370831,0.5450463276031268,False
CCLE,8,2,0.1,0.6816240189202329,0.7384614412672935,0.5428413865867441,False
CCLE,8,2,0.2,0.6831291062192832,0.7371601048246061,0.5416918123351152,False
CCLE,8,2,0.3,0.6835202442715461,0.7371504677986048,0.5417427960519524,True
CCLE,8,2,0.4,0.682827018618989,0.7384324336353105,0.5428964605973665,False
CCLE,8,2,0.5,0.6810931482869667,0.7409990576746872,0.5449045100514746,False
CCLE,8,2,0.6000000000000001,0.6783745933468016,0.7448367362418249,0.5479860563871777,False
CCLE,8,2,0.7000000000000001,0.6747373475244037,0.7499255660773038,0.5520460544037381,False
CCLE,8,2,0.8,0.670255063188448,0.7562398521321159,0.5571231101867331,False
CCLE,8,2,0.9,0.6650066498962135,0.7637487341770755,0.563231847937759,False
CCLE,8,2,1.0,0.6590739699617052,0.7724168981050287,0.5702411941967237,False
CCLE,8,3,0.0,0.6893577693827618,0.7276266693560696,0.5364695464385634,False
CCLE,8,3,0.1,0.6923800780459101,0.7244587637717326,0.5339796882037596,False
CCLE,8,3,0.2,0.6943824543973962,0.7224426007445244,0.5324712793362678,False
CCLE,8,3,0.3,0.6953652034436913,0.7215875024217784,0.5319058841546347,True
CCLE,8,3,0.4,0.6953419041632367,0.7218971996923799,0.5321866046639412,False
CCLE,8,3,0.5,0.6943387450534448,0.7233697511270827,0.5334751016943737,False
CCLE,8,3,0.6000000000000001,0.6923934387935288,0.725997600320569,0.5357436832010041,False
CCLE,8,3,0.7000000000000001,0.6895537932019901,0.729767767852165,0.5388592799998019,False
CCLE,8,3,0.8,0.6858760332749811,0.7346621666497303,0.5428887052510367,False
CCLE,8,3,0.9,0.681422976975931,0.740658023266606,0.5477955630051887,False
CCLE,8,3,1.0,0.6762621658461965,0.7477283830055775,0.5536721267296536,False
CCLE,8,4,0.0,0.6890074441926842,0.7259190924205147,0.5328810893767268,False
CCLE,8,4,0.1,0.6922595872846277,0.7226421987804094,0.5300910501507652,False
CCLE,8,4,0.2,0.6944146653920411,0.720588979865594,0.5282386970807962,False
CCLE,8,4,0.3,0.6954880483971706,0.7197695233513641,0.5273807594753632,False
CCLE,8,4,0.4,0.695509539457208,0.7201875526317035,0.527709729120169,True
CCLE,8,4,0.5,0.6945218501687581,0.7218403438860632,0.529055094673533,False
CCLE,8,4,0.6000000000000001,0.6925787050756644,0.7247188119258757,0.5314520275354561,False
CCLE,8,4,0.7000000000000001,0.6897427135797642,0.7288077586840641,0.5348468738061438,False
CCLE,8,4,0.8,0.6860831465223055,0.7340862686723184,0.5392215570576662,False
CCLE,8,4,0.9,0.6816737415793584,0.7405282279405446,0.5444973051670555,False
CCLE,8,4,1.0,0.6765906398695767,0.748102937711249,0.5506656499589523,False
CCLE,8,5,0.0,0.6829232231930102,0.7304260884118906,0.5307197671772046,False
CCLE,8,5,0.1,0.6850042227536648,0.7284817627181042,0.528852995453652,False
CCLE,8,5,0.2,0.6859975919416522,0.7277389775164418,0.5280115450877442,True
CCLE,8,5,0.3,0.685924275381282,0.7282010235049869,0.5282826430546247,False
CCLE,8,5,0.4,0.6848191797785791,0.7298651568941394,0.5295586929886874,False
CCLE,8,5,0.5,0.6827296011478053,0.732722679214999,0.5318537538880761,False
CCLE,8,5,0.6000000000000001,0.6797133077236364,0.7367591636380502,0.5351755469108312,False
CCLE,8,5,0.7000000000000001,0.6758364097491589,0.7419548142011616,0.5395066049756417,False
CCLE,8,5,0.8,0.6711711466972431,0.7482849375005657,0.5447817763349477,False
CCLE,8,5,0.9,0.6657937106147657,0.7557205015909398,0.550992467010601,False
CCLE,8,5,1.0,0.6597822043060081,0.7642287543520871,0.5579999573466047,False
CCLE,8,6,0.0,0.6893337829492248,0.7280027152910294,0.5324298597314654,False
CCLE,8,6,0.1,0.6917293921534616,0.7256953468909029,0.5305064769964728,False
CCLE,8,6,0.2,0.6929530221304978,0.7247030531029145,0.5297157270777513,False
CCLE,8,6,0.3,0.6930245429620494,0.7250303088991809,0.5300226034529409,True
CCLE,8,6,0.4,0.6919802680194758,0.7266741124072815,0.5314142979962413,False
CCLE,8,6,0.5,0.689871205280223,0.7296241049715253,0.5339026084380836,False
CCLE,8,6,0.6000000000000001,0.6867608341466248,0.7338628992092737,0.5374306247028642,False
CCLE,8,6,0.7000000000000001,0.6827225750105618,0.7393665909292693,0.5420196499951293,False
CCLE,8,6,0.8,0.677837123981766,0.746105420265391,0.5476142143550933,False
CCLE,8,6,0.9,0.6721898130273789,0.7540445409653213,0.5542067409683321,False
CCLE,8,6,1.0,0.6658681304225869,0.76314485467838,0.5617555269717247,False
CCLE,8,7,0.0,0.7005834389766392,0.7192842346418591,0.5310452899231246,False
CCLE,8,7,0.1,0.7038057488239982,0.7158718614754116,0.5280116800254586,False
CCLE,8,7,0.2,0.7061134036251872,0.7134995349885982,0.5258249116002279,False
CCLE,8,7,0.3,0.7075102195667352,0.7121774833118989,0.5245833202428161,False
CCLE,8,7,0.4,0.7080103187544466,0.711911278501207,0.5243470917591442,True
CCLE,8,7,0.5,0.7076374763413507,0.712701718266606,0.5249366383623244,False
CCLE,8,7,0.6000000000000001,0.706424200477208,0.7145448177041145,0.5264580330843285,False
CCLE,8,7,0.7000000000000001,0.7044106036554113,0.7174319109142946,0.5288522888202614,False
CCLE,8,7,0.8,0.7016431312668147,0.7213498564258887,0.5321930884539403,False
CCLE,8,7,0.9,0.6981732146562718,0.7262813350318151,0.5363718221755173,False
CCLE,8,7,1.0,0.6940559123248848,0.7322052244668287,0.5412630447590171,False
CCLE,8,8,0.0,0.687595045827735,0.7238294306962686,0.5342763983167963,False
CCLE,8,8,0.1,0.6908977477222188,0.7205907644391023,0.5315903614291007,False
CCLE,8,8,0.2,0.6930612569603607,0.7185868534647842,0.5299311332117456,False
CCLE,8,8,0.3,0.6941009553740729,0.7178279864752533,0.5292200507712435,True
CCLE,8,8,0.4,0.6940479190642849,0.7183179595044369,0.529385932148694,False
CCLE,8,8,0.5,0.6929473363405749,0.7200539810786639,0.5307903624994348,False
CCLE,8,8,0.6000000000000001,0.6908564793022761,0.7230267525923472,0.5332405949780237,False
CCLE,8,8,0.7000000000000001,0.6878423818654797,0.7272207184745668,0.5366294596611343,False
CCLE,8,8,0.8,0.6839793817083825,0.7326144704436632,0.5408454539081035,False
CCLE,8,8,0.9,0.6793466726908528,0.7391812816332392,0.5459816242745571,False
CCLE,8,8,1.0,0.6740259916247293,0.7468897404228805,0.5520408249941307,False
CCLE,8,9,0.0,0.6893575989988545,0.7245113666029259,0.5335610146001523,False
CCLE,8,9,0.1,0.6926805492799348,0.7211853555581416,0.5307184663938214,False
CCLE,8,9,0.2,0.6947839845624099,0.7192040937502314,0.5290814750321589,False
CCLE,8,9,0.3,0.6956849223130005,0.7185783998981649,0.5286611511660878,True
CCLE,8,9,0.4,0.6954183328745802,0.7193115077913628,0.5295367367446716,False
CCLE,8,9,0.5,0.6940352130489722,0.7213989835119348,0.5315792635078894,False
CCLE,8,9,0.6000000000000001,0.6916001310038988,0.724828857169965,0.5348525232015802,False
CCLE,8,9,0.7000000000000001,0.6881884403417616,0.7295819601988767,0.5392678490511715,False
CCLE,8,9,0.8,0.6838833628484733,0.735632446490057,0.5447277781949088,False
CCLE,8,9,0.9,0.6787731207144285,0.7429484653357881,0.5511300658666427,False
CCLE,8,9,1.0,0.6729482658910759,0.7514929472584312,0.5584691194706284,False
CCLE,8,10,0.0,0.690140511966348,0.7243630115681527,0.5335496597711412,False
CCLE,8,10,0.1,0.6931360555420539,0.7213569067102752,0.5310062442552097,False
CCLE,8,10,0.2,0.6950097847494752,0.7195891808687117,0.5295469603240792,False
CCLE,8,10,0.3,0.6957765999867351,0.7190683421804567,0.5292240697285086,True
CCLE,8,10,0.4,0.6954669342724988,0.7197962844784567,0.5298668929515113,False
CCLE,8,10,0.5,0.6941251650235255,0.7217682627439486,0.5314918851114524,False
CCLE,8,10,0.6000000000000001,0.6918075817283394,0.7249730470760253,0.5340799912935077,False
CCLE,8,10,0.7000000000000001,0.6885800692131736,0.7293932437053323,0.5377140588582316,False
CCLE,8,10,0.8,0.6845156680784523,0.7350057618670177,0.5422896614971264,False
CCLE,8,10,0.9,0.6796921595142825,0.7417823980934971,0.54778406911461,False
CCLE,8,10,1.0,0.6741897958897649,0.7496905052133565,0.5541648116111654,False
CCLE,9,1,0.0,0.6867156961250673,0.7310443096257246,0.5363142127210236,False
CCLE,9,1,0.1,0.69035139169898,0.7273725376043407,0.5331542702443277,False
CCLE,9,1,0.2,0.6927861257347703,0.7249968439659311,0.531081341983455,False
CCLE,9,1,0.3,0.6940297222054743,0.7239290063303708,0.5300967040137909,False
CCLE,9,1,0.4,0.6941098758935077,0.7241737173956716,0.5303258713340521,True
CCLE,9,1,0.5,0.6930705599474795,0.7257284870743859,0.5316366003197999,False
CCLE,9,1,0.6000000000000001,0.690969867891613,0.7285837417916501,0.5342888578677444,False
CCLE,9,1,0.7000000000000001,0.6878774662347107,0.7327231126813645,0.5379898830977919,False
CCLE,9,1,0.8,0.6838718438026423,0.7381238929577576,0.5426761895536738,False
CCLE,9,1,0.9,0.6790375342350685,0.7447576356372855,0.5484273294846937,False
CCLE,9,1,1.0,0.6734624632348796,0.7525908568158579,0.5551151415439304,False
CCLE,9,2,0.0,0.6913256816077864,0.7228180597521972,0.5292117897572433,False
CCLE,9,2,0.1,0.6946552473992098,0.7195195927297664,0.5267285909450654,False
CCLE,9,2,0.2,0.6968332658673801,0.7174687895815717,0.5252784366842602,False
CCLE,9,2,0.3,0.6978761287221671,0.7166763176921768,0.5248540377067124,True
CCLE,9,2,0.4,0.6978160273579406,0.7171462220473035,0.525630935120315,False
CCLE,9,2,0.5,0.6966993441808357,0.718875821531101,0.5273868424066428,False
CCLE,9,2,0.6000000000000001,0.6945845968305241,0.7218557851951578,0.5302506598471698,False
CCLE,9,2,0.7000000000000001,0.6915400880716588,0.7260703834712179,0.5341581503909094,False
CCLE,9,2,0.8,0.6876414193101393,0.7314978986527918,0.5389815793144257,False
CCLE,9,2,0.9,0.6829690152594228,0.7381111700642519,0.5448183767093852,False
CCLE,9,2,1.0,0.6776057849060325,0.7458782430209101,0.5516412651548567,False
CCLE,9,3,0.0,0.6961519070704155,0.7198969618206943,0.5298327831921257,False
CCLE,9,3,0.1,0.6987791747331309,0.7172183919690026,0.5274660725820107,False
CCLE,9,3,0.2,0.7004055432597333,0.7156715244619599,0.5259564553042653,False
CCLE,9,3,0.3,0.701038494202805,0.7152622750625689,0.5254068837553877,True
CCLE,9,3,0.4,0.7006981477357128,0.71599079855531,0.5257372549072356,False
CCLE,9,3,0.5,0.6994162624082639,0.7178515299333367,0.527028933682969,False
CCLE,9,3,0.6000000000000001,0.6972348805405845,0.7208333746583968,0.529307900443525,False
CCLE,9,3,0.7000000000000001,0.6942047187491294,0.7249200338013628,0.5324974979202589,False
CCLE,9,3,0.8,0.6903834096037063,0.7300904424800149,0.5366070039282869,False
CCLE,9,3,0.9,0.6858336966120142,0.7363192950983803,0.5416231480508839,False
CCLE,9,3,1.0,0.6806216727744053,0.743577628700803,0.5474190011123801,False
CCLE,9,4,0.0,0.6892370573108647,0.7267617886402167,0.5335007810872457,False
CCLE,9,4,0.1,0.6921279204331133,0.7240153988539024,0.5311952466067559,False
CCLE,9,4,0.2,0.6938419185684518,0.7225716367894771,0.5300287757685944,False
CCLE,9,4,0.3,0.6944065974723139,0.7224382234659423,0.5300248846018294,True
CCLE,9,4,0.4,0.6938651116074114,0.7236157123256651,0.5311832035390136,False
CCLE,9,4,0.5,0.6922741291501899,0.726097478177959,0.5334155336306774,False
CCLE,9,4,0.6000000000000001,0.6897013837328811,0.7298699027760748,0.5367952390829269,False
CCLE,9,4,0.7000000000000001,0.686223045804589,0.7349127450098303,0.5410963866600905,False
CCLE,9,4,0.8,0.6819210766453285,0.7411996725751353,0.5465376092758907,False
CCLE,9,4,0.9,0.6768807047419159,0.7486989234129563,0.553074437486886,False
CCLE,9,4,1.0,0.6711881325974727,0.7573740599328985,0.5604839997461222,False
CCLE,9,5,0.0,0.6959308907350326,0.7178396866819234,0.5293193669046132,False
CCLE,9,5,0.1,0.6981546176031777,0.7156657767096684,0.5272542611008209,False
CCLE,9,5,0.2,0.6990733059365587,0.7149491988039662,0.5263407243583201,True
CCLE,9,5,0.3,0.6987149331039932,0.715694325050808,0.5267692768109729,False
CCLE,9,5,0.4,0.6971273483139622,0.7178964703961758,0.5284748314998778,False
CCLE,9,5,0.5,0.6943758228127968,0.7215420405058443,0.531422170566686,False
CCLE,9,5,0.6000000000000001,0.6905400093802814,0.7266089508641944,0.5355793146051474,False
CCLE,9,5,0.7000000000000001,0.6857105569103881,0.7330672871614302,0.5408807144935484,False
CCLE,9,5,0.8,0.679985625304971,0.7408801617497984,0.5472943299519718,False
CCLE,9,5,0.9,0.6734675195198966,0.7500047111163004,0.5548389656579684,False
CCLE,9,5,1.0,0.6662596172354588,0.7603931755561486,0.5632710274653265,False
CCLE,9,6,0.0,0.6951307858937116,0.7153571258330641,0.5285439852177287,False
CCLE,9,6,0.1,0.6986963232190021,0.7117629494196132,0.5252804711383543,False
CCLE,9,6,0.2,0.7012343659602316,0.7092742176922407,0.5229733565825088,False
CCLE,9,6,0.3,0.7027514679729209,0.7079024794780568,0.5216183367272285,False
CCLE,9,6,0.4,0.7032671537568868,0.7076540580159486,0.5211181058039915,True
CCLE,9,6,0.5,0.7028129476104072,0.7085299046352102,0.5216249974541931,False
CCLE,9,6,0.6000000000000001,0.7014310360167135,0.7105255811284392,0.5231603503817601,False
CCLE,9,6,0.7000000000000001,0.6991726569936455,0.7136313715431137,0.5256701040742213,False
CCLE,9,6,0.8,0.6960963195066565,0.7178325168809161,0.529057164637351,False
CCLE,9,6,0.9,0.6922659555474351,0.7231095596327795,0.5333475485012299,False
CCLE,9,6,1.0,0.6877490985387709,0.7294387798063108,0.5384292307207872,False
CCLE,9,7,0.0,0.6887572589123192,0.7257381120369948,0.5297204613085682,False
CCLE,9,7,0.1,0.6918138193534025,0.7226828741447664,0.5271088789384519,False
CCLE,9,7,0.2,0.6938130751093562,0.7207860269175212,0.5255771885358475,False
CCLE,9,7,0.3,0.6947670788948588,0.7200561868504737,0.525016356431339,True
CCLE,9,7,0.4,0.6947016026950411,0.7204963021667117,0.5254765284457011,False
CCLE,9,7,0.5,0.6936549032428567,0.7221035948304758,0.5268708741106828,False
CCLE,9,7,0.6000000000000001,0.6916761045188152,0.7248696427032616,0.5294384541392743,False
CCLE,9,7,0.7000000000000001,0.6888233129711281,0.7287805964301027,0.5330997318148807,False
CCLE,9,7,0.8,0.6851615878426676,0.7338175182931348,0.5376913060965955,False
CCLE,9,7,0.9,0.6807608839311883,0.7399568242384384,0.5431575557705107,False
CCLE,9,7,1.0,0.6756940696400264,0.7471708060629978,0.5493701690286088,False
CCLE,9,8,0.0,0.6802859178953355,0.7312515536087562,0.5352412867979301,False
CCLE,9,8,0.1,0.682637957261097,0.7290508859518118,0.5333165093444963,False
CCLE,9,8,0.2,0.6838276186078817,0.7281384804372697,0.5324766322494231,False
CCLE,9,8,0.3,0.683877632096521,0.7285182289217479,0.5327127976239281,True
CCLE,9,8,0.4,0.6828270834922183,0.7301870005048021,0.533963345390109,False
CCLE,9,8,0.5,0.6807294712652754,0.7331347611043088,0.5362375918780041,False
CCLE,9,8,0.6000000000000001,0.6776503151432739,0.7373448775546801,0.5394485990325577,False
CCLE,9,8,0.7000000000000001,0.6736645010944238,0.7427945848009709,0.5436451902655175,False
CCLE,9,8,0.8,0.6688535450753044,0.7494555861255989,0.5488048649993883,False
CCLE,9,8,0.9,0.6633029373440379,0.757294751073734,0.5548069421071746,False
CCLE,9,8,1.0,0.65709969658387,0.7662748739655292,0.5616473023669049,False
CCLE,9,9,0.0,0.7018378277535382,0.7191508387666796,0.5293027352775216,False
CCLE,9,9,0.1,0.7049691160293946,0.7160051214957528,0.5263739613395186,False
CCLE,9,9,0.2,0.7070260057653182,0.7141031267192803,0.5245912886157883,False
CCLE,9,9,0.3,0.7080217042953888,0.7134541579256144,0.5238597692332323,True
CCLE,9,9,0.4,0.707983207582913,0.7140607647877084,0.5243135617363024,False
CCLE,9,9,0.5,0.7069499953661054,0.7159186963251353,0.5259448731782149,False
CCLE,9,9,0.6000000000000001,0.7049723588347456,0.7190170402636786,0.5287715999397691,False
CCLE,9,9,0.7000000000000001,0.7021094786606603,0.7233385384006523,0.5325573345683383,False
CCLE,9,9,0.8,0.6984273753937087,0.7288600571961779,0.5373134363742824,False
CCLE,9,9,0.9,0.6939968472647374,0.7355531846165458,0.5430704376252674,False
CCLE,9,9,1.0,0.6888914948167777,0.7433849191376074,0.5497588395763175,False
CCLE,9,10,0.0,0.7007303031074348,0.7177938330320325,0.5315704751096104,False
CCLE,9,10,0.1,0.7035752405167175,0.7148674848500887,0.5290994371877642,False
CCLE,9,10,0.2,0.7052048197268685,0.7133282524725241,0.527764750212629,False
CCLE,9,10,0.3,0.7056370381874186,0.7131852758695445,0.5276256396150172,True
CCLE,9,10,0.4,0.704907446364449,0.7144393600273397,0.5285071061502409,False
CCLE,9,10,0.5,0.7030673411365704,0.7170829514145123,0.5305572086324919,False
CCLE,9,10,0.6000000000000001,0.700181433658875,0.721100366535358,0.5340042290387375,False
CCLE,9,10,0.7000000000000001,0.6963251731120133,0.7264682564821154,0.538580431425398,False
CCLE,9,10,0.8,0.6915819142933058,0.7331562756900711,0.5443540676296386,False
CCLE,9,10,0.9,0.686040104174749,0.741127911242643,0.5511979870171814,False
CCLE,9,10,1.0,0.6797906350130315,0.750341422185011,0.5590323134990959,False
ERKAUC30,0,1,0.0,0.5990075018853918,0.8143972792630183,0.5514880420136585,False
ERKAUC30,0,1,0.1,0.6033269085601918,0.8106253755775608,0.548488499150276,False
ERKAUC30,0,1,0.2,0.6055275462275471,0.809052836733749,0.5475254157369279,False
ERKAUC30,0,1,0.3,0.605638529329406,0.8096924688391965,0.5485450778979823,True
ERKAUC30,0,1,0.4,0.6037510832808344,0.8125389866624133,0.5516336346163202,False
ERKAUC30,0,1,0.5,0.60000950062168,0.8175692308616064,0.5564089184390154,False
ERKAUC30,0,1,0.6000000000000001,0.5945987426706466,0.8247430981312649,0.5627850726934831,False
ERKAUC30,0,1,0.7000000000000001,0.5877305034664647,0.8340050986753018,0.5709099538092781,False
ERKAUC30,0,1,0.8,0.5796294706494448,0.8452864042786962,0.5806245765370608,False
ERKAUC30,0,1,0.9,0.5705211387979221,0.8585072199257848,0.5916322099164258,False
ERKAUC30,0,1,1.0,0.5606220102070864,0.8735793045986024,0.6038902469792278,False
ERKAUC30,0,2,0.0,0.6144048695901974,0.7927023699369237,0.5355663571643239,False
ERKAUC30,0,2,0.1,0.6194486759258252,0.7884270021619771,0.5316651575618787,False
ERKAUC30,0,2,0.2,0.6223012578105767,0.786322321045781,0.5298404555303787,False
ERKAUC30,0,2,0.3,0.623011378519728,0.7864058292287079,0.530126092825912,True
ERKAUC30,0,2,0.4,0.6216891654279374,0.7886768218950578,0.5322798051649562,False
ERKAUC30,0,2,0.5,0.6184952834501571,0.7931164183842564,0.536337915594253,False
ERKAUC30,0,2,0.6000000000000001,0.6136273913249483,0.7996883410318519,0.5420959516599054,False
ERKAUC30,0,2,0.7000000000000001,0.6073057520481825,0.8083403673241427,0.5495426735561015,False
ERKAUC30,0,2,0.8,0.5997596415273747,0.8190063233305708,0.5585668280025426,False
ERKAUC30,0,2,0.9,0.591215733936535,0.8316084491629597,0.569266093034076,False
ERKAUC30,0,2,1.0,0.5818890991908228,0.8460599544305619,0.581259380265629,False
ERKAUC30,0,3,0.0,0.6010867894240726,0.8019612608402731,0.5451356271080212,False
ERKAUC30,0,3,0.1,0.6058324652928514,0.7980391624168997,0.5422769397934823,False
ERKAUC30,0,3,0.2,0.6084297053219266,0.7962726622136418,0.5414270486330321,False
ERKAUC30,0,3,0.3,0.6089260592430613,0.7966759067257579,0.5424994423230638,True
ERKAUC30,0,3,0.4,0.6074296053374699,0.7992453104528887,0.5455984508792721,False
ERKAUC30,0,3,0.5,0.6040982693923592,0.8039597134629133,0.5504692492975167,False
ERKAUC30,0,3,0.6000000000000001,0.5991264617830443,0.8107812441445492,0.5567805148780952,False
ERKAUC30,0,3,0.7000000000000001,0.5927308884695442,0.8196568062894182,0.5645220540987974,False
ERKAUC30,0,3,0.8,0.5851371582091046,0.8305200580612148,0.5738936820507818,False
ERKAUC30,0,3,0.9,0.5765683430603609,0.8432937193466901,0.5845697929927982,False
ERKAUC30,0,3,1.0,0.5672361124265753,0.8578920357891168,0.5964044246185818,False
ERKAUC30,0,4,0.0,0.615820794684099,0.7992204651290133,0.54610484030791,False
ERKAUC30,0,4,0.1,0.6197706227688865,0.7957942685175741,0.5432611726362452,False
ERKAUC30,0,4,0.2,0.6215037429802373,0.7946638533356469,0.5423717744465535,True
ERKAUC30,0,4,0.3,0.6210731600411077,0.7958379928813804,0.5434077252074483,False
ERKAUC30,0,4,0.4,0.6185951958722684,0.7993054185920607,0.5463504077128196,False
ERKAUC30,0,4,0.5,0.6142384095784645,0.8050353523199268,0.5510397839921508,False
ERKAUC30,0,4,0.6000000000000001,0.6082095480401657,0.8129788472251731,0.5575952550655009,False
ERKAUC30,0,4,0.7000000000000001,0.6007385026510111,0.8230708044568384,0.5657701860391251,False
ERKAUC30,0,4,0.8,0.592064038240254,0.8352324803133762,0.575541337470871,False
ERKAUC30,0,4,0.9,0.5824215789665118,0.8493742750996869,0.5867061079771252,False
ERKAUC30,0,4,1.0,0.5720337561862211,0.8653985998381918,0.5991161270474464,False
ERKAUC30,0,5,0.0,0.5927202008640278,0.8122111773061376,0.5495705972834465,False
ERKAUC30,0,5,0.1,0.5970973985605869,0.8084971686896811,0.5465019187892273,False
ERKAUC30,0,5,0.2,0.5993475142446693,0.806979580190067,0.5454182348421673,False
ERKAUC30,0,5,0.3,0.5995110034852723,0.8076704985675237,0.5463024673558428,True
ERKAUC30,0,5,0.4,0.597689569845549,0.8105638649912322,0.5489753252009365,False
ERKAUC30,0,5,0.5,0.5940361134856652,0.8156357402459784,0.553557774730949,False
ERKAUC30,0,5,0.6000000000000001,0.5887417188977213,0.8228452852924016,0.5600354612307357,False
ERKAUC30,0,5,0.7000000000000001,0.5820215260693689,0.8321363649648091,0.5681975269852899,False
ERKAUC30,0,5,0.8,0.5741011561891968,0.8434396325129934,0.577762125502958,False
ERKAUC30,0,5,0.9,0.565204932739489,0.8566749244545594,0.5886419203297576,False
ERKAUC30,0,5,1.0,0.555546608795629,0.8717537903572143,0.6008706865190541,False
ERKAUC30,0,6,0.0,0.6146586514189452,0.7858265303613684,0.5395652046806636,False
ERKAUC30,0,6,0.1,0.6208515289709292,0.7803929151246954,0.5351298730310216,False
ERKAUC30,0,6,0.2,0.6249121388860337,0.7770789093923394,0.5327018883338198,False
ERKAUC30,0,6,0.3,0.6268439536756956,0.7759119900127827,0.5322043764226274,True
ERKAUC30,0,6,0.4,0.6267139252253916,0.7769020398836848,0.5336145663492851,False
ERKAUC30,0,6,0.5,0.6246450473545663,0.780040930319007,0.5368708333299437,False
ERKAUC30,0,6,0.6000000000000001,0.620805110490667,0.7853028511273357,0.5417308850182552,False
ERKAUC30,0,6,0.7000000000000001,0.6153933690870469,0.7926453576515641,0.5482171772164923,False
ERKAUC30,0,6,0.8,0.6086268774851475,0.8020110375360783,0.5561953550990619,False
ERKAUC30,0,6,0.9,0.6007279543895986,0.8133296493673743,0.5657039610456887,False
ERKAUC30,0,6,1.0,0.5919137539532786,0.8265205574484753,0.5767046884443829,False
ERKAUC30,0,7,0.0,0.6052772442206993,0.803601911802471,0.5473407488173946,False
ERKAUC30,0,7,0.1,0.610557485892033,0.7987807875954946,0.5436947661623276,False
ERKAUC30,0,7,0.2,0.613763191701301,0.796122033013614,0.541766504626433,False
ERKAUC30,0,7,0.3,0.6148970152674725,0.7956478213276209,0.5418514011621023,True
ERKAUC30,0,7,0.4,0.6140226654659067,0.7973622077757309,0.5440807348023071,False
ERKAUC30,0,7,0.5,0.6112581714183396,0.8012509529912968,0.548218169109257,False
ERKAUC30,0,7,0.6000000000000001,0.606765476988224,0.8072821148639127,0.5542125587800426,False
ERKAUC30,0,7,0.7000000000000001,0.6007379170480108,0.8154073517764606,0.561625797939105,False
ERKAUC30,0,7,0.8,0.5933871957121591,0.8255638148566756,0.5706689147933427,False
ERKAUC30,0,7,0.9,0.5849312545267534,0.8376764618314789,0.5810335109932597,False
ERKAUC30,0,7,1.0,0.5755840033735973,0.8516606056279222,0.5926995404587647,False
ERKAUC30,0,8,0.0,0.6065873777093997,0.7972522739418988,0.5431830920857668,False
ERKAUC30,0,8,0.1,0.6120292973459545,0.7924920529378815,0.5392554261328002,False
ERKAUC30,0,8,0.2,0.6154081167744886,0.7897870539233706,0.537003750978679,False
ERKAUC30,0,8,0.3,0.6167370504566951,0.7891581439992598,0.5365207891559712,True
ERKAUC30,0,8,0.4,0.6160883366353207,0.7906099135956053,0.537756058891661,False
ERKAUC30,0,8,0.5,0.6135857136642183,0.7941305108244666,0.5407023642059218,False
ERKAUC30,0,8,0.6000000000000001,0.6093936636967576,0.7996921210260535,0.5453160502988592,False
ERKAUC30,0,8,0.7000000000000001,0.6037049763339292,0.8072520469008511,0.5516045566556702,False
ERKAUC30,0,8,0.8,0.5967281660063506,0.8167542936135712,0.5594884887116571,False
ERKAUC30,0,8,0.9,0.588675996747473,0.82813152704424,0.5687076849080122,False
ERKAUC30,0,8,1.0,0.5797559467596528,0.8413072559511512,0.579125939959017,False
ERKAUC30,0,9,0.0,0.5989507917571635,0.8096893054049579,0.5499335304649483,False
ERKAUC30,0,9,0.1,0.6045174247951737,0.8047290682809842,0.5458690391094411,False
ERKAUC30,0,9,0.2,0.6079334832151255,0.80199494029532,0.5439913607465463,False
ERKAUC30,0,9,0.3,0.6092098692753255,0.8015100369610497,0.544202894702174,True
ERKAUC30,0,9,0.4,0.6084227307015556,0.8032785707486216,0.5463686325100428,False
ERKAUC30,0,9,0.5,0.6057051310065729,0.807285665796415,0.5503726098208128,False
ERKAUC30,0,9,0.6000000000000001,0.6012348999728527,0.8134979800467766,0.5561165227317728,False
ERKAUC30,0,9,0.7000000000000001,0.595220519643567,0.8218650747686977,0.5634767335380743,False
ERKAUC30,0,9,0.8,0.5878868849782254,0.8323214025548349,0.5724190354282606,False
ERKAUC30,0,9,0.9,0.5794624280475461,0.844788737351138,0.5826890730567709,False
ERKAUC30,0,9,1.0,0.5701685685152467,0.8591788495766444,0.5943521260261613,False
ERKAUC30,0,10,0.0,0.609478391048879,0.7963119840112514,0.542687008747831,False
ERKAUC30,0,10,0.1,0.6136283618300674,0.7928359659362714,0.5394406831428975,False
ERKAUC30,0,10,0.2,0.6155770676417549,0.7915995585855901,0.5382173068778007,True
ERKAUC30,0,10,0.3,0.6153729495321388,0.7926134667363257,0.5389863708220615,False
ERKAUC30,0,10,0.4,0.6131273641398981,0.7958690764417959,0.5418903857040778,False
ERKAUC30,0,10,0.5,0.6090038466961737,0.8013388220982722,0.5467723125572846,False
ERKAUC30,0,10,0.6000000000000001,0.6032044387889919,0.8089773466224305,0.5534090100188905,False
ERKAUC30,0,10,0.7000000000000001,0.5959549810011626,0.8187233422023426,0.5615833624643433,False
ERKAUC30,0,10,0.8,0.58749107512949,0.8305019022062613,0.5712840390227708,False
ERKAUC30,0,10,0.9,0.578045971709178,0.8442271850328265,0.5823802091254635,False
ERKAUC30,0,10,1.0,0.567841093603338,0.8598051892475439,0.5948925284835542,False
ERKAUC30,1,1,0.0,0.6003476109097327,0.8058976685615509,0.5452746924060408,False
ERKAUC30,1,1,0.1,0.6055233073948214,0.8015025895520476,0.541407882409058,False
ERKAUC30,1,1,0.2,0.6084214183531163,0.7994136067721019,0.5397326470641541,False
ERKAUC30,1,1,0.3,0.6090889219808051,0.7996488619322915,0.5402528099833425,True
ERKAUC30,1,1,0.4,0.6076410349848386,0.8022061935858039,0.5426455572545104,False
ERKAUC30,1,1,0.5,0.6042490329743081,0.8070632320663469,0.5470398625142505,False
ERKAUC30,1,1,0.6000000000000001,0.5991248930456684,0.8141783670973363,0.5532771159205396,False
ERKAUC30,1,1,0.7000000000000001,0.5925050007996946,0.8234924920714566,0.5613632284050272,False
ERKAUC30,1,1,0.8,0.5846348652283787,0.8349313590243298,0.5711800175618087,False
ERKAUC30,1,1,0.9,0.5757562013081009,0.8484083358589902,0.5825075393386665,False
ERKAUC30,1,1,1.0,0.5660970776335152,0.86382734626773,0.5953753895653366,False
ERKAUC30,1,2,0.0,0.5963308827375546,0.811112043026441,0.5453239831249111,False
ERKAUC30,1,2,0.1,0.6008270616317504,0.8073868554613579,0.5422520664194103,False
ERKAUC30,1,2,0.2,0.6031960557028084,0.8058932314660187,0.541122439923045,False
ERKAUC30,1,2,0.3,0.6034902301264649,0.8066438510882767,0.5419012155253535,True
ERKAUC30,1,2,0.4,0.601821065877723,0.8096327394432385,0.5448034868141394,False
ERKAUC30,1,2,0.5,0.5983483411542562,0.81483550192522,0.5495187655854873,False
ERKAUC30,1,2,0.6000000000000001,0.5932668135658998,0.82221030533175,0.5559940489684454,False
ERKAUC30,1,2,0.7000000000000001,0.5867922205485054,0.8316995145775374,0.5642160961527964,False
ERKAUC30,1,2,0.8,0.5791481658952105,0.84323184023213,0.574091901440393,False
ERKAUC30,1,2,0.9,0.5705549941903566,0.8567248199042202,0.5853959565095813,False
ERKAUC30,1,2,1.0,0.5612212279670681,0.872087448979357,0.5980414225299079,False
ERKAUC30,1,3,0.0,0.6045305002370378,0.7975419745557486,0.5408713689866997,False
ERKAUC30,1,3,0.1,0.609247036673777,0.7935213195500278,0.5377518033344508,False
ERKAUC30,1,3,0.2,0.6118096685320432,0.7916132878210247,0.5363119612286272,False
ERKAUC30,1,3,0.3,0.6122473908732033,0.7918339639298305,0.5367648154095642,True
ERKAUC30,1,3,0.4,0.6106526680389817,0.7941817926114261,0.5389265568899293,False
ERKAUC30,1,3,0.5,0.6071721208759968,0.7986376222894325,0.5427971670654714,False
ERKAUC30,1,3,0.6000000000000001,0.601993768716011,0.8051654964854673,0.5483573201133348,False
ERKAUC30,1,3,0.7000000000000001,0.595332706162724,0.8137141157992993,0.5555500773463481,False
ERKAUC30,1,3,0.8,0.5874170145916924,0.8242188308284781,0.5640944284629628,False
ERKAUC30,1,3,0.9,0.5784753120338557,0.8366039881565472,0.5741241663269993,False
ERKAUC30,1,3,1.0,0.5687267969139528,0.8507854411972797,0.5854825663518732,False
ERKAUC30,1,4,0.0,0.594062241186821,0.8184244048197051,0.5523118582276512,False
ERKAUC30,1,4,0.1,0.5983126190971227,0.8147648721571207,0.5491310649767446,False
ERKAUC30,1,4,0.2,0.6003811947892086,0.8134056519481392,0.5480309583066616,True
ERKAUC30,1,4,0.3,0.6003080336342626,0.8143594211882466,0.5489876047131427,False
ERKAUC30,1,4,0.4,0.5981982116540856,0.8176191876433905,0.5517958800331428,False
ERKAUC30,1,4,0.5,0.5942112810388211,0.8231585369490879,0.5564730448613175,False
ERKAUC30,1,4,0.6000000000000001,0.5885473825421486,0.8309326886517315,0.563010886237043,False
ERKAUC30,1,4,0.7000000000000001,0.5814320504860913,0.8408802643404863,0.5711970043745939,False
ERKAUC30,1,4,0.8,0.5731015868363339,0.8529256091279462,0.5808984848172132,False
ERKAUC30,1,4,0.9,0.563790402252228,0.8669814707900603,0.5920162382576669,False
ERKAUC30,1,4,1.0,0.553721119527262,0.8829518321736828,0.6044614129625725,False
ERKAUC30,1,5,0.0,0.606874769690818,0.8002694138964213,0.5459851949586787,False
ERKAUC30,1,5,0.1,0.6118922254651273,0.7958344850960053,0.5425983386215291,False
ERKAUC30,1,5,0.2,0.6148096536879211,0.7935547547861347,0.5408951278079294,False
ERKAUC30,1,5,0.3,0.6156481574527688,0.7934483404246191,0.5411841210572936,True
ERKAUC30,1,5,0.4,0.6144895285378388,0.7955152015219624,0.5435620726057759,False
ERKAUC30,1,5,0.5,0.6114677815965506,0.7997371778693564,0.5476583259615817,False
ERKAUC30,1,5,0.6000000000000001,0.6067574634934871,0.8060787868936767,0.5534108594716252,False
ERKAUC30,1,5,0.7000000000000001,0.6005604435662029,0.8144886992428045,0.5608012089242882,False
ERKAUC30,1,5,0.8,0.5930928092033603,0.8249017523615579,0.5696181373510162,False
ERKAUC30,1,5,0.9,0.5845731403762543,0.8372413257471782,0.5796845183923501,False
ERKAUC30,1,5,1.0,0.5752129596462477,0.8514218917036442,0.5908892931841071,False
ERKAUC30,1,6,0.0,0.6247154499848524,0.7866781193326843,0.5352770141254799,False
ERKAUC30,1,6,0.1,0.6298082719473989,0.782156831809687,0.5323532586549635,False
ERKAUC30,1,6,0.2,0.6327377007378959,0.7798621159497903,0.5314410401538131,False
ERKAUC30,1,6,0.3,0.6335426661082613,0.7798138651558824,0.5323603850384067,True
ERKAUC30,1,6,0.4,0.6323221899654505,0.7820126268096728,0.5352022557125709,False
ERKAUC30,1,6,0.5,0.6292256796123094,0.7864395725329258,0.5399011789056584,False
ERKAUC30,1,6,0.6000000000000001,0.6244404110093624,0.7930572973136312,0.5464331366975097,False
ERKAUC30,1,6,0.7000000000000001,0.6181779313404967,0.8018113694571379,0.5544988414359256,False
ERKAUC30,1,6,0.8,0.6106609509468772,0.8126324851218577,0.5640138864818529,False
ERKAUC30,1,6,0.9,0.6021118989058809,0.8254390371165545,0.5746790571562874,False
ERKAUC30,1,6,1.0,0.59274382675152,0.8401398922891594,0.5864923252800006,False
ERKAUC30,1,7,0.0,0.6093345899328997,0.7899521856759455,0.5381735311049636,False
ERKAUC30,1,7,0.1,0.6137454964649117,0.7863056933631875,0.5349525488715553,False
ERKAUC30,1,7,0.2,0.6159916751084442,0.7848229761905205,0.5338018116902584,False
ERKAUC30,1,7,0.3,0.6161255839828585,0.7855162323063654,0.5346169835916668,True
ERKAUC30,1,7,0.4,0.614259915467693,0.7883792579958171,0.5371985887071276,False
ERKAUC30,1,7,0.5,0.6105566353403735,0.7933877304189223,0.541629035838062,False
ERKAUC30,1,7,0.6000000000000001,0.6052134759172736,0.8005002461200931,0.5479305950012263,False
ERKAUC30,1,7,0.7000000000000001,0.598449729371815,0.8096600123381389,0.5557057808802176,False
ERKAUC30,1,7,0.8,0.5904929295042592,0.8207970334769084,0.5649561530195639,False
ERKAUC30,1,7,0.9,0.5815675363608797,0.8338306060114806,0.5756225025727726,False
ERKAUC30,1,7,1.0,0.5718862058797185,0.8486719328315756,0.5874793578796622,False
ERKAUC30,1,8,0.0,0.6114135126561048,0.7890685721015224,0.5416381340591758,False
ERKAUC30,1,8,0.1,0.6165090749678643,0.7846024565410694,0.5384422380651204,False
ERKAUC30,1,8,0.2,0.6194199157038117,0.7823001661090727,0.5371718503636228,False
ERKAUC30,1,8,0.3,0.6201694741427053,0.7821810001495376,0.5377658748193431,True
ERKAUC30,1,8,0.4,0.6188454423206167,0.7842460909227935,0.5400625252395654,False
ERKAUC30,1,8,0.5,0.6155907243347837,0.7884783502491857,0.5440146872098589,False
ERKAUC30,1,8,0.6000000000000001,0.6105909544566475,0.79484316883404,0.5496736558813206,False
ERKAUC30,1,8,0.7000000000000001,0.6040603807311318,0.8032898025471213,0.5570623134351879,False
ERKAUC30,1,8,0.8,0.5962278488149106,0.813753319334906,0.5660718821767903,False
ERKAUC30,1,8,0.9,0.5873242606432936,0.8261569399582603,0.576494871198599,False
ERKAUC30,1,8,1.0,0.5775723786498355,0.8404145897268267,0.5881906702012222,False
ERKAUC30,1,9,0.0,0.6030402559072882,0.8123045562551768,0.5491832616974475,False
ERKAUC30,1,9,0.1,0.6080583142286221,0.8079602910072483,0.5461349706972027,False
ERKAUC30,1,9,0.2,0.610832217264755,0.8059256885282335,0.5450437479481556,False
ERKAUC30,1,9,0.3,0.6114026675475245,0.8062183365942923,0.5459353282948085,True
ERKAUC30,1,9,0.4,0.6098777110557595,0.8088356941252226,0.5488495303965222,False
ERKAUC30,1,9,0.5,0.6064213256331679,0.8137552030761984,0.5536921050240733,False
ERKAUC30,1,9,0.6000000000000001,0.6012386979697458,0.820935252281949,0.5603608887632159,False
ERKAUC30,1,9,0.7000000000000001,0.5945603740620765,0.8303168986193755,0.5686520211509137,False
ERKAUC30,1,9,0.8,0.58662721856572,0.8418261841431842,0.578342118898601,False
ERKAUC30,1,9,0.9,0.5776775687816533,0.8553768474009118,0.5893111445902455,False
ERKAUC30,1,9,1.0,0.5679373231221061,0.8708732164105497,0.6014955237965118,False
ERKAUC30,1,10,0.0,0.5928684647919862,0.8118841160821487,0.5462424177670757,False
ERKAUC30,1,10,0.1,0.5977060600101037,0.8077978899536553,0.5433123455198624,False
ERKAUC30,1,10,0.2,0.6005783181707864,0.8056610035236075,0.5422361411940336,False
ERKAUC30,1,10,0.3,0.601503237538058,0.8054885512343202,0.5428383032039366,True
ERKAUC30,1,10,0.4,0.600553117257643,0.8072813915176276,0.545013395636025,False
ERKAUC30,1,10,0.5,0.5978475473624347,0.8110261305798427,0.54872413378609,False
ERKAUC30,1,10,0.6000000000000001,0.5935435080648347,0.8166956151069888,0.5538915792402417,False
ERKAUC30,1,10,0.7000000000000001,0.5878239563724874,0.8242498924648268,0.5605189170373828,False
ERKAUC30,1,10,0.8,0.5808862699844469,0.833637561564182,0.5686341339400417,False
ERKAUC30,1,10,0.9,0.5729316790652503,0.8447974128289257,0.5779771382293174,False
ERKAUC30,1,10,1.0,0.5641564475000449,0.8576602439685015,0.5885562449352317,False
ERKAUC30,2,1,0.0,0.5901741516913661,0.8185545741060377,0.5528138046894691,False
ERKAUC30,2,1,0.1,0.5950834052862751,0.8142422933109221,0.549425255825764,False
ERKAUC30,2,1,0.2,0.5979547418598194,0.8120707709899154,0.5479130984099913,False
ERKAUC30,2,1,0.3,0.5987977348493627,0.8120569398064532,0.5481861428398441,True
ERKAUC30,2,1,0.4,0.5976810742000966,0.8142006274301024,0.5503387704599049,False
ERKAUC30,2,1,0.5,0.5947256676472262,0.8184845741051172,0.5543698166600496,False
ERKAUC30,2,1,0.6000000000000001,0.5900943171780414,0.8248751188340806,0.5599719533997451,False
ERKAUC30,2,1,0.7000000000000001,0.5839794558607573,0.833323491645543,0.5671783354559443,False
ERKAUC30,2,1,0.8,0.5765904825402073,0.8437675994439239,0.5757516216297407,False
ERKAUC30,2,1,0.9,0.5681420091067697,0.8561341600135733,0.5854733304063303,False
ERKAUC30,2,1,1.0,0.5588439425796313,0.8703410259811349,0.5964697445477134,False
ERKAUC30,2,2,0.0,0.6053816141558429,0.8078834078193136,0.5469845631654259,False
ERKAUC30,2,2,0.1,0.6097739513113669,0.8040541564035747,0.5436949079074986,False
ERKAUC30,2,2,0.2,0.6120214655467985,0.80244263472709,0.5424421601210424,False
ERKAUC30,2,2,0.3,0.6121613548628171,0.8030618748989797,0.5430826575956583,True
ERKAUC30,2,2,0.4,0.6102924274103171,0.8059063506418482,0.5455991961858375,False
ERKAUC30,2,2,0.5,0.6065654509460627,0.8109522233833865,0.5499342539484176,False
ERKAUC30,2,2,0.6000000000000001,0.6011704074045126,0.8181583288047062,0.5559742239064589,False
ERKAUC30,2,2,0.7000000000000001,0.5943224647024832,0.8274678104011063,0.5637095093434935,False
ERKAUC30,2,2,0.8,0.5862483471438358,0.8388102539993867,0.5730624901865575,False
ERKAUC30,2,2,0.9,0.577174385008458,0.8521041470865913,0.5839624198796785,False
ERKAUC30,2,2,1.0,0.5673170056087489,0.8672594810492221,0.5963443502215556,False
ERKAUC30,2,3,0.0,0.6143211724614623,0.787447799977868,0.5370741579046532,False
ERKAUC30,2,3,0.1,0.6196253374571632,0.7829122574074427,0.5336936824912419,False
ERKAUC30,2,3,0.2,0.6227585599785288,0.7805085794704556,0.5321848626311686,False
ERKAUC30,2,3,0.3,0.6237524738166804,0.7802566754944072,0.5325938268462347,True
ERKAUC30,2,3,0.4,0.6227009516296045,0.7821586669543,0.534829040251726,False
ERKAUC30,2,3,0.5,0.6197506508304882,0.786198799549167,0.538793103199101,False
ERKAUC30,2,3,0.6000000000000001,0.6150884061693589,0.7923440936402038,0.544411615951537,False
ERKAUC30,2,3,0.7000000000000001,0.6089272651753587,0.800545671012485,0.551672269495666,False
ERKAUC30,2,3,0.8,0.6014928470418719,0.8107406360322695,0.5605766655182002,False
ERKAUC30,2,3,0.9,0.5930113172289894,0.8228543490006528,0.5709749218934709,False
ERKAUC30,2,3,1.0,0.5836997587795147,0.8368029131982894,0.5827181749302401,False
ERKAUC30,2,4,0.0,0.6250226607667069,0.7897522690032839,0.5370469050967863,False
ERKAUC30,2,4,0.1,0.6298475458971626,0.7852650434633304,0.5338097547096017,False
ERKAUC30,2,4,0.2,0.6324069938392913,0.7831234956253816,0.5327373699547853,False
ERKAUC30,2,4,0.3,0.6327164757151262,0.7833472788599385,0.5335832105063373,True
ERKAUC30,2,4,0.4,0.6308623623346865,0.7859336536664567,0.536291755173175,False
ERKAUC30,2,4,0.5,0.6269930760311389,0.790857627686095,0.5412419928455259,False
ERKAUC30,2,4,0.6000000000000001,0.6213056933783195,0.7980731667792813,0.5479552214753936,False
ERKAUC30,2,4,0.7000000000000001,0.614030110098452,0.8075153408816153,0.5563372352375302,False
ERKAUC30,2,4,0.8,0.6054129564548806,0.81910317463939,0.5661605562125899,False
ERKAUC30,2,4,0.9,0.5957030804405571,0.8327429223786635,0.5772680052501237,False
ERKAUC30,2,4,1.0,0.5851397835471589,0.8483314834365118,0.589797940351908,False
ERKAUC30,2,5,0.0,0.6133193461427926,0.8004793458845839,0.5418948082477277,False
ERKAUC30,2,5,0.1,0.6169614638377995,0.7973697824357281,0.5395264298490792,False
ERKAUC30,2,5,0.2,0.6185297789720992,0.7964414203978893,0.5390971119574359,True
ERKAUC30,2,5,0.3,0.6180744719715007,0.7977031042797884,0.5405068735427621,False
ERKAUC30,2,5,0.4,0.6157022599328039,0.8011453278409164,0.5436125900965466,False
ERKAUC30,2,5,0.5,0.6115665739261125,0.8067405977292632,0.5487642035748397,False
ERKAUC30,2,5,0.6000000000000001,0.60585519153009,0.8144445371717162,0.5558547437353649,False
ERKAUC30,2,5,0.7000000000000001,0.5987770190332746,0.8241976267817798,0.5645446593937362,False
ERKAUC30,2,5,0.8,0.5905495316585634,0.8359274263140151,0.5746875077156608,False
ERKAUC30,2,5,0.9,0.5813879698646744,0.8495510924651356,0.586100925847111,False
ERKAUC30,2,5,1.0,0.5714969001449038,0.8649780052223974,0.5986061018801282,False
ERKAUC30,2,6,0.0,0.6028528868955757,0.8039957082769051,0.545474551272195,False
ERKAUC30,2,6,0.1,0.6070438476370026,0.8004910460952596,0.5427587623298062,False
ERKAUC30,2,6,0.2,0.6090121098380565,0.7992347258584254,0.5420515654911153,True
ERKAUC30,2,6,0.3,0.6088163768833569,0.8002384441356849,0.5432791407463473,False
ERKAUC30,2,6,0.4,0.6065790563021011,0.8034946831687405,0.5463112963742727,False
ERKAUC30,2,6,0.5,0.6024742668939457,0.8089769899763752,0.5511845803245469,False
ERKAUC30,2,6,0.6000000000000001,0.5967130975690333,0.8166410438339028,0.5578820921515413,False
ERKAUC30,2,6,0.7000000000000001,0.5895281772530452,0.8264264128478386,0.5661474579411673,False
ERKAUC30,2,6,0.8,0.5811593199793477,0.8382588411857418,0.576055394426999,False
ERKAUC30,2,6,0.9,0.571841466465192,0.8520528743221025,0.5873155528122972,False
ERKAUC30,2,6,1.0,0.561795536420098,0.867714623092815,0.5997618754665218,False
ERKAUC30,2,7,0.0,0.5908801223308682,0.8085521253989671,0.5462109359760459,False
ERKAUC30,2,7,0.1,0.5961288708298628,0.8042389656522084,0.5421868221181418,False
ERKAUC30,2,7,0.2,0.599192567660168,0.8021179758520253,0.5400588909357869,False
ERKAUC30,2,7,0.3,0.6001130937398733,0.802206893889441,0.5399870301472983,True
ERKAUC30,2,7,0.4,0.5989962697348485,0.8045053439698787,0.5419190560677175,False
ERKAUC30,2,7,0.5,0.5960009745849552,0.8089948408689613,0.5458750584614664,False
ERKAUC30,2,7,0.6000000000000001,0.5913252101473707,0.8156395274513265,0.551769403598877,False
ERKAUC30,2,7,0.7000000000000001,0.585191113431207,0.8243875775978624,0.5593122065928873,False
ERKAUC30,2,7,0.8,0.5778307042966915,0.8351731395890762,0.5686345291854725,False
ERKAUC30,2,7,0.9,0.5694736670452609,0.8479186573444313,0.5794560831248788,False
ERKAUC30,2,7,1.0,0.5603378769159255,0.8625373925174067,0.5914644809039924,False
ERKAUC30,2,8,0.0,0.6166865690028746,0.7908773266216027,0.5407160734961776,False
ERKAUC30,2,8,0.1,0.6214662896568119,0.7866084175156531,0.5370826829965398,False
ERKAUC30,2,8,0.2,0.6241227642527971,0.7845182406690171,0.535484257721345,False
ERKAUC30,2,8,0.3,0.6246876750965112,0.7846232038539593,0.5358925636891929,True
ERKAUC30,2,8,0.4,0.6232528252823231,0.7869210746079386,0.5383372306761322,False
ERKAUC30,2,8,0.5,0.6199609281231341,0.791391120560427,0.5424991428038911,False
ERKAUC30,2,8,0.6000000000000001,0.6149934225463891,0.7979950272607896,0.5484311275983619,False
ERKAUC30,2,8,0.7000000000000001,0.6085570478925793,0.8066785009126842,0.5559727542447583,False
ERKAUC30,2,8,0.8,0.6008707761518692,0.8173734044778309,0.5649231167606568,False
ERKAUC30,2,8,0.9,0.5921543133290822,0.8300002414822683,0.575200176670902,False
ERKAUC30,2,8,1.0,0.582618890531595,0.8444707949046147,0.5868339602516518,False
ERKAUC30,2,9,0.0,0.6080322378481096,0.7940496494488467,0.5445225940975689,False
ERKAUC30,2,9,0.1,0.613941768775779,0.788990770769457,0.5402014973907145,False
ERKAUC30,2,9,0.2,0.6176225549715004,0.7861584921900017,0.5377449374974583,False
ERKAUC30,2,9,0.3,0.6191059981484337,0.7855766031754258,0.5373800941484042,True
ERKAUC30,2,9,0.4,0.6184901208413771,0.7872495692247288,0.5390284755306654,False
ERKAUC30,2,9,0.5,0.6159289862996619,0.7911623622258647,0.5424753012415396,False
ERKAUC30,2,9,0.6000000000000001,0.6116186851347355,0.79728113123739,0.547651415198469,False
ERKAUC30,2,9,0.7000000000000001,0.6057819874871263,0.8055546447357003,0.5544823349384311,False
ERKAUC30,2,9,0.8,0.5986535734293621,0.815916364118846,0.5628964293272819,False
ERKAUC30,2,9,0.9,0.5904672537921509,0.8282869608382557,0.5727765992756371,False
ERKAUC30,2,9,1.0,0.5814459736818188,0.8425770711094319,0.584072431698351,False
ERKAUC30,2,10,0.0,0.6087972251024905,0.794176021960386,0.5438914958370431,False
ERKAUC30,2,10,0.1,0.6131078833124365,0.7905891479546466,0.5404634489722373,False
ERKAUC30,2,10,0.2,0.6151838891038202,0.7892804201430517,0.5391172587454691,True
ERKAUC30,2,10,0.3,0.6150806697915453,0.7902606650057441,0.5401207317843035,False
ERKAUC30,2,10,0.4,0.612918500625988,0.7935209256063597,0.5430413135300238,False
ERKAUC30,2,10,0.5,0.6088705917690521,0.7990328641772149,0.5477206466968008,False
ERKAUC30,2,10,0.6000000000000001,0.6031482256841473,0.8067499681283948,0.5541929194485149,False
ERKAUC30,2,10,0.7000000000000001,0.5959850753367876,0.8166094428673236,0.5622961419359245,False
ERKAUC30,2,10,0.8,0.5876225500336032,0.8285346191830382,0.5719981148378739,False
ERKAUC30,2,10,0.9,0.5782974577827613,0.8424376741794328,0.5831743442701518,False
ERKAUC30,2,10,1.0,0.5682326381626033,0.8582224638133609,0.5955624801083363,False
ERKAUC30,3,1,0.0,0.6107470653050155,0.7980099357291425,0.5449439587730278,False
ERKAUC30,3,1,0.1,0.6157149128095647,0.7937299051858913,0.5413238911940953,False
ERKAUC30,3,1,0.2,0.6184730676445301,0.7916913790748942,0.5396891745223807,False
ERKAUC30,3,1,0.3,0.6190648858018782,0.7919111078547991,0.5401268931798457,True
ERKAUC30,3,1,0.4,0.617597350668388,0.7943867329049772,0.5425226334512494,False
ERKAUC30,3,1,0.5,0.614230337394732,0.7990969070015863,0.5468053529811905,False
ERKAUC30,3,1,0.6000000000000001,0.609162868353369,0.8060021963476508,0.5529034099699739,False
ERKAUC30,3,1,0.7000000000000001,0.6026183091583539,0.8150466775471743,0.5605877337705797,False
ERKAUC30,3,1,0.8,0.5948302495524915,0.8261600845101966,0.5699067857844297,False
ERKAUC30,3,1,0.9,0.5860303435435767,0.8392603244989776,0.5806990922607105,False
ERKAUC30,3,1,1.0,0.576438817837367,0.8542561722502248,0.5926670257925657,False
ERKAUC30,3,2,0.0,0.612376588512899,0.8016513158426211,0.544457368036203,False
ERKAUC30,3,2,0.1,0.6170116398620477,0.7975150490778341,0.5411452226871163,False
ERKAUC30,3,2,0.2,0.6197665807390621,0.7953369811037309,0.5395949533847801,False
ERKAUC30,3,2,0.3,0.6206640616275698,0.795133358934974,0.5397727291830526,True
ERKAUC30,3,2,0.4,0.6197747441599774,0.7969055987724664,0.541627181447324,False
ERKAUC30,3,2,0.5,0.6172106877503083,0.8006402403152866,0.5451770046597145,False
ERKAUC30,3,2,0.6000000000000001,0.6131165050723025,0.8063094626768266,0.5503733666351366,False
ERKAUC30,3,2,0.7000000000000001,0.607659446050547,0.813872115775494,0.5569781477958995,False
ERKAUC30,3,2,0.8,0.6010195076587603,0.8232751791942782,0.5648679957876414,False
ERKAUC30,3,2,0.9,0.5933804431189916,0.8344555318429547,0.5740513091079696,False
ERKAUC30,3,2,1.0,0.5849222423336864,0.8473419031497702,0.584444923692595,False
ERKAUC30,3,3,0.0,0.6144430965301277,0.7892497913989593,0.5412175609108728,False
ERKAUC30,3,3,0.1,0.6198465450874286,0.7845524551431057,0.5374935884909723,False
ERKAUC30,3,3,0.2,0.6230871133935171,0.7820183128560159,0.5360354162167569,False
ERKAUC30,3,3,0.3,0.6241920340293481,0.7816685783076658,0.5364167299143163,True
ERKAUC30,3,3,0.4,0.6232508861075262,0.7835061636874152,0.5386768613585423,False
ERKAUC30,3,3,0.5,0.6204064131761249,0.7875155585296711,0.5427974672615938,False
ERKAUC30,3,3,0.6000000000000001,0.6158421221063574,0.7936634829516735,0.5485071410324587,False
ERKAUC30,3,3,0.7000000000000001,0.609768447592932,0.8019002514960352,0.5557421689401976,False
ERKAUC30,3,3,0.8,0.6024091627750925,0.8121617195293037,0.5644014094706895,False
ERKAUC30,3,3,0.9,0.5939893372914968,0.8243716409324294,0.5745312074369144,False
ERKAUC30,3,3,1.0,0.5847256388952886,0.8384442485028305,0.5859370532118158,False
ERKAUC30,3,4,0.0,0.6092809893677048,0.7914143430527052,0.5406799677375915,False
ERKAUC30,3,4,0.1,0.6141567355874121,0.7872466937201262,0.5373901719391014,False
ERKAUC30,3,4,0.2,0.6168089433751447,0.7852910302888911,0.535930290558017,False
ERKAUC30,3,4,0.3,0.6172771233316003,0.7855641611932646,0.5364311777230638,True
ERKAUC30,3,4,0.4,0.6156659383628076,0.7880638543592304,0.5388871159144182,False
ERKAUC30,3,4,0.5,0.612134595097821,0.792768927364545,0.5432071472068325,False
ERKAUC30,3,4,0.6000000000000001,0.6068830118889016,0.7996401391393793,0.549306334559182,False
ERKAUC30,3,4,0.7000000000000001,0.6001367550291385,0.8086217967828564,0.557080034431051,False
ERKAUC30,3,4,0.8,0.5921325554605357,0.8196439277581096,0.5662877971645948,False
ERKAUC30,3,4,0.9,0.5831057531827174,0.8326248287604822,0.5771299235194584,False
ERKAUC30,3,4,1.0,0.5732804389216144,0.8474737914990493,0.5892016519776495,False
ERKAUC30,3,5,0.0,0.6029474280288574,0.8052874807083412,0.5445563423097484,False
ERKAUC30,3,5,0.1,0.6077808142445316,0.8010839488815119,0.541371139824664,False
ERKAUC30,3,5,0.2,0.6103022615355618,0.7992281915146999,0.540327803120273,False
ERKAUC30,3,5,0.3,0.6105438101797759,0.7997366783668155,0.5412693751523635,True
ERKAUC30,3,5,0.4,0.6086105042663347,0.8026044873169894,0.5443339950165564,False
ERKAUC30,3,5,0.5,0.6046690168944565,0.8078055424954211,0.5495213853815224,False
ERKAUC30,3,5,0.6000000000000001,0.5989322199120798,0.8152938022363212,0.5565104730164399,False
ERKAUC30,3,5,0.7000000000000001,0.5916421055706563,0.8250052716342221,0.5651351921557835,False
ERKAUC30,3,5,0.8,0.583053280744417,0.836860639226772,0.5752144150146563,False
ERKAUC30,3,5,0.9,0.5734186847858403,0.8507682968225808,0.5866869852509524,False
ERKAUC30,3,5,1.0,0.5629784621399392,0.8666274980882562,0.5995781276951441,False
ERKAUC30,3,6,0.0,0.6129579350517016,0.7980690205296993,0.5432962274937632,False
ERKAUC30,3,6,0.1,0.6176797163677662,0.7938376746250911,0.5396643687097715,False
ERKAUC30,3,6,0.2,0.6202446313172418,0.7918589069794149,0.5382109637290656,False
ERKAUC30,3,6,0.3,0.6206739752579399,0.7921493783694586,0.538802817984318,True
ERKAUC30,3,6,0.4,0.6190525904481111,0.794706251729855,0.5413036738540015,False
ERKAUC30,3,6,0.5,0.6155203105503406,0.7995073300248119,0.5455456269454718,False
ERKAUC30,3,6,0.6000000000000001,0.6102598394028828,0.8065120113892,0.5515848461527394,False
ERKAUC30,3,6,0.7000000000000001,0.6034828521523172,0.8156629671078341,0.5592292857642007,False
ERKAUC30,3,6,0.8,0.5954160720206433,0.8268883854378583,0.5682392978521605,False
ERKAUC30,3,6,0.9,0.5862887331798003,0.8401045871764037,0.5785379298170464,False
ERKAUC30,3,6,1.0,0.5763223373419439,0.8552188100569875,0.5901797283792047,False
ERKAUC30,3,7,0.0,0.6126807867658501,0.7944894051999516,0.5421507796849531,False
ERKAUC30,3,7,0.1,0.6179212307943558,0.789752968572196,0.5384104494312371,False
ERKAUC30,3,7,0.2,0.6210107714717829,0.7872393307777368,0.5367423499104044,False
ERKAUC30,3,7,0.3,0.6219698821101196,0.7869699420394778,0.5370041417512714,True
ERKAUC30,3,7,0.4,0.620881755054713,0.7889471788746566,0.5389734898066547,False
ERKAUC30,3,7,0.5,0.6178835614103086,0.7931542430441357,0.5426934869920149,False
ERKAUC30,3,7,0.6000000000000001,0.613154383672825,0.7995558710088718,0.5481080625863253,False
ERKAUC30,3,7,0.7000000000000001,0.6069015777928108,0.8080997848338003,0.5550404136688384,False
ERKAUC30,3,7,0.8,0.5993472363529813,0.8187187486577054,0.5632961938785839,False
ERKAUC30,3,7,0.9,0.590716066442875,0.8313330502316397,0.5730548966488345,False
ERKAUC30,3,7,1.0,0.5812255081203098,0.8458532094528579,0.5841631648151795,False
ERKAUC30,3,8,0.0,0.6114437743887849,0.7918746047038745,0.5424137295159905,False
ERKAUC30,3,8,0.1,0.6169131215788317,0.7869910055019674,0.5381260695546528,False
ERKAUC30,3,8,0.2,0.6204256692533006,0.7840823107902543,0.5356145972536904,False
ERKAUC30,3,8,0.3,0.6219851641752465,0.7831695316940688,0.5350181998257962,True
ERKAUC30,3,8,0.4,0.6216486956292571,0.7842583711029051,0.5362124995259961,False
ERKAUC30,3,8,0.5,0.6195204980462149,0.7873390547588714,0.5390482712149851,False
ERKAUC30,3,8,0.6000000000000001,0.6157429849971291,0.7923867616056446,0.5432554270063198,False
ERKAUC30,3,8,0.7000000000000001,0.6104862656494643,0.7993626102799813,0.5490898022707544,False
ERKAUC30,3,8,0.8,0.6039373736103839,0.8082151123636884,0.5563469298975099,False
ERKAUC30,3,8,0.9,0.596290227360331,0.8188819708666359,0.5649370028542536,False
ERKAUC30,3,8,1.0,0.5877370290083794,0.8312920875880039,0.57480621473843,False
ERKAUC30,3,9,0.0,0.6140496049370997,0.7974575352333562,0.5437462054191607,False
ERKAUC30,3,9,0.1,0.6184604326453663,0.7935830647343758,0.5403828349900129,False
ERKAUC30,3,9,0.2,0.6206501684808323,0.792022560126911,0.53911158814494,False
ERKAUC30,3,9,0.3,0.6206633969858493,0.7927883822006974,0.5399722044685007,True
ERKAUC30,3,9,0.4,0.6186094900367486,0.7958720910400464,0.5428354737866236,False
ERKAUC30,3,9,0.5,0.6146514174920386,0.8012448984410059,0.5476603835916182,False
ERKAUC30,3,9,0.6000000000000001,0.6089915468370534,0.8088590048373865,0.5542102650089509,False
ERKAUC30,3,9,0.7000000000000001,0.60185648408097,0.8186496779052904,0.5625681228671884,False
ERKAUC30,3,9,0.8,0.5934827415658391,0.8305378690524275,0.5726946595200427,False
ERKAUC30,3,9,0.9,0.5841044951950018,0.8444331373526446,0.584314351431097,False
ERKAUC30,3,9,1.0,0.5739440992280802,0.8602366570915583,0.5972505666767527,False
ERKAUC30,3,10,0.0,0.6015741588077956,0.8062257433677388,0.5475742119106887,False
ERKAUC30,3,10,0.1,0.6076926386734283,0.8008631234192803,0.5432619481020732,False
ERKAUC30,3,10,0.2,0.6116652110216779,0.7976702781113869,0.5410331928383881,False
ERKAUC30,3,10,0.3,0.6135026722507446,0.7966734545061935,0.5410244675626741,True
ERKAUC30,3,10,0.4,0.6132800874425598,0.7978808694117832,0.5429119113648702,False
ERKAUC30,3,10,0.5,0.6111284747309584,0.8012823724399573,0.5466202123338146,False
ERKAUC30,3,10,0.6000000000000001,0.6072228096563483,0.8068498724807686,0.5521876041264522,False
ERKAUC30,3,10,0.7000000000000001,0.6017681627882341,0.8145384860987027,0.5593777848212085,False
ERKAUC30,3,10,0.8,0.594985756113112,0.8242883001160877,0.5680032075846875,False
ERKAUC30,3,10,0.9,0.5871003762252656,0.8360265921885064,0.5780498321621057,False
ERKAUC30,3,10,1.0,0.5783300690831732,0.8496703286310799,0.5894029694916296,False
ERKAUC30,4,1,0.0,0.6091703957248786,0.802436393928212,0.5447851026105466,False
ERKAUC30,4,1,0.1,0.6131695091297715,0.7988737893537162,0.5422305057421962,False
ERKAUC30,4,1,0.2,0.6151927112019513,0.7973389662183656,0.5414130519348387,False
ERKAUC30,4,1,0.3,0.6152711860326079,0.7978427542707596,0.5421650223335532,True
ERKAUC30,4,1,0.4,0.613488873121194,0.8003802933312851,0.5446087731403606,False
ERKAUC30,4,1,0.5,0.6099746042222066,0.8049312587637395,0.5485203557366344,False
ERKAUC30,4,1,0.6000000000000001,0.6048917537515901,0.8114606658975315,0.5539651852775401,False
ERKAUC30,4,1,0.7000000000000001,0.5984268056607098,0.8199201805992239,0.5610004758066712,False
ERKAUC30,4,1,0.8,0.5907781358731372,0.8302498254294214,0.5694310992677261,False
ERKAUC30,4,1,0.9,0.582146011041088,0.8423799491041131,0.5791844370552235,False
ERKAUC30,4,1,1.0,0.5727244219838141,0.8562333223617735,0.5901378521301363,False
ERKAUC30,4,2,0.0,0.6126622996340413,0.7960256143088753,0.5444176148806619,False
ERKAUC30,4,2,0.1,0.6176571436873717,0.7917361838028247,0.5411626442604736,False
ERKAUC30,4,2,0.2,0.6204184443416132,0.7896863277913919,0.539793428575598,False
ERKAUC30,4,2,0.3,0.6209929998850967,0.7898935587109721,0.5403218565157146,True
ERKAUC30,4,2,0.4,0.6194919029534324,0.7923561241737689,0.5427423933163392,False
ERKAUC30,4,2,0.5,0.616079312279967,0.7970530805346003,0.5471228555821643,False
ERKAUC30,4,2,0.6000000000000001,0.6109582958281286,0.8039451733063162,0.5532423716700113,False
ERKAUC30,4,2,0.7000000000000001,0.60435574302218,0.8129764394946795,0.5607688105983784,False
ERKAUC30,4,2,0.8,0.5965080995256006,0.8240763835435917,0.5697241679306864,False
ERKAUC30,4,2,0.9,0.5876491787439816,0.8371625390923813,0.5800325129240582,False
ERKAUC30,4,2,1.0,0.5780007241993912,0.8521432167894233,0.5916372504749972,False
ERKAUC30,4,3,0.0,0.5892237762629076,0.8117638890462207,0.5514495937402468,False
ERKAUC30,4,3,0.1,0.5936684183089194,0.8080003945272395,0.5484831459103969,False
ERKAUC30,4,3,0.2,0.5960210605270392,0.8063412413014575,0.5476463888355291,False
ERKAUC30,4,3,0.3,0.5963137041439402,0.8067989600437819,0.5486196629245474,True
ERKAUC30,4,3,0.4,0.5946403824386927,0.8093691570432535,0.5512384787871463,False
ERKAUC30,4,3,0.5,0.5911473839915391,0.8140307170670728,0.5555877924553645,False
ERKAUC30,4,3,0.6000000000000001,0.5860202564676058,0.8207466673037104,0.5615233677257716,False
ERKAUC30,4,3,0.7000000000000001,0.5794695423599785,0.8294656208493218,0.5690096560925224,False
ERKAUC30,4,3,0.8,0.5717170248519741,0.8401236713986975,0.5778911753713466,False
ERKAUC30,4,3,0.9,0.5629837974287195,0.8526465838811269,0.5880158975029758,False
ERKAUC30,4,3,1.0,0.5534808973789598,0.8669521203780516,0.5994060613341299,False
ERKAUC30,4,4,0.0,0.5999197423949052,0.7972836417108508,0.5432053328708932,False
ERKAUC30,4,4,0.1,0.6058177388485418,0.7923579323379276,0.5393707124644157,False
ERKAUC30,4,4,0.2,0.6095128705649504,0.7895553204319261,0.5373598331986844,False
ERKAUC30,4,4,0.3,0.6110322932384062,0.7888989090237508,0.5371456954044528,True
ERKAUC30,4,4,0.4,0.6104691285373564,0.7903944047528932,0.5388807647527839,False
ERKAUC30,4,4,0.5,0.6079723234020793,0.7940298716547681,0.5422457000941904,False
ERKAUC30,4,4,0.6000000000000001,0.6037330766479736,0.7997762054745432,0.5474526681385758,False
ERKAUC30,4,4,0.7000000000000001,0.5979698569919415,0.8075882849443625,0.5544116112430691,False
ERKAUC30,4,4,0.8,0.5909138754450847,0.8174066955366129,0.5630213729393266,False
ERKAUC30,4,4,0.9,0.5827964086785631,0.8291598769844779,0.5730231127981689,False
ERKAUC30,4,4,1.0,0.5738387808008165,0.8427665238620164,0.5842405413867015,False
ERKAUC30,4,5,0.0,0.6100862772986255,0.8077285430913005,0.5522553372558611,False
ERKAUC30,4,5,0.1,0.6156363751231085,0.8027307027608167,0.5480302339321705,False
ERKAUC30,4,5,0.2,0.6189832651015907,0.8000123099479334,0.5458229625938756,False
ERKAUC30,4,5,0.3,0.6201502003314531,0.7995951865668465,0.5455565806472141,True
ERKAUC30,4,5,0.4,0.6192275335396917,0.8014808911233929,0.5472521532471778,False
ERKAUC30,4,5,0.5,0.6163624876502036,0.8056507435151044,0.5511265309311716,False
ERKAUC30,4,5,0.6000000000000001,0.6117453398362352,0.8120667446218139,0.5570609781138354,False
ERKAUC30,4,5,0.7000000000000001,0.6055941730953894,0.8206732867710074,0.5648574371004865,False
ERKAUC30,4,5,0.8,0.5981401491255018,0.8313994800314604,0.5742777331333919,False
ERKAUC30,4,5,0.9,0.5896147311239105,0.8441618791618948,0.5850722497532886,False
ERKAUC30,4,5,1.0,0.5802396475451604,0.8588673891316738,0.5971106047498369,False
ERKAUC30,4,6,0.0,0.6161757985185339,0.7940392758376429,0.5383815188785535,False
ERKAUC30,4,6,0.1,0.6208208454705446,0.7899406744011073,0.5356531238504544,False
ERKAUC30,4,6,0.2,0.6232589605851249,0.7881055683087279,0.5350159733910733,False
ERKAUC30,4,6,0.3,0.6235292381851152,0.7885499115921665,0.5361480526939374,True
ERKAUC30,4,6,0.4,0.6217349326048713,0.7912699159736348,0.5392443596518071,False
ERKAUC30,4,6,0.5,0.6180331577482734,0.7962422104551944,0.5443379615690246,False
ERKAUC30,4,6,0.6000000000000001,0.6126213705198895,0.8034248328637817,0.5512062987321655,False
ERKAUC30,4,6,0.7000000000000001,0.6057225887711966,0.8127589570118033,0.5594432698107087,False
ERKAUC30,4,6,0.8,0.597571131560812,0.8241711946455403,0.5689919439177931,False
ERKAUC30,4,6,0.9,0.5884002196418432,0.8375762728556231,0.5798411473088264,False
ERKAUC30,4,6,1.0,0.5784322078425934,0.8528798783310855,0.591955665341557,False
ERKAUC30,4,7,0.0,0.6026789394537179,0.7948438959815716,0.5406360653177249,False
ERKAUC30,4,7,0.1,0.6083087640798982,0.7900059240316617,0.5367813543666735,False
ERKAUC30,4,7,0.2,0.6117693523333407,0.7873179888889614,0.5350656534341627,False
ERKAUC30,4,7,0.3,0.613078962856481,0.7868003622301347,0.535272411660229,True
ERKAUC30,4,7,0.4,0.6123220332227455,0.7884547037981422,0.5371677071000247,False
ERKAUC30,4,7,0.5,0.6096397973971366,0.7922640954650895,0.5407904388029685,False
ERKAUC30,4,7,0.6000000000000001,0.6052171633146202,0.7981938844451107,0.5462896393757789,False
ERKAUC30,4,7,0.7000000000000001,0.5992678897254121,0.8061932401751161,0.5532772964877891,False
ERKAUC30,4,7,0.8,0.5920199951572205,0.8161972657719924,0.5618031456932816,False
ERKAUC30,4,7,0.9,0.5837028834129431,0.8281294695454753,0.5716781684307849,False
ERKAUC30,4,7,1.0,0.5745370706726004,0.8419043966299518,0.5828485415260519,False
ERKAUC30,4,8,0.0,0.6134567100498123,0.7986766803900485,0.5440663035870136,False
ERKAUC30,4,8,0.1,0.6196232385239496,0.7930718540392035,0.5397816577583165,False
ERKAUC30,4,8,0.2,0.6238377120631473,0.7894833833174092,0.5373686316542317,False
ERKAUC30,4,8,0.3,0.6260953608394489,0.7879385910765547,0.537071588225991,False
ERKAUC30,4,8,0.4,0.6264452745608577,0.7884489941510399,0.5386188208880178,True
ERKAUC30,4,8,0.5,0.6249849718691753,0.791009870781426,0.5419044296917966,False
ERKAUC30,4,8,0.6000000000000001,0.6218518819990428,0.795600469947954,0.5469665647882792,False
ERKAUC30,4,8,0.7000000000000001,0.6172129612598466,0.8021848418362623,0.5536238208112693,False
ERKAUC30,4,8,0.8,0.611253736166368,0.8107132134970312,0.5617059765552581,False
ERKAUC30,4,8,0.9,0.6041679041654395,0.8211237907521213,0.5710790795157722,False
ERKAUC30,4,8,1.0,0.5961483156106213,0.8333448421825043,0.5817066365121141,False
ERKAUC30,4,9,0.0,0.6043973875921131,0.802246068619335,0.5439429288742492,False
ERKAUC30,4,9,0.1,0.6097808348470004,0.7976214072002417,0.5403057705431108,False
ERKAUC30,4,9,0.2,0.6130523277503948,0.795127693472213,0.5387418602990197,False
ERKAUC30,4,9,0.3,0.6142360023943603,0.7947850587656747,0.5390294704715213,True
ERKAUC30,4,9,0.4,0.6134168465344658,0.7965962331255253,0.5408671147382323,False
ERKAUC30,4,9,0.5,0.6107319537873044,0.8005464384621247,0.5444820226244868,False
ERKAUC30,4,9,0.6000000000000001,0.606358584544649,0.8066039897740973,0.5496172551715841,False
ERKAUC30,4,9,0.7000000000000001,0.6005007606129636,0.8147215478262251,0.5563376061997701,False
ERKAUC30,4,9,0.8,0.5933760345011332,0.8248379099842106,0.5645784062991107,False
ERKAUC30,4,9,0.9,0.5852037150566171,0.8368801872093627,0.574354618207875,False
ERKAUC30,4,9,1.0,0.576195343109766,0.8507661986668225,0.585589721135771,False
ERKAUC30,4,10,0.0,0.6124194196574217,0.7969491598066809,0.543119117260453,False
ERKAUC30,4,10,0.1,0.618001072896853,0.7918900289845684,0.5391859523807533,False
ERKAUC30,4,10,0.2,0.6216047416990171,0.7888951034224972,0.5370307939610802,False
ERKAUC30,4,10,0.3,0.6232408832997604,0.7879882894077628,0.5366251255775129,True
ERKAUC30,4,10,0.4,0.6229735873222841,0.7891769576113589,0.5378286354478501,False
ERKAUC30,4,10,0.5,0.6209141146915597,0.7924516479717224,0.5409501916776968,False
ERKAUC30,4,10,0.6000000000000001,0.6172116038714323,0.7977864509228891,0.5457435285350989,False
ERKAUC30,4,10,0.7000000000000001,0.6120422244012782,0.8051400289071224,0.5521578263050546,False
ERKAUC30,4,10,0.8,0.6055980636215956,0.8144571851784118,0.5601098615177098,False
ERKAUC30,4,10,0.9,0.5980768255959833,0.8256708449365316,0.5694796624680495,False
ERKAUC30,4,10,1.0,0.5896730910289812,0.8387042919806602,0.5801990394948512,False
ERKAUC30,5,1,0.0,0.6007122715809246,0.8022343540260852,0.5430443642956077,False
ERKAUC30,5,1,0.1,0.6050629609311652,0.798586767119534,0.5400602669284134,False
ERKAUC30,5,1,0.2,0.6072120027609643,0.7971449811672241,0.5392416109429404,True
ERKAUC30,5,1,0.3,0.6071951865810264,0.7979197198821893,0.540365964152443,False
ERKAUC30,5,1,0.4,0.6051149077694296,0.8009033868086121,0.543496338580101,False
ERKAUC30,5,1,0.5,0.6011297693419129,0.8060704215418675,0.5484154688800946,False
ERKAUC30,5,1,0.6000000000000001,0.5954405738849484,0.8133783653879562,0.5548686653910415,False
ERKAUC30,5,1,0.7000000000000001,0.5882748191322718,0.8227695360930974,0.5627644000549764,False
ERKAUC30,5,1,0.8,0.5798716675566092,0.8341731646861174,0.5721541659427073,False
ERKAUC30,5,1,0.9,0.5704688768359846,0.8475078228624338,0.5828344232047046,False
ERKAUC30,5,1,1.0,0.5602925502258629,0.8626839674297739,0.5946658962616741,False
ERKAUC30,5,2,0.0,0.6084279664510424,0.8033338641013049,0.5459408566181212,False
ERKAUC30,5,2,0.1,0.6129419663882864,0.7993544627060356,0.5426741064859311,False
ERKAUC30,5,2,0.2,0.615530091694833,0.7973334851639724,0.5410768111927654,False
ERKAUC30,5,2,0.3,0.6162096688178508,0.7972863714705914,0.5413690042364913,True
ERKAUC30,5,2,0.4,0.6150497586374793,0.799213566398476,0.5432505484538386,False
ERKAUC30,5,2,0.5,0.612164585262047,0.8031004943385953,0.5468282021108679,False
ERKAUC30,5,2,0.6000000000000001,0.6077042508669992,0.8089181172855516,0.5518986414792522,False
ERKAUC30,5,2,0.7000000000000001,0.6018440239398972,0.8166240256911881,0.5585289313700726,False
ERKAUC30,5,2,0.8,0.594773476447747,0.8261639664771281,0.5665962928012338,False
ERKAUC30,5,2,0.9,0.5866865195001683,0.8374736820973618,0.5759840409287798,False
ERKAUC30,5,2,1.0,0.5777730439215707,0.8504809223650682,0.5865392400613099,False
ERKAUC30,5,3,0.0,0.6153837222696106,0.7996626831647887,0.543052315703346,False
ERKAUC30,5,3,0.1,0.6198157513068256,0.7956659708803484,0.5397411596220865,False
ERKAUC30,5,3,0.2,0.6221892943025324,0.793840002706092,0.5383803288292999,False
ERKAUC30,5,3,0.3,0.6225318118641916,0.7941996017501586,0.5390317248651786,True
ERKAUC30,5,3,0.4,0.620927625067421,0.7967415140144665,0.5415710776139029,False
ERKAUC30,5,3,0.5,0.6175098824820392,0.8014445538390202,0.5460269134776987,False
ERKAUC30,5,3,0.6000000000000001,0.6124496374723699,0.8082704793082078,0.5523679534210274,False
ERKAUC30,5,3,0.7000000000000001,0.6059435477465651,0.8171655144199201,0.5605469549756925,False
ERKAUC30,5,3,0.8,0.5982016469919341,0.8280623804774455,0.5703644659384512,False
ERKAUC30,5,3,0.9,0.5894363431542076,0.8408826664507532,0.5814746474758081,False
ERKAUC30,5,3,1.0,0.5798533857187984,0.8555393595108924,0.593965266351457,False
ERKAUC30,5,4,0.0,0.6094366041344841,0.7954567200241666,0.5416110321661768,False
ERKAUC30,5,4,0.1,0.6151151027961991,0.7906219824108195,0.5379412505780266,False
ERKAUC30,5,4,0.2,0.6185667866948381,0.7879756966809073,0.5360716334101907,False
ERKAUC30,5,4,0.3,0.6198194149706407,0.7875395522772852,0.5360864382476579,True
ERKAUC30,5,4,0.4,0.6189675038123126,0.7893167731518025,0.5381508627413101,False
ERKAUC30,5,4,0.5,0.6161621201251648,0.7932919997308974,0.5421181599263207,False
ERKAUC30,5,4,0.6000000000000001,0.6115971709760999,0.7994319434159571,0.5476811833671447,False
ERKAUC30,5,4,0.7000000000000001,0.6054942377803162,0.807686749775715,0.5548013899624524,False
ERKAUC30,5,4,0.8,0.5980878489357623,0.8179919437317131,0.5635872555591865,False
ERKAUC30,5,4,0.9,0.5896126157999917,0.8302707876928828,0.5736979757032054,False
ERKAUC30,5,4,1.0,0.5802930593182538,0.8444368663042976,0.5850771732915033,False
ERKAUC30,5,5,0.0,0.6030799093314414,0.7979337219986203,0.5448786202589945,False
ERKAUC30,5,5,0.1,0.6076394320808837,0.7941260531230232,0.5417022971247948,False
ERKAUC30,5,5,0.2,0.610038363798963,0.792493588333661,0.5405344306140558,False
ERKAUC30,5,5,0.3,0.610317770555957,0.7930497300255182,0.5415165501889565,True
ERKAUC30,5,5,0.4,0.6085806736343875,0.7957898581995526,0.5444285752686034,False
ERKAUC30,5,5,0.5,0.6049820177342753,0.8006915200244048,0.5491192793183798,False
ERKAUC30,5,5,0.6000000000000001,0.5997155929632866,0.8077153350304099,0.5553994252604908,False
ERKAUC30,5,5,0.7000000000000001,0.5929997549792979,0.8168065325751945,0.5631797131818985,False
ERKAUC30,5,5,0.8,0.5850636409921159,0.8278969861566164,0.5723387919433709,False
ERKAUC30,5,5,0.9,0.5761351627621039,0.8409075777439989,0.582847203063635,False
ERKAUC30,5,5,1.0,0.5664315263283691,0.8557507170059614,0.5945593485137011,False
ERKAUC30,5,6,0.0,0.5937761909326065,0.8057136117621584,0.5429440128384735,False
ERKAUC30,5,6,0.1,0.5985809560830757,0.8017572034358229,0.539632779300989,False
ERKAUC30,5,6,0.2,0.6013631772304301,0.7998077726894136,0.5382517096357186,False
ERKAUC30,5,6,0.3,0.6021577707922174,0.799880038837067,0.5387534465959467,True
ERKAUC30,5,6,0.4,0.6010551416046134,0.8019732511414995,0.5410688536422468,False
ERKAUC30,5,6,0.5,0.5981924212446958,0.8060712224134144,0.5451595389089048,False
ERKAUC30,5,6,0.6000000000000001,0.5937420979177723,0.8121429528960282,0.55077119051153,False
ERKAUC30,5,6,0.7000000000000001,0.5878995997504405,0.8201437888248281,0.5579033432317531,False
ERKAUC30,5,6,0.8,0.5808712614067011,0.830017016452004,0.5663375682271327,False
ERKAUC30,5,6,0.9,0.5728637549977711,0.8416957636507629,0.5761099787731397,False
ERKAUC30,5,6,1.0,0.5640756275354895,0.8551050701745149,0.5870408888036203,False
ERKAUC30,5,7,0.0,0.6068148692803931,0.8007112168950092,0.5439978390242522,False
ERKAUC30,5,7,0.1,0.6120016163486479,0.7963464618878936,0.5406783585697971,False
ERKAUC30,5,7,0.2,0.6150865198530054,0.7940926182735083,0.539278082251075,False
ERKAUC30,5,7,0.3,0.6161076860258909,0.7939660940817908,0.5398784901998822,True
ERKAUC30,5,7,0.4,0.615161885154196,0.7959655527611569,0.542209603960738,False
ERKAUC30,5,7,0.5,0.6123947236768874,0.8000720548879651,0.54641038413571,False
ERKAUC30,5,7,0.6000000000000001,0.6079881646122448,0.8062499399584138,0.5524124756458826,False
ERKAUC30,5,7,0.7000000000000001,0.6021471435814961,0.8144483546657586,0.5598452337345117,False
ERKAUC30,5,7,0.8,0.595086821084463,0.8246032788156594,0.5687369297331183,False
ERKAUC30,5,7,0.9,0.5870215828435689,0.8366398699121964,0.5789450381638314,False
ERKAUC30,5,7,1.0,0.5781563998846028,0.8504749438577359,0.5902303222573616,False
ERKAUC30,5,8,0.0,0.6038606391850025,0.8014060309666323,0.549122969237524,False
ERKAUC30,5,8,0.1,0.6097055726344556,0.7961462266361095,0.544915662667331,False
ERKAUC30,5,8,0.2,0.6133840234556425,0.7930314949547911,0.542603283098701,False
ERKAUC30,5,8,0.3,0.6148941107841692,0.7920872566982814,0.5424089443323318,True
ERKAUC30,5,8,0.4,0.6143012657630634,0.7933212669249907,0.5441416575167285,False
ERKAUC30,5,8,0.5,0.6117305554283653,0.796723297315607,0.547642381075099,False
ERKAUC30,5,8,0.6000000000000001,0.6073548067365634,0.8022655574444657,0.5526861042834821,False
ERKAUC30,5,8,0.7000000000000001,0.6013804194990268,0.809903814953182,0.5592821642987278,False
ERKAUC30,5,8,0.8,0.5940327942649363,0.8195791111954709,0.5674055928665604,False
ERKAUC30,5,8,0.9,0.5855429696912041,0.831219922310656,0.5768730743404002,False
ERKAUC30,5,8,1.0,0.5761365288115692,0.8447445917547372,0.5875427517624533,False
ERKAUC30,5,9,0.0,0.6151809741709441,0.7975868777165221,0.5439231806828388,False
ERKAUC30,5,9,0.1,0.6206235486728895,0.7927595788434273,0.5401299747556351,False
ERKAUC30,5,9,0.2,0.6239322962569773,0.7901072995051985,0.5384946078596022,False
ERKAUC30,5,9,0.3,0.6251265711550589,0.7896524691155561,0.5388443003888126,True
ERKAUC30,5,9,0.4,0.6242871911668247,0.7913993849190712,0.5410389097727188,False
ERKAUC30,5,9,0.5,0.6215481870655846,0.7953340169668541,0.5450691852520025,False
ERKAUC30,5,9,0.6000000000000001,0.6170852054842018,0.8014245686508217,0.5510093661592761,False
ERKAUC30,5,9,0.7000000000000001,0.611102240237851,0.8096227410380725,0.5585934545914023,False
ERKAUC30,5,9,0.8,0.603818332528238,0.8198655860807798,0.5675369398810164,False
ERKAUC30,5,9,0.9,0.5954555636416033,0.8320777889457073,0.5778103966322121,False
ERKAUC30,5,9,1.0,0.58622919843916,0.8461741986049333,0.5893020996888509,False
ERKAUC30,5,10,0.0,0.5933847758518773,0.8073584370545154,0.5463464322534628,False
ERKAUC30,5,10,0.1,0.5993098019394097,0.8022744271770099,0.5419104511031285,False
ERKAUC30,5,10,0.2,0.6032084645788618,0.799197398475639,0.5393043770137207,False
ERKAUC30,5,10,0.3,0.6050846931105338,0.7981502110388021,0.5386042904048977,True
ERKAUC30,5,10,0.4,0.6050013599083169,0.7991399401386589,0.5397018167533494,False
ERKAUC30,5,10,0.5,0.6030732482401343,0.8021576403154047,0.5425657852385571,False
ERKAUC30,5,10,0.6000000000000001,0.5994566699626708,0.8071787493652028,0.5471442731520191,False
ERKAUC30,5,10,0.7000000000000001,0.5943372764772216,0.8141640902488556,0.553253636957286,False
ERKAUC30,5,10,0.8,0.5879176075753308,0.8230613766982033,0.5609621088033601,False
ERKAUC30,5,10,0.9,0.580405652305941,0.8338070916348718,0.5701863848099312,False
ERKAUC30,5,10,1.0,0.5720052767493733,0.8463285904199414,0.5806456742386156,False
ERKAUC30,6,1,0.0,0.6034566404055253,0.8056537984763678,0.5457523240823878,False
ERKAUC30,6,1,0.1,0.6084685904409879,0.8014458981196805,0.5426169951212216,False
ERKAUC30,6,1,0.2,0.6113282062544505,0.7993984297363055,0.5413703116063704,False
ERKAUC30,6,1,0.3,0.6120808192572978,0.7995273883781335,0.5422202525480826,True
ERKAUC30,6,1,0.4,0.6108330880526321,0.8018308875769756,0.5450498559549719,False
ERKAUC30,6,1,0.5,0.6077420963548685,0.8062892726618257,0.549624061574633,False
ERKAUC30,6,1,0.6000000000000001,0.6030017201980322,0.8128659553436111,0.556066990395348,False
ERKAUC30,6,1,0.7000000000000001,0.596828208537928,0.8215088879068299,0.5642440422740811,False
ERKAUC30,6,1,0.8,0.5894466508924043,0.832152542119054,0.573853649795924,False
ERKAUC30,6,1,0.9,0.5810794977110578,0.8447202261711547,0.5848026477150079,False
ERKAUC30,6,1,1.0,0.5719377311152046,0.8591265648127505,0.5970903136787952,False
ERKAUC30,6,2,0.0,0.60786354492952,0.8034679051235463,0.5439717413100731,False
ERKAUC30,6,2,0.1,0.6124067621101785,0.7995312453748985,0.5414125983822217,False
ERKAUC30,6,2,0.2,0.6148294401982086,0.797752149731729,0.5411118454812229,False
ERKAUC30,6,2,0.3,0.6151653429392225,0.7981449784706817,0.5426774922101247,True
ERKAUC30,6,2,0.4,0.6135085488748211,0.8007061517311687,0.5460507717546759,False
ERKAUC30,6,2,0.5,0.6100042717173922,0.8054143144081326,0.5511103809430237,False
ERKAUC30,6,2,0.6000000000000001,0.6048366323787603,0.8122312283364135,0.557780662820013,False
ERKAUC30,6,2,0.7000000000000001,0.5982151130238893,0.8211033052923142,0.5659425060593859,False
ERKAUC30,6,2,0.8,0.5903613144618066,0.8319636404602395,0.5754324458988103,False
ERKAUC30,6,2,0.9,0.5814972668318527,0.8447343745697171,0.5862677844217252,False
ERKAUC30,6,2,1.0,0.5718360529865064,0.8593292060373937,0.5984419140782933,False
ERKAUC30,6,3,0.0,0.6117452244689773,0.7957635994269544,0.5433326049807966,False
ERKAUC30,6,3,0.1,0.6170127549319331,0.7911095325718609,0.5395753287437992,False
ERKAUC30,6,3,0.2,0.6200922489008637,0.7886617665688611,0.5377844623829862,False
ERKAUC30,6,3,0.3,0.6210010731767347,0.7884400265378163,0.5379181459324862,True
ERKAUC30,6,3,0.4,0.6198222072199787,0.7904452691737858,0.5401713488089116,False
ERKAUC30,6,3,0.5,0.6166955964105174,0.7946596805455849,0.544430068880254,False
ERKAUC30,6,3,0.6000000000000001,0.6118057176257375,0.8010474545997395,0.5505079354794321,False
ERKAUC30,6,3,0.7000000000000001,0.6053672245551037,0.8095562747864973,0.5581779534232201,False
ERKAUC30,6,3,0.8,0.5976105218396619,0.8201193605370551,0.5672079906365932,False
ERKAUC30,6,3,0.9,0.5887687638022191,0.832657901920995,0.5776657472574087,False
ERKAUC30,6,3,1.0,0.5790672424374265,0.8470836930902154,0.5893907194177523,False
ERKAUC30,6,4,0.0,0.6042183162653709,0.7981082848948428,0.5410276344236042,False
ERKAUC30,6,4,0.1,0.6090172814945376,0.7940579237272815,0.5378485730563781,False
ERKAUC30,6,4,0.2,0.6115275718652214,0.7923237066355883,0.536687060621854,False
ERKAUC30,6,4,0.3,0.6117964258098916,0.7929210511872495,0.5376535231782975,True
ERKAUC30,6,4,0.4,0.6099401714991501,0.7958445366173752,0.5406225396885683,False
ERKAUC30,6,4,0.5,0.6061322204543294,0.8010681521271401,0.5454672016917479,False
ERKAUC30,6,4,0.6000000000000001,0.6005876453155405,0.808546452232029,0.5519484529444622,False
ERKAUC30,6,4,0.7000000000000001,0.5935466264414787,0.81821650078571,0.5601783238408133,False
ERKAUC30,6,4,0.8,0.5852587984802394,0.8300004147896047,0.5700216457645442,False
ERKAUC30,6,4,0.9,0.5759699518343433,0.8438082804471426,0.5812791242807321,False
ERKAUC30,6,4,1.0,0.5659118597903998,0.8595412095291521,0.5938907517160514,False
ERKAUC30,6,5,0.0,0.6028360861732776,0.7967688260931126,0.5419648894062619,False
ERKAUC30,6,5,0.1,0.6082897205248865,0.7920414628811294,0.5379014598167949,False
ERKAUC30,6,5,0.2,0.6118855792912298,0.7891976319738815,0.5356644298458374,False
ERKAUC30,6,5,0.3,0.6136374363758207,0.7882583139253855,0.5351938782560317,True
ERKAUC30,6,5,0.4,0.6136065061906182,0.7892307676674958,0.5365043457850607,False
ERKAUC30,6,5,0.5,0.6118955187433344,0.7921082529272132,0.539481392879227,False
ERKAUC30,6,5,0.6000000000000001,0.6086405065254914,0.7968702654620681,0.5440584397459355,False
ERKAUC30,6,5,0.7000000000000001,0.6040013706194214,0.8034832659009492,0.5502170659452922,False
ERKAUC30,6,5,0.8,0.5981522755722563,0.8119018421950713,0.5578901906056519,False
ERKAUC30,6,5,0.9,0.5912727454240084,0.8220702136763997,0.566798655985692,False
ERKAUC30,6,5,1.0,0.5835400667259423,0.8339239654635279,0.5770330995854268,False
ERKAUC30,6,6,0.0,0.6059667796736106,0.8061838023320622,0.5484997437465193,False
ERKAUC30,6,6,0.1,0.6104879933251801,0.8021548046727622,0.5450441546590904,False
ERKAUC30,6,6,0.2,0.6129394681678424,0.8002217910805808,0.5436584605125618,False
ERKAUC30,6,6,0.3,0.613342975239388,0.8003991521691424,0.5440004819013545,True
ERKAUC30,6,6,0.4,0.6117806059989395,0.8026842771639788,0.5460802899038318,False
ERKAUC30,6,6,0.5,0.608386263740025,0.8070576982289086,0.5499027522386257,False
ERKAUC30,6,6,0.6000000000000001,0.6033338859321231,0.8134839108753755,0.5554990204149596,False
ERKAUC30,6,6,0.7000000000000001,0.5968241622036748,0.8219127910539449,0.562729297971593,False
ERKAUC30,6,6,0.8,0.58907141835378,0.8322814801726551,0.5713695329628611,False
ERKAUC30,6,6,0.9,0.5802919579053841,0.844516580327026,0.5814332591480699,False
ERKAUC30,6,6,1.0,0.5706946471374394,0.8585364954272798,0.5926968896455345,False
ERKAUC30,6,7,0.0,0.5999126691761626,0.802829281915946,0.5416472500370999,False
ERKAUC30,6,7,0.1,0.6053242859209634,0.7981297426508644,0.5378432135186877,False
ERKAUC30,6,7,0.2,0.60850299433145,0.7957536170382634,0.5364610845083191,False
ERKAUC30,6,7,0.3,0.6094700292788083,0.7957215199124237,0.5371140799869593,True
ERKAUC30,6,7,0.4,0.6083148399974031,0.7980329699793375,0.5400484426618737,False
ERKAUC30,6,7,0.5,0.6051855318764984,0.8026664426313956,0.5450914017106613,False
ERKAUC30,6,7,0.6000000000000001,0.6002754940958599,0.8095803704317653,0.5519126145219099,False
ERKAUC30,6,7,0.7000000000000001,0.5938082085394424,0.818714984067794,0.5603794308228859,False
ERKAUC30,6,7,0.8,0.586022167211149,0.829994808117538,0.5702678378668684,False
ERKAUC30,6,7,0.9,0.577157424747313,0.8433315800708243,0.5813624904436168,False
ERKAUC30,6,7,1.0,0.5674447452353529,0.8586273514227691,0.5939665420200049,False
ERKAUC30,6,8,0.0,0.6061969440421648,0.805064321795504,0.5449261663891255,False
ERKAUC30,6,8,0.1,0.6115783071945725,0.8004619597708633,0.5413692542370627,False
ERKAUC30,6,8,0.2,0.6146566321798081,0.7982204772522647,0.5399192690465748,False
ERKAUC30,6,8,0.3,0.6154783239847635,0.7983588241221443,0.5405631435380716,True
ERKAUC30,6,8,0.4,0.6141593741665965,0.8008742959835201,0.5432375330721547,False
ERKAUC30,6,8,0.5,0.6108730098180863,0.8057427169621878,0.5476971214186483,False
ERKAUC30,6,8,0.6000000000000001,0.6058339996666318,0.8129195917339226,0.553717713634326,False
ERKAUC30,6,8,0.7000000000000001,0.5992819518784229,0.822342100794738,0.5613385214073076,False
ERKAUC30,6,8,0.8,0.5914656407549919,0.8339317363154818,0.5705503120699615,False
ERKAUC30,6,8,0.9,0.5826297886644761,0.8475973348444785,0.5812179020429575,False
ERKAUC30,6,8,1.0,0.5730050287133407,0.8632382596928178,0.5933119032874735,False
ERKAUC30,6,9,0.0,0.6143458933619976,0.7920877045788893,0.5424092523180564,False
ERKAUC30,6,9,0.1,0.6195893489579746,0.7875338085023692,0.5386918896761232,False
ERKAUC30,6,9,0.2,0.6226744625787625,0.7851901965645357,0.5370312940872896,False
ERKAUC30,6,9,0.3,0.6236500364345323,0.7850761569359727,0.5373617229820418,True
ERKAUC30,6,9,0.4,0.6226245207783807,0.7871920536123065,0.5394369402094943,False
ERKAUC30,6,9,0.5,0.6197550231313048,0.7915193328159049,0.5433325217787358,False
ERKAUC30,6,9,0.6000000000000001,0.6152339026036241,0.7980213225286865,0.5489873334760116,False
ERKAUC30,6,9,0.7000000000000001,0.6092747903358051,0.8066447465756348,0.556250250136281,False
ERKAUC30,6,9,0.8,0.6020995818951854,0.8173218120244385,0.5651288408135399,False
ERKAUC30,6,9,0.9,0.5939274546726191,0.8299726888431769,0.5754907462989307,False
ERKAUC30,6,9,1.0,0.5849664333921162,0.8445081875222066,0.5872603454167186,False
ERKAUC30,6,10,0.0,0.6121367641190265,0.7984043185881784,0.5442381416834107,False
ERKAUC30,6,10,0.1,0.6169032303689802,0.7942096361061397,0.5405816495086988,False
ERKAUC30,6,10,0.2,0.6195081768094999,0.7922524722940132,0.5389481015744766,False
ERKAUC30,6,10,0.3,0.6199845704022195,0.7925494016787907,0.539408398398516,True
ERKAUC30,6,10,0.4,0.6184274220496043,0.7950978246136388,0.5418373065895705,False
ERKAUC30,6,10,0.5,0.6149845111717849,0.7998760780176385,0.5460461123301817,False
ERKAUC30,6,10,0.6000000000000001,0.6098438951221276,0.8068443429784267,0.5521379907249887,False
ERKAUC30,6,10,0.7000000000000001,0.6032199784262977,0.815946262243221,0.5599923982039474,False
ERKAUC30,6,10,0.8,0.5953398282072049,0.8271111189540121,0.5694630043991088,False
ERKAUC30,6,10,0.9,0.5864310531493567,0.8402563900322771,0.5803732914260498,False
ERKAUC30,6,10,1.0,0.5767120594026379,0.8552904767645517,0.5927053241494697,False
ERKAUC30,7,1,0.0,0.6033634616964522,0.8029865506072292,0.5464593845886139,False
ERKAUC30,7,1,0.1,0.6080071875481922,0.7990410365494649,0.5433169806774703,False
ERKAUC30,7,1,0.2,0.6104240926720176,0.7973466163272663,0.5422173837684087,False
ERKAUC30,7,1,0.3,0.610658108620743,0.7979170588933744,0.5430888585383549,True
ERKAUC30,7,1,0.4,0.6088194409604852,0.8007467904998358,0.5458641055005359,False
ERKAUC30,7,1,0.5,0.6050733514928213,0.8058111618325146,0.5504958132955954,False
ERKAUC30,7,1,0.6000000000000001,0.599625625167835,0.8130675092354398,0.5569174746607588,False
ERKAUC30,7,1,0.7000000000000001,0.5927068706281157,0.8224569053960223,0.5650492368388077,False
ERKAUC30,7,1,0.8,0.5845575836410312,0.8339064375031435,0.5748378417465709,False
ERKAUC30,7,1,0.9,0.5754153716972527,0.8473318193952849,0.5859747687028788,False
ERKAUC30,7,1,1.0,0.5655050974235243,0.8626401401766355,0.598284289465441,False
ERKAUC30,7,2,0.0,0.6032352267899481,0.7995870402649371,0.5420302755061084,False
ERKAUC30,7,2,0.1,0.6086983785520569,0.7948672559899866,0.5379902549385545,False
ERKAUC30,7,2,0.2,0.6120118463145999,0.7923059706732898,0.5358992061591092,False
ERKAUC30,7,2,0.3,0.6131931821789433,0.7919243364147884,0.5357170157275564,True
ERKAUC30,7,2,0.4,0.6123237201205909,0.7937255779420975,0.5376430851938616,False
ERKAUC30,7,2,0.5,0.6095400586503468,0.7976948570430573,0.5415364940436396,False
ERKAUC30,7,2,0.6000000000000001,0.6050219451889901,0.8037998813098431,0.5471361391491478,False
ERKAUC30,7,2,0.7000000000000001,0.5989783601641382,0.8119921994299055,0.5543703837332845,False
ERKAUC30,7,2,0.8,0.5916335687851257,0.8222090640613482,0.563221307102078,False
ERKAUC30,7,2,0.9,0.5832145643780345,0.8343757013361653,0.5735549818694119,False
ERKAUC30,7,2,1.0,0.5739408185477718,0.8484078079814588,0.5853556706724337,False
ERKAUC30,7,3,0.0,0.6152263378760872,0.7934105804298325,0.5378475376474265,False
ERKAUC30,7,3,0.1,0.6204482483558696,0.7888571281000527,0.5342998445815554,False
ERKAUC30,7,3,0.2,0.6235688256629628,0.7864581720023145,0.5326218518339199,False
ERKAUC30,7,3,0.3,0.624618884303875,0.7862322259660037,0.532582521448196,True
ERKAUC30,7,3,0.4,0.6236868706662871,0.7881797283358458,0.534376428903285,False
ERKAUC30,7,3,0.5,0.6209101779093925,0.792283085524885,0.5379746604850497,False
ERKAUC30,7,3,0.6000000000000001,0.6164637409212989,0.7985074593177457,0.5431802240673258,False
ERKAUC30,7,3,0.7000000000000001,0.6105474517780171,0.8068022169629374,0.5499243732158091,False
ERKAUC30,7,3,0.8,0.6033738264820581,0.817102907082776,0.5582551573597756,False
ERKAUC30,7,3,0.9,0.5951570315648304,0.8293335908692316,0.5679597831594891,False
ERKAUC30,7,3,1.0,0.5861039601864058,0.8434093491871664,0.5789255143954476,False
ERKAUC30,7,4,0.0,0.5976550941289823,0.8070936520306912,0.5501552293666199,False
ERKAUC30,7,4,0.1,0.6029304307430755,0.8023802307819274,0.5464354066892646,False
ERKAUC30,7,4,0.2,0.6062467937881946,0.7996599186132436,0.5446686236686733,False
ERKAUC30,7,4,0.3,0.607600053660175,0.7989529462193621,0.5447855940322099,True
ERKAUC30,7,4,0.4,0.6070418053486566,0.8002644763132775,0.5465130250298479,False
ERKAUC30,7,4,0.5,0.6046739856126307,0.8035844184170138,0.549786049126111,False
ERKAUC30,7,4,0.6000000000000001,0.6006401198247868,0.8088878142322358,0.5545939072338397,False
ERKAUC30,7,4,0.7000000000000001,0.5951144690499757,0.8161357597485394,0.5608417229286257,False
ERKAUC30,7,4,0.8,0.5882904613949731,0.8252767865129039,0.5684682881820535,False
ERKAUC30,7,4,0.9,0.58036964765222,0.8362485921368702,0.5772442611048686,False
ERKAUC30,7,4,1.0,0.5715521031925925,0.8489799927806629,0.5873347549628208,False
ERKAUC30,7,5,0.0,0.6190025658604863,0.7911400213955291,0.5368711702486791,False
ERKAUC30,7,5,0.1,0.6239975889436559,0.7867326574925377,0.5329183782828301,False
ERKAUC30,7,5,0.2,0.6267744201373646,0.784590620875286,0.5311668965915256,False
ERKAUC30,7,5,0.3,0.6273742115160709,0.7847324516542522,0.5317131951391816,True
ERKAUC30,7,5,0.4,0.6259019909153141,0.7871566810519707,0.5342815503076137,False
ERKAUC30,7,5,0.5,0.6225160405176071,0.7918419073052541,0.5387579224342766,False
ERKAUC30,7,5,0.6000000000000001,0.6174142374338938,0.7987477357300017,0.5452139038873153,False
ERKAUC30,7,5,0.7000000000000001,0.6108193002435066,0.8078164878511742,0.553270333058436,False
ERKAUC30,7,5,0.8,0.6029646824534387,0.8189755153523611,0.5628326647944089,False
ERKAUC30,7,5,0.9,0.5940823880160521,0.8321399128908631,0.5739919850276781,False
ERKAUC30,7,5,1.0,0.5843934234551763,0.847215413125468,0.5864749324344135,False
ERKAUC30,7,6,0.0,0.6051448088312356,0.8053876244306938,0.5434432764287443,False
ERKAUC30,7,6,0.1,0.6098166127377125,0.8013947465540123,0.5400197267166662,False
ERKAUC30,7,6,0.2,0.6121205786670831,0.7998415936816237,0.5388422738505165,True
ERKAUC30,7,6,0.3,0.612110536625582,0.8007424060311216,0.5398601606936355,False
ERKAUC30,7,6,0.4,0.6099138106508131,0.8040887271738839,0.5430574991509243,False
ERKAUC30,7,6,0.5,0.6057178260007109,0.809849803191317,0.5481784838582932,False
ERKAUC30,7,6,0.6000000000000001,0.599753087463594,0.8179739857886436,0.5553099553609926,False
ERKAUC30,7,6,0.7000000000000001,0.5922751081278903,0.8283909921881136,0.5641756068314375,False
ERKAUC30,7,6,0.8,0.5835475383875707,0.8410147984343386,0.5746138906272791,False
ERKAUC30,7,6,0.9,0.5738280586827917,0.855746904704781,0.5866574160813839,False
ERKAUC30,7,6,1.0,0.5633578117018155,0.8724797125530268,0.5999754429518754,False
ERKAUC30,7,7,0.0,0.6244011957521185,0.7838253366898515,0.5376666502071373,False
ERKAUC30,7,7,0.1,0.6291880660514123,0.779577807454715,0.5339753922211282,False
ERKAUC30,7,7,0.2,0.6319387063509323,0.7773929096721808,0.5319950472223764,False
ERKAUC30,7,7,0.3,0.6326844798978084,0.7772876810432023,0.5318884316635837,True
ERKAUC30,7,7,0.4,0.6315108888082135,0.7792625326595273,0.5337717345198926,False
ERKAUC30,7,7,0.5,0.6285496114009155,0.7833012515899836,0.5374597411495067,False
ERKAUC30,7,7,0.6000000000000001,0.6239679494018577,0.7893716609147315,0.542814698192867,False
ERKAUC30,7,7,0.7000000000000001,0.6179570992306306,0.7974268753916677,0.5497980564285572,False
ERKAUC30,7,7,0.8,0.6107205840543933,0.8074070414671219,0.5583922789146272,False
ERKAUC30,7,7,0.9,0.6024638984086479,0.8192414180390537,0.568269206941238,False
ERKAUC30,7,7,1.0,0.5933860320326902,0.8328506422005301,0.5794347559767136,False
ERKAUC30,7,8,0.0,0.588831321409898,0.8121836687679316,0.5521611249563506,False
ERKAUC30,7,8,0.1,0.5935099116933931,0.8081603508227312,0.5487351695167585,False
ERKAUC30,7,8,0.2,0.5961950887652113,0.8061500970840209,0.546934436355371,False
ERKAUC30,7,8,0.3,0.5968995092068428,0.8061666972190287,0.5467981935783592,True
ERKAUC30,7,8,0.4,0.5956931838375137,0.8082084028870096,0.5483617359624241,False
ERKAUC30,7,8,0.5,0.5926963143357167,0.8122580573707083,0.5515960419549825,False
ERKAUC30,7,8,0.6000000000000001,0.5880689174239426,0.8182838099484077,0.5565388517058338,False
ERKAUC30,7,8,0.7000000000000001,0.5819987547012738,0.8262403468776005,0.5629904614714744,False
ERKAUC30,7,8,0.8,0.5746890767777499,0.8360705311989964,0.570863988287373,False
ERKAUC30,7,8,0.9,0.5663474185159527,0.8477073202279601,0.5802057066987567,False
ERKAUC30,7,8,1.0,0.5571762687356628,0.8610758238157071,0.5908223423655576,False
ERKAUC30,7,9,0.0,0.6028783594527088,0.8063283415798654,0.5466049109621627,False
ERKAUC30,7,9,0.1,0.6080021481174624,0.8019359371185993,0.5433016784426977,False
ERKAUC30,7,9,0.2,0.6108891623625448,0.7997971548904045,0.5421836461576266,False
ERKAUC30,7,9,0.3,0.6115766704810529,0.79993017186874,0.5430925016774638,True
ERKAUC30,7,9,0.4,0.6101688766413901,0.8023339018048177,0.5458562312662355,False
ERKAUC30,7,9,0.5,0.6068261445017968,0.8069880385844679,0.5503699520617336,False
ERKAUC30,7,9,0.6000000000000001,0.6017507723216694,0.8138539036627996,0.5567501215797455,False
ERKAUC30,7,9,0.7000000000000001,0.5951714188790691,0.822876016470428,0.5649618358679346,False
ERKAUC30,7,9,0.8,0.5873281073212817,0.8339842431649025,0.5747095505109321,False
ERKAUC30,7,9,0.9,0.578459243673125,0.8470963387733745,0.5858285502217762,False
ERKAUC30,7,9,1.0,0.5687914676696545,0.8621206845374111,0.5981657140338816,False
ERKAUC30,7,10,0.0,0.5909712528726077,0.8113763044670586,0.5478079900774906,False
ERKAUC30,7,10,0.1,0.5970271529269048,0.8061986422432792,0.5438737801271497,False
ERKAUC30,7,10,0.2,0.6008646245368483,0.8032044761395125,0.5417669020718765,False
ERKAUC30,7,10,0.3,0.602500096474276,0.8024179767375331,0.5414884495792511,True
ERKAUC30,7,10,0.4,0.602018461046689,0.8038452981965192,0.5432003363920155,False
ERKAUC30,7,10,0.5,0.599563522613705,0.8074743401225973,0.5467858747511731,False
ERKAUC30,7,10,0.6000000000000001,0.5953245988889115,0.8132752551661365,0.5522629501300038,False
ERKAUC30,7,10,0.7000000000000001,0.5895213080907556,0.8212016534543336,0.5594020914124143,False
ERKAUC30,7,10,0.8,0.5823884955246903,0.8311923932036273,0.5680606676695185,False
ERKAUC30,7,10,0.9,0.5741628329682378,0.8431738028536031,0.5782046373267831,False
ERKAUC30,7,10,1.0,0.5650720388812205,0.8570621589584088,0.5898704364024474,False
ERKAUC30,8,1,0.0,0.59644825618835,0.8121150063458169,0.5477702785489239,False
ERKAUC30,8,1,0.1,0.6010330380913737,0.8082711564014617,0.5442672411733953,False
ERKAUC30,8,1,0.2,0.6034639485933064,0.8066222308469626,0.5428473242610039,False
ERKAUC30,8,1,0.3,0.6037885519232462,0.8071813529913416,0.5436252832347243,True
ERKAUC30,8,1,0.4,0.6021160742037017,0.8099436057262792,0.5462999987651801,False
ERKAUC30,8,1,0.5,0.5986065833205412,0.814886243668111,0.5510388184741263,False
ERKAUC30,8,1,0.6000000000000001,0.5934573331179737,0.821969614051933,0.5574048154915837,False
ERKAUC30,8,1,0.7000000000000001,0.5868882026861362,0.8311387012633545,0.5652692530818739,False
ERKAUC30,8,1,0.8,0.5791279336398021,0.8423251594384974,0.5746067112005016,False
ERKAUC30,8,1,0.9,0.5704023859291966,0.8554496676843701,0.5855352812250402,False
ERKAUC30,8,1,1.0,0.5609254671015521,0.8704244352668755,0.5978430522782278,False
ERKAUC30,8,2,0.0,0.6058692848210723,0.803762323808854,0.5443476849241701,False
ERKAUC30,8,2,0.1,0.6103163998943015,0.799941584217643,0.5406330828648549,False
ERKAUC30,8,2,0.2,0.6127713206450582,0.7982027633904379,0.5389283787635134,False
ERKAUC30,8,2,0.3,0.6132668524976397,0.7985593142043719,0.5392051931055274,True
ERKAUC30,8,2,0.4,0.6118891790748371,0.8010081739272141,0.5411772745361519,False
ERKAUC30,8,2,0.5,0.6087699225867993,0.8055298945017004,0.5451288999030582,False
ERKAUC30,8,2,0.6000000000000001,0.6040756199708954,0.8120894081257186,0.5508766374138232,False
ERKAUC30,8,2,0.7000000000000001,0.5979960324100538,0.8206373588201513,0.5581569511410163,False
ERKAUC30,8,2,0.8,0.5907326314504564,0.831111885176387,0.5669089210611948,False
ERKAUC30,8,2,0.9,0.5824883187507472,0.8434407112092398,0.5770790587705464,False
ERKAUC30,8,2,1.0,0.5734590468914964,0.8575433934638269,0.5885227090299863,False
ERKAUC30,8,3,0.0,0.6079109417914514,0.8003702332871463,0.5506537189752938,False
ERKAUC30,8,3,0.1,0.6127427861561341,0.7961613792541085,0.5467581544718265,False
ERKAUC30,8,3,0.2,0.6154966412007307,0.7940622683079415,0.5447405539953868,False
ERKAUC30,8,3,0.3,0.6162035498291327,0.7940891263748311,0.5448409694379558,True
ERKAUC30,8,3,0.4,0.6149525897963767,0.7962412161593477,0.5466608636635926,False
ERKAUC30,8,3,0.5,0.6118821956748993,0.8005008850588983,0.5502824128683523,False
ERKAUC30,8,3,0.6000000000000001,0.6071685819939969,0.8068342760521826,0.5556758446614265,False
ERKAUC30,8,3,0.7000000000000001,0.6010128868091302,0.8151926363227411,0.5627668518636645,False
ERKAUC30,8,3,0.8,0.593628557515732,0.825514109501373,0.571235749463996,False
ERKAUC30,8,3,0.9,0.5852301598390582,0.8377258657610451,0.5809417076011834,False
ERKAUC30,8,3,1.0,0.5760243375470833,0.851746412417622,0.5920128045674306,False
ERKAUC30,8,4,0.0,0.607808368896789,0.7989289326894962,0.5436128953385817,False
ERKAUC30,8,4,0.1,0.6127000734425769,0.7947261398751221,0.5405244921227894,False
ERKAUC30,8,4,0.2,0.615552899015255,0.792573771865925,0.5391458598944319,False
ERKAUC30,8,4,0.3,0.6163943665630222,0.792488560287766,0.5396233437301806,True
ERKAUC30,8,4,0.4,0.6153080538194927,0.7944708594123686,0.5418746852782182,False
ERKAUC30,8,4,0.5,0.6124254367218797,0.7985046442219383,0.5456344718144022,False
ERKAUC30,8,4,0.6000000000000001,0.6079149677684847,0.8045581618115427,0.5512287506770731,False
ERKAUC30,8,4,0.7000000000000001,0.6019698988483927,0.812585174365817,0.5581943775897033,False
ERKAUC30,8,4,0.8,0.5947962693760519,0.8225266815374983,0.5665780824995718,False
ERKAUC30,8,4,0.9,0.5866021713635182,0.834312977522902,0.5762747522594371,False
ERKAUC30,8,4,1.0,0.5775889892985887,0.8478658865202512,0.5871874140700689,False
ERKAUC30,8,5,0.0,0.6078894921075279,0.794436725764375,0.5426557724848712,False
ERKAUC30,8,5,0.1,0.6129593035111507,0.7899915714962429,0.538863243256557,False
ERKAUC30,8,5,0.2,0.6159545790808628,0.787602129299368,0.5368509173102616,False
ERKAUC30,8,5,0.3,0.6168882888974901,0.7872867956491026,0.5366367507841139,True
ERKAUC30,8,5,0.4,0.6158337177707471,0.7890476579185333,0.5381894368454923,False
ERKAUC30,8,5,0.5,0.6129169828794141,0.7928704281767424,0.5415478421984938,False
ERKAUC30,8,5,0.6000000000000001,0.6083060728846508,0.7987250168790098,0.5465011028840847,False
ERKAUC30,8,5,0.7000000000000001,0.6021980308523055,0.8065666935696463,0.5529851691188553,False
ERKAUC30,8,5,0.8,0.5948059162282491,0.8163377328298506,0.5609391143534429,False
ERKAUC30,8,5,0.9,0.5863468970198997,0.8279694103679759,0.5703432775569898,False
ERKAUC30,8,5,1.0,0.5770323731524082,0.8413841997401853,0.581046569580006,False
ERKAUC30,8,6,0.0,0.6003151919767499,0.8004966209534148,0.5442500778777963,False
ERKAUC30,8,6,0.1,0.6060620852252228,0.7956418503008482,0.5410548935059122,False
ERKAUC30,8,6,0.2,0.609563179388405,0.7930213103188232,0.5398180863111861,False
ERKAUC30,8,6,0.3,0.6108548341719746,0.7926568284941188,0.5405211523386002,True
ERKAUC30,8,6,0.4,0.6100403168771447,0.7945510108175349,0.5430671463415158,False
ERKAUC30,8,6,0.5,0.6072785838772139,0.7986871535853767,0.5474816037095435,False
ERKAUC30,8,6,0.6000000000000001,0.6027698808292308,0.8050299754875306,0.5536224892534964,False
ERKAUC30,8,6,0.7000000000000001,0.5967402571486795,0.8135270960728327,0.5612576079682099,False
ERKAUC30,8,6,0.8,0.5894268402800819,0.8241111195640782,0.5704855053999575,False
ERKAUC30,8,6,0.9,0.5810651947782383,0.8367021393348049,0.5811639028322994,False
ERKAUC30,8,6,1.0,0.571879485449408,0.8512104625437932,0.5930752934118948,False
ERKAUC30,8,7,0.0,0.6104950463995636,0.7951597086466677,0.540976744925276,False
ERKAUC30,8,7,0.1,0.6157676565295441,0.7905153536342885,0.5371209907672865,False
ERKAUC30,8,7,0.2,0.6186994664863045,0.7882452745930129,0.5355563165127105,False
ERKAUC30,8,7,0.3,0.6193225147595056,0.7883695295649427,0.5360647637300188,True
ERKAUC30,8,7,0.4,0.6177418417452731,0.7908865227141846,0.5387366311518109,False
ERKAUC30,8,7,0.5,0.6141242407836739,0.7957730945876522,0.5434123983460127,False
ERKAUC30,8,7,0.6000000000000001,0.6086829934648216,0.802985568024009,0.5500570206884704,False
ERKAUC30,8,7,0.7000000000000001,0.6016609174714272,0.8124616421195336,0.5583597509912642,False
ERKAUC30,8,7,0.8,0.593313901840406,0.8241229493935049,0.5682146900662365,False
ERKAUC30,8,7,0.9,0.5838965761245062,0.8378780451873059,0.5795769391455193,False
ERKAUC30,8,7,1.0,0.5736510700466992,0.8536255873135083,0.5922272961475366,False
ERKAUC30,8,8,0.0,0.6033825185151723,0.8054376393668251,0.5496938995754677,False
ERKAUC30,8,8,0.1,0.6084409143347985,0.8011480823435442,0.5460297200395426,False
ERKAUC30,8,8,0.2,0.6114215279685997,0.7989617700124084,0.5443347840451053,False
ERKAUC30,8,8,0.3,0.6123618055747386,0.7988954397446182,0.5444112150510858,True
ERKAUC30,8,8,0.4,0.6113570421549663,0.8009489176511428,0.5462185215448006,False
ERKAUC30,8,8,0.5,0.6085509292460611,0.8051051474673226,0.5496865545172827,False
ERKAUC30,8,8,0.6000000000000001,0.6041233835450609,0.8113308887467463,0.5546779479328112,False
ERKAUC30,8,8,0.7000000000000001,0.5982773681520459,0.8195780188672325,0.5612822023147148,False
ERKAUC30,8,8,0.8,0.5912262474980724,0.8297853228333116,0.5693087195769269,False
ERKAUC30,8,8,0.9,0.5831828113624599,0.8418806224008882,0.5789096644316128,False
ERKAUC30,8,8,1.0,0.5743506113815501,0.8557830846185871,0.5898666153029076,False
ERKAUC30,8,9,0.0,0.612264284275599,0.794857735934999,0.5397664685543145,False
ERKAUC30,8,9,0.1,0.6180459255958193,0.7897802856946867,0.5358690541118688,False
ERKAUC30,8,9,0.2,0.6217247001274576,0.7868147907819116,0.5337791345002003,False
ERKAUC30,8,9,0.3,0.623326674161649,0.7859852200639814,0.5335943640541224,True
ERKAUC30,8,9,0.4,0.6229371837145405,0.7872982459217406,0.5351295020468783,False
ERKAUC30,8,9,0.5,0.6206917344225857,0.7907429755149039,0.53852905400403,False
ERKAUC30,8,9,0.6000000000000001,0.6167640873075019,0.7962913990169839,0.5436324915245068,False
ERKAUC30,8,9,0.7000000000000001,0.6113532102843522,0.8038995123813738,0.5504596090794278,False
ERKAUC30,8,9,0.8,0.6046706183612581,0.8135090117504291,0.5587194936120479,False
ERKAUC30,8,9,0.9,0.5969292438032034,0.8250494126980874,0.5684119737140876,False
ERKAUC30,8,9,1.0,0.5883345081940743,0.8384404255012221,0.5794556912543394,False
ERKAUC30,8,10,0.0,0.613033085347694,0.7979429296961694,0.5441612313080816,False
ERKAUC30,8,10,0.1,0.6183949679850651,0.7930976016497492,0.540319631532776,False
ERKAUC30,8,10,0.2,0.6217214902112617,0.7903836422245236,0.5385545816805537,False
ERKAUC30,8,10,0.3,0.623029280860085,0.7898226256933822,0.5389193419745167,True
ERKAUC30,8,10,0.4,0.6223915377039819,0.7914185773184771,0.54125068394967,False
ERKAUC30,8,10,0.5,0.6199304295709851,0.7951578314700066,0.5453739798232784,False
ERKAUC30,8,10,0.6000000000000001,0.615806596258726,0.8010096113570153,0.5510165176318986,False
ERKAUC30,8,10,0.7000000000000001,0.6102072336407887,0.8089272738884598,0.5582629559904472,False
ERKAUC30,8,10,0.8,0.6033341869054516,0.81885010499797,0.5670802122392098,False
ERKAUC30,8,10,0.9,0.5953931818342503,0.8307055110140416,0.577286530787594,False
ERKAUC30,8,10,1.0,0.5865849201332138,0.844411434596465,0.5886408381332771,False
ERKAUC30,9,1,0.0,0.6131042120835131,0.7959151109282026,0.5412588562723012,False
ERKAUC30,9,1,0.1,0.6187345619274932,0.7909479733182672,0.5369582403776316,False
ERKAUC30,9,1,0.2,0.6222305655363762,0.7881333076367697,0.534692772234784,False
ERKAUC30,9,1,0.3,0.6236092230416818,0.7874940538601793,0.5344535316469323,True
ERKAUC30,9,1,0.4,0.6229495890536846,0.7890352647540748,0.5362322631339099,False
ERKAUC30,9,1,0.5,0.6203844383502708,0.7927439071898161,0.5397981354394323,False
ERKAUC30,9,1,0.6000000000000001,0.6160885437508623,0.7985894079189715,0.5452516017679617,False
ERKAUC30,9,1,0.7000000000000001,0.6102652868401036,0.8065248913005458,0.55253359843301,False
ERKAUC30,9,1,0.8,0.6031332697363823,0.816488994829719,0.5613487890627846,False
ERKAUC30,9,1,0.9,0.5949142585937437,0.8284081050686082,0.5715817819380822,False
ERKAUC30,9,1,1.0,0.5858233093375322,0.8421988367250517,0.5831490975484354,False
ERKAUC30,9,2,0.0,0.6086184863696552,0.7981559942995895,0.5470290467450261,False
ERKAUC30,9,2,0.1,0.6136920303633409,0.79368666273991,0.543284884039684,False
ERKAUC30,9,2,0.2,0.6167810916335278,0.7912303547687825,0.5412864912774549,False
ERKAUC30,9,2,0.3,0.6179050244562017,0.7908049608597644,0.5412568592843996,True
ERKAUC30,9,2,0.4,0.6171371888372043,0.7924126050554507,0.5429970349985749,False
ERKAUC30,9,2,0.5,0.6145977552577434,0.79603960600138,0.5463734169807382,False
ERKAUC30,9,2,0.6000000000000001,0.6104437370276694,0.8016570525079112,0.5512394188234484,False
ERKAUC30,9,2,0.7000000000000001,0.6048576315396064,0.8092219381397457,0.5574517829867665,False
ERKAUC30,9,2,0.8,0.5980360138274534,0.8186787534310215,0.5650494203961213,False
ERKAUC30,9,2,0.9,0.5901791686350586,0.8299614042104377,0.5741047387810405,False
ERKAUC30,9,2,1.0,0.5814824755818828,0.8429953128701626,0.5843976500953151,False
ERKAUC30,9,3,0.0,0.6031715939358031,0.8062591313624414,0.5469581617339482,False
ERKAUC30,9,3,0.1,0.6074919995139869,0.8023599640959823,0.5437121111993195,False
ERKAUC30,9,3,0.2,0.6097928677005076,0.800571193368975,0.5423849466922723,False
ERKAUC30,9,3,0.3,0.610078265824432,0.8009069311682321,0.5428586739834854,True
ERKAUC30,9,3,0.4,0.6084110727873437,0.803364215511527,0.5450910296634788,False
ERKAUC30,9,3,0.5,0.6049066084598784,0.8079231395853516,0.5490221994979864,False
ERKAUC30,9,3,0.6000000000000001,0.5997227231694415,0.8145476551928205,0.5545192299060091,False
ERKAUC30,9,3,0.7000000000000001,0.5930478254306395,0.823186975748512,0.5615058733821747,False
ERKAUC30,9,3,0.8,0.5850883924493614,0.833777454458635,0.5698054981211265,False
ERKAUC30,9,3,0.9,0.5760572891850116,0.8462447829435149,0.5795579487013814,False
ERKAUC30,9,3,1.0,0.5661638302445631,0.8605063468444847,0.5906269973132432,False
ERKAUC30,9,4,0.0,0.600319963499244,0.8089157984073061,0.5483442040059731,False
ERKAUC30,9,4,0.1,0.6055011573167656,0.8043535977063195,0.5445376316983216,False
ERKAUC30,9,4,0.2,0.6084488125234412,0.8020685961797789,0.5429254437848401,False
ERKAUC30,9,4,0.3,0.6091929656389012,0.8020804449790523,0.543380118402038,True
ERKAUC30,9,4,0.4,0.6078317419645118,0.8043889465225572,0.5458102464194238,False
ERKAUC30,9,4,0.5,0.6045206747194674,0.8089740641469378,0.5503942920526302,False
ERKAUC30,9,4,0.6000000000000001,0.5994584725419536,0.8157967888097557,0.5568642978941079,False
ERKAUC30,9,4,0.7000000000000001,0.5928713891053266,0.8248007761332437,0.5649217857376087,False
ERKAUC30,9,4,0.8,0.5849981495462055,0.8359145965512017,0.5744848721147333,False
ERKAUC30,9,4,0.9,0.5760768743753707,0.8490543973062264,0.5854308054631944,False
ERKAUC30,9,4,1.0,0.5663348123347589,0.864126761850134,0.5976811126046946,False
ERKAUC30,9,5,0.0,0.5988166311636458,0.804374622649075,0.5458469905698493,False
ERKAUC30,9,5,0.1,0.6036174138419826,0.8003359584260297,0.542656642315339,False
ERKAUC30,9,5,0.2,0.6063056103852711,0.7983810424300506,0.5414178500498099,False
ERKAUC30,9,5,0.3,0.6069094387026321,0.7985253181628483,0.5420167643810386,True
ERKAUC30,9,5,0.4,0.6055185122972041,0.800767812874714,0.5443895089324198,False
ERKAUC30,9,5,0.5,0.6022748986838893,0.8050911688423035,0.5484159874200802,False
ERKAUC30,9,5,0.6000000000000001,0.5973608980205241,0.8114623052663251,0.554119390000851,False
ERKAUC30,9,5,0.7000000000000001,0.5909853170921664,0.8198336530405899,0.5612362737303676,False
ERKAUC30,9,5,0.8,0.5833699354725861,0.8301448579341841,0.5696797266829055,False
ERKAUC30,9,5,0.9,0.574737492918638,0.8423248164061095,0.5794897538624703,False
ERKAUC30,9,5,1.0,0.5653020197100639,0.8562938954383258,0.5905681817072138,False
ERKAUC30,9,6,0.0,0.620618461193572,0.7887797542068063,0.5408215559602196,False
ERKAUC30,9,6,0.1,0.6251620795356342,0.784746174673599,0.5372526714706959,False
ERKAUC30,9,6,0.2,0.6275646553848798,0.7828923417179924,0.535814531596945,False
ERKAUC30,9,6,0.3,0.6278573283837178,0.7832331787489023,0.5361686517135639,True
ERKAUC30,9,6,0.4,0.6261321399971408,0.785765209603914,0.5383735015260714,False
ERKAUC30,9,6,0.5,0.6225331161722722,0.7904667291417673,0.5423301372387873,False
ERKAUC30,9,6,0.6000000000000001,0.6172441743847806,0.7972987201368282,0.548100354152423,False
ERKAUC30,9,6,0.7000000000000001,0.6104755793026955,0.8062064279642638,0.5554855607962148,False
ERKAUC30,9,6,0.8,0.6024505900092368,0.8171214498534731,0.5643092222421566,False
ERKAUC30,9,6,0.9,0.5933935862541468,0.8299641632669557,0.5744250773258306,False
ERKAUC30,9,6,1.0,0.5835204739215724,0.8446463104627135,0.585685873445727,False
ERKAUC30,9,7,0.0,0.6063148910088316,0.8011715768927743,0.5456357284221036,False
ERKAUC30,9,7,0.1,0.6109579316460811,0.7971865308982696,0.5423367782764987,False
ERKAUC30,9,7,0.2,0.6133320592859915,0.7954719665673822,0.5413329525931758,False
ERKAUC30,9,7,0.3,0.6134803051282978,0.796042340724449,0.5422223088807467,True
ERKAUC30,9,7,0.4,0.6115147012301863,0.7988924481162749,0.5450663005758705,False
ERKAUC30,9,7,0.5,0.6076045361361204,0.8039976580704511,0.5498451406925703,False
ERKAUC30,9,7,0.6000000000000001,0.6019611192077028,0.8113149662967993,0.5562859988833219,False
ERKAUC30,9,7,0.7000000000000001,0.5948213545610919,0.820784758932558,0.5644619358733636,False
ERKAUC30,9,7,0.8,0.5864321702959916,0.832333125547396,0.5742405014859366,False
ERKAUC30,9,7,0.9,0.5770372651208793,0.8458745235611964,0.5853021005169492,False
ERKAUC30,9,7,1.0,0.5668669447724042,0.861314590568394,0.5975679767695593,False
ERKAUC30,9,8,0.0,0.6098619478473265,0.7968956929402061,0.5432683106689324,False
ERKAUC30,9,8,0.1,0.614799152252148,0.7926669533775821,0.5404974158280339,False
ERKAUC30,9,8,0.2,0.6174590842937709,0.7907317055541343,0.5396496865184006,False
ERKAUC30,9,8,0.3,0.6178848670164385,0.7911063726123004,0.5407947332931877,True
ERKAUC30,9,8,0.4,0.616187575652895,0.7937873006794991,0.5438126366843049,False
ERKAUC30,9,8,0.5,0.6125348447335828,0.7987509333661668,0.5485833417077675,False
ERKAUC30,9,8,0.6000000000000001,0.6071360949185844,0.8059548280640113,0.555008819765943,False
ERKAUC30,9,8,0.7000000000000001,0.6002265401275114,0.8153394141706505,0.5629304103546959,False
ERKAUC30,9,8,0.8,0.5920519231580161,0.8268303296011265,0.5723535658661925,False
ERKAUC30,9,8,0.9,0.5828554056745364,0.8403411344143702,0.5831545951591275,False
ERKAUC30,9,8,1.0,0.5728674012221036,0.8557761918810153,0.5953514904165644,False
ERKAUC30,9,9,0.0,0.6017927281138863,0.8010736702507998,0.5429616780667109,False
ERKAUC30,9,9,0.1,0.6070025087017364,0.7966135105830294,0.5393464736664664,False
ERKAUC30,9,9,0.2,0.6100584351292851,0.7943059596742289,0.5376938894484042,False
ERKAUC30,9,9,0.3,0.6109793410411382,0.7941698700827599,0.5380585621285894,True
ERKAUC30,9,9,0.4,0.6098482930138639,0.796206500492091,0.5403255989946552,False
ERKAUC30,9,9,0.5,0.606803906770254,0.8003994585451272,0.5445190649208106,False
ERKAUC30,9,9,0.6000000000000001,0.6020280488559355,0.8067153499661728,0.5505267864218926,False
ERKAUC30,9,9,0.7000000000000001,0.5957317559711033,0.8151050752215401,0.5581107509658777,False
ERKAUC30,9,9,0.8,0.5881411603954655,0.8255056596388762,0.56709343974021,False
ERKAUC30,9,9,0.9,0.5794848516616442,0.8378424650515033,0.577365461753296,False
ERKAUC30,9,9,1.0,0.5699835858871389,0.8520316147430418,0.5889197677124963,False
ERKAUC30,9,10,0.0,0.6120814748699365,0.7941328852519692,0.5411784665276471,False
ERKAUC30,9,10,0.1,0.6159261701850564,0.790774562990985,0.5382254325193034,False
ERKAUC30,9,10,0.2,0.6176592776879197,0.7896127268035622,0.5371141569663046,True
ERKAUC30,9,10,0.3,0.6173168389517596,0.7906570639707183,0.5381703101496513,False
ERKAUC30,9,10,0.4,0.6149946571972956,0.793898844371226,0.5411858626671264,False
ERKAUC30,9,10,0.5,0.6108393428395699,0.7993112817405821,0.5460803751730945,False
ERKAUC30,9,10,0.6000000000000001,0.6050362725271974,0.8068506219221468,0.5527070476475092,False
ERKAUC30,9,10,0.7000000000000001,0.5977961593731747,0.8164578571934754,0.5609173191974638,False
ERKAUC30,9,10,0.8,0.5893418495209899,0.8280609155766042,0.570574905786165,False
ERKAUC30,9,10,0.9,0.5798966095283518,0.8415771468476022,0.5816659976064327,False
ERKAUC30,9,10,1.0,0.5696746889772837,0.8569159240945552,0.5940273688268791,False
ERKIC50,0,1,0.0,0.5972410937541752,0.8034077247563797,0.6121941624662031,False
ERKIC50,0,1,0.1,0.6007132334449725,0.8006788690362594,0.6097805499647124,False
ERKIC50,0,1,0.2,0.6022493494873382,0.7998840997624798,0.6089213044245811,True
ERKIC50,0,1,0.3,0.6019090879559649,0.8010290314122479,0.6095473773687416,False
ERKIC50,0,1,0.4,0.5997999622432412,0.80410518163259,0.6115182447852501,False
ERKIC50,0,1,0.5,0.5960682142606768,0.8090902827473256,0.6150820677556692,False
ERKIC50,0,1,0.6000000000000001,0.5908879569627725,0.8159490761352803,0.6201197486162047,False
ERKIC50,0,1,0.7000000000000001,0.5844499263289438,0.824634524625545,0.6266605013510229,False
ERKIC50,0,1,0.8,0.5769509783439061,0.8350893488399047,0.6343550116956129,False
ERKIC50,0,1,0.9,0.5685851336005304,0.8472477768314803,0.6432542178990441,False
ERKIC50,0,1,1.0,0.55953659930151,0.8610373932029081,0.653403646017178,False
ERKIC50,0,2,0.0,0.6010084180250018,0.8090471595951062,0.6150288619305383,False
ERKIC50,0,2,0.1,0.6044575078525385,0.8064334255726895,0.6129791614194937,False
ERKIC50,0,2,0.2,0.6058702053637344,0.805879167140294,0.612872177294693,True
ERKIC50,0,2,0.3,0.6053271272400532,0.8073881345167895,0.6146014119099935,False
ERKIC50,0,2,0.4,0.6029589810104752,0.810948268052087,0.6179563186355035,False
ERKIC50,0,2,0.5,0.5989352718510487,0.816532174714995,0.6227772221479444,False
ERKIC50,0,2,0.6000000000000001,0.5934516127201935,0.824098162305431,0.6289678948771933,False
ERKIC50,0,2,0.7000000000000001,0.5867171629778969,0.8335917425078977,0.6363873695669374,False
ERKIC50,0,2,0.8,0.5789433945628059,0.8449474815587177,0.6452161315769878,False
ERKIC50,0,2,0.9,0.5703349395892274,0.8580910617010353,0.6553715654505186,False
ERKIC50,0,2,1.0,0.5610828302624642,0.8729414177264205,0.6667839054547435,False
ERKIC50,0,3,0.0,0.5969374275620953,0.8088863207050746,0.6126060899017253,False
ERKIC50,0,3,0.1,0.6004069597798574,0.8061488502086489,0.6104659603614214,False
ERKIC50,0,3,0.2,0.6017834200859934,0.8055087234150369,0.6102083236838397,True
ERKIC50,0,3,0.3,0.6011331008773284,0.8069708007273582,0.6114260166770137,False
ERKIC50,0,3,0.4,0.598578605402842,0.8105234571535851,0.6144223331144543,False
ERKIC50,0,3,0.5,0.5942875662874755,0.8161390432559636,0.618938683975159,False
ERKIC50,0,3,0.6000000000000001,0.588459234759843,0.8237749482529209,0.6248696571330783,False
ERKIC50,0,3,0.7000000000000001,0.5813107160831013,0.833375171516567,0.6322022274049314,False
ERKIC50,0,3,0.8,0.5730643281793046,0.8448722718301281,0.6409571833500277,False
ERKIC50,0,3,0.9,0.5639370756181024,0.8581895456407229,0.6510881069333324,False
ERKIC50,0,3,1.0,0.5541327126169905,0.8732432863349443,0.6624032143238777,False
ERKIC50,0,4,0.0,0.5892395673036609,0.8128303266497113,0.613117605093131,False
ERKIC50,0,4,0.1,0.5924963065301934,0.8104006132222086,0.6115036321801635,False
ERKIC50,0,4,0.2,0.5937952098511657,0.8099196726206417,0.6114913425062969,True
ERKIC50,0,4,0.3,0.5932026666639427,0.8113904028561926,0.6130078877041907,False
ERKIC50,0,4,0.4,0.5908343112777223,0.8148016029751581,0.6159378268924097,False
ERKIC50,0,4,0.5,0.5868450348452329,0.8201283961857142,0.620415088310434,False
ERKIC50,0,4,0.6000000000000001,0.5814172966013498,0.8273331221497001,0.6263151090326851,False
ERKIC50,0,4,0.7000000000000001,0.5747491902583824,0.8363666254717179,0.633728603336287,False
ERKIC50,0,4,0.8,0.5670434770501191,0.8471698416431501,0.6425875558225144,False
ERKIC50,0,4,0.9,0.5584984069259844,0.8596755688832634,0.6527050158720524,False
ERKIC50,0,4,1.0,0.5493007305716586,0.873810314479055,0.6640066246200861,False
ERKIC50,0,5,0.0,0.6000031168205094,0.8042108004604678,0.6148953891254587,False
ERKIC50,0,5,0.1,0.6030079324091971,0.8018995695600619,0.612694470737541,False
ERKIC50,0,5,0.2,0.6039855836198884,0.8016478672876362,0.6121172806712631,True
ERKIC50,0,5,0.3,0.6030097688334923,0.803457081250377,0.6130844578264176,False
ERKIC50,0,5,0.4,0.6002057932505231,0.8073126685787155,0.6156604748861746,False
ERKIC50,0,5,0.5,0.5957396808318748,0.8131847365120469,0.6198749899257294,False
ERKIC50,0,5,0.6000000000000001,0.5898055518368153,0.8210291827587313,0.6257285463216757,False
ERKIC50,0,5,0.7000000000000001,0.5826128553243535,0.8307892964278188,0.6330050610679017,False
ERKIC50,0,5,0.8,0.574374756035264,0.8423976895899589,0.6415813155098495,False
ERKIC50,0,5,0.9,0.5652985325706339,0.8557784168024565,0.651377960007092,False
ERKIC50,0,5,1.0,0.5555783805902854,0.8708491444825434,0.6623867289900931,False
ERKIC50,0,6,0.0,0.5965916714444592,0.8090312992446181,0.6122886350858082,False
ERKIC50,0,6,0.1,0.5998721448100697,0.8064863710169006,0.6104060439053132,False
ERKIC50,0,6,0.2,0.6011853107381541,0.8059548510501383,0.6101686175595233,True
ERKIC50,0,6,0.3,0.6005943576286288,0.8074399602020332,0.6116244127615061,False
ERKIC50,0,6,0.4,0.5982118736638226,0.8109297839825068,0.6147127759419072,False
ERKIC50,0,6,0.5,0.5941902813232364,0.8163977414029582,0.6192620522670035,False
ERKIC50,0,6,0.6000000000000001,0.58871045549318,0.823803576403584,0.6251756055059011,False
ERKIC50,0,6,0.7000000000000001,0.5819699386544002,0.8330947877964789,0.6326343548271101,False
ERKIC50,0,6,0.8,0.5741719644441238,0.8442083841350785,0.6415196429968328,False
ERKIC50,0,6,0.9,0.5655161434719218,0.8570728358480316,0.6517270806726377,False
ERKIC50,0,6,1.0,0.5561912627140909,0.8716100982556323,0.6631106911762521,False
ERKIC50,0,7,0.0,0.6027325700740593,0.8000264460173,0.6066195835044665,False
ERKIC50,0,7,0.1,0.6063496603457192,0.797263034545631,0.6041022669431039,False
ERKIC50,0,7,0.2,0.6078969521137645,0.7965441259729837,0.6032286240335416,True
ERKIC50,0,7,0.3,0.6074532789719156,0.7978752101261632,0.6040911640776159,False
ERKIC50,0,7,0.4,0.6051495449058133,0.8012459826244053,0.6066368695838807,False
ERKIC50,0,7,0.5,0.6011572441168506,0.8066307405891399,0.6107309516381533,False
ERKIC50,0,7,0.6000000000000001,0.5956753994836539,0.8139893473725565,0.6164979161307406,False
ERKIC50,0,7,0.7000000000000001,0.5889175296113871,0.8232686835435581,0.6237871476481511,False
ERKIC50,0,7,0.8,0.5810999307245094,0.8344044660650806,0.6325744398180755,False
ERKIC50,0,7,0.9,0.5724320964413835,0.84732329887661,0.6427354159810409,False
ERKIC50,0,7,1.0,0.5631096275525965,0.8619448165968893,0.6540156969563413,False
ERKIC50,0,8,0.0,0.5984442265342891,0.804524415334755,0.6110885841965056,False
ERKIC50,0,8,0.1,0.6021752383142711,0.8016749357294204,0.6085999795242623,False
ERKIC50,0,8,0.2,0.6037736973384187,0.8009495253283152,0.6078093517353371,True
ERKIC50,0,8,0.3,0.6033207578777418,0.8023540009802878,0.6088217402080345,False
ERKIC50,0,8,0.4,0.6009533767727483,0.8058772262061762,0.6115979696685244,False
ERKIC50,0,8,0.5,0.5968517202299072,0.811491547646831,0.6160740605421213,False
ERKIC50,0,8,0.6000000000000001,0.5912248883332102,0.8191538622019914,0.6219656511600515,False
ERKIC50,0,8,0.7000000000000001,0.584296773779245,0.8288072207715077,0.6291698997623365,False
ERKIC50,0,8,0.8,0.5762934727254934,0.8403828342544404,0.6378006283796188,False
ERKIC50,0,8,0.9,0.5674331214652004,0.8538023266630894,0.6477712094055051,False
ERKIC50,0,8,1.0,0.5579184976157465,0.8689800795264244,0.6589831796827286,False
ERKIC50,0,9,0.0,0.5989275961839688,0.8064632186537285,0.6136899245751517,False
ERKIC50,0,9,0.1,0.6022797272687616,0.803755931206568,0.6117231191378014,False
ERKIC50,0,9,0.2,0.6035455594688297,0.8031489151493021,0.6114357077456629,True
ERKIC50,0,9,0.3,0.6027809810588981,0.8046468698736486,0.6127424062638911,False
ERKIC50,0,9,0.4,0.600098962043387,0.8082379727606213,0.6156590996042809,False
ERKIC50,0,9,0.5,0.5956592534096524,0.8138943430613963,0.6200382394023938,False
ERKIC50,0,9,0.6000000000000001,0.589655614134006,0.8215731075923104,0.6259337174242668,False
ERKIC50,0,9,0.7000000000000001,0.5823022846097642,0.8312179751685104,0.6333549246663852,False
ERKIC50,0,9,0.8,0.5738212191628993,0.8427611898706763,0.6419499411973438,False
ERKIC50,0,9,0.9,0.5644311680792713,0.8561257148611745,0.6519169130951036,False
ERKIC50,0,9,1.0,0.5543392042755204,0.8712274988301527,0.6629794083694246,False
ERKIC50,0,10,0.0,0.5982041965280447,0.8078833884952624,0.6126793488553698,False
ERKIC50,0,10,0.1,0.600707708433873,0.8059203664461009,0.6107399258940592,False
ERKIC50,0,10,0.2,0.601269086575582,0.805927262642103,0.6104999230884174,True
ERKIC50,0,10,0.3,0.5999488841324327,0.8079037608854713,0.6118240218277228,False
ERKIC50,0,10,0.4,0.5968566606023856,0.8118351974633944,0.6146593189640642,False
ERKIC50,0,10,0.5,0.5921419024516192,0.817693098321374,0.6190483815459739,False
ERKIC50,0,10,0.6000000000000001,0.5859830200605962,0.8254361876734174,0.6247318438150069,False
ERKIC50,0,10,0.7000000000000001,0.5785757981561273,0.8350117869106587,0.631697878630692,False
ERKIC50,0,10,0.8,0.570122507927364,0.8463574980419631,0.6399820006438849,False
ERKIC50,0,10,0.9,0.560822557421452,0.859403054937629,0.6495278970368563,False
ERKIC50,0,10,1.0,0.5508651685902813,0.8740722280228702,0.660082233576005,False
ERKIC50,1,1,0.0,0.6015640129748985,0.804074961040795,0.6106333490703127,False
ERKIC50,1,1,0.1,0.605385985135163,0.8009785814168296,0.6079344281885545,False
ERKIC50,1,1,0.2,0.6071563170437899,0.7999737056716053,0.6068899318550064,True
ERKIC50,1,1,0.3,0.6069319002468849,0.8010684689189695,0.607676176109406,False
ERKIC50,1,1,0.4,0.6048237056034302,0.804254510221844,0.6103583914719743,False
ERKIC50,1,1,0.5,0.6009867967591049,0.8095072887042802,0.6148284240887596,False
ERKIC50,1,1,0.6000000000000001,0.5956081723548026,0.816787015187546,0.6210726640433075,False
ERKIC50,1,1,0.7000000000000001,0.588894014768008,0.8260401183800068,0.6287716831686718,False
ERKIC50,1,1,0.8,0.5810577157078904,0.8372011235267685,0.6378419949688248,False
ERKIC50,1,1,0.9,0.5723096566444684,0.8501947979465145,0.648182645097172,False
ERKIC50,1,1,1.0,0.5628492716555463,0.8649384134731909,0.6598559166325726,False
ERKIC50,1,2,0.0,0.5925613726789505,0.8130023258565806,0.6177161923442374,False
ERKIC50,1,2,0.1,0.5962260363089593,0.8102252369494616,0.6153280775070362,False
ERKIC50,1,2,0.2,0.5978510334005962,0.809501132043603,0.6146150161158608,True
ERKIC50,1,2,0.3,0.5975124591478872,0.8108352658027721,0.6154840958847798,False
ERKIC50,1,2,0.4,0.5953376244364205,0.8142171670311196,0.6180459224135881,False
ERKIC50,1,2,0.5,0.5914938527528674,0.819621047153402,0.6222001083099269,False
ERKIC50,1,2,0.6000000000000001,0.5861757469967908,0.8270067702694878,0.6278071563435688,False
ERKIC50,1,2,0.7000000000000001,0.5795924758677866,0.8363213012884188,0.6350563466168787,False
ERKIC50,1,2,0.8,0.5719563177473382,0.8475005145092807,0.6437949919959619,False
ERKIC50,1,2,0.9,0.5634732586547813,0.8604712273538521,0.6537993295819853,False
ERKIC50,1,2,1.0,0.5543359923512815,0.8751533231856999,0.6649870142228027,False
ERKIC50,1,3,0.0,0.597785816292609,0.8094619280331148,0.6116959777857408,False
ERKIC50,1,3,0.1,0.6014095048675024,0.8066024288590494,0.6095910197773198,False
ERKIC50,1,3,0.2,0.6029709583858971,0.8058504497405361,0.6092076022117655,True
ERKIC50,1,3,0.3,0.6025354071340853,0.8072112802637014,0.6104106640703114,False
ERKIC50,1,3,0.4,0.6002223058352018,0.8106735718916566,0.6133557105153102,False
ERKIC50,1,3,0.5,0.5961945086885645,0.8162098032738273,0.6177828746661964,False
ERKIC50,1,3,0.6000000000000001,0.5906454571621169,0.8237773528271857,0.623684439522567,False
ERKIC50,1,3,0.7000000000000001,0.5837860364014708,0.8333200835988267,0.6311845506511757,False
ERKIC50,1,3,0.8,0.5758324805875754,0.8447703086396825,0.6402044686209951,False
ERKIC50,1,3,0.9,0.5669962614547854,0.8580509870873726,0.6505253447317729,False
ERKIC50,1,3,1.0,0.5574764148714426,0.8730780020116358,0.6620207245253253,False
ERKIC50,1,4,0.0,0.5957086678276738,0.8058195004102165,0.6137001779542428,False
ERKIC50,1,4,0.1,0.5987079984811812,0.8036220480340681,0.6116915271037764,False
ERKIC50,1,4,0.2,0.5996514133869393,0.8034553827340079,0.6115282743085917,True
ERKIC50,1,4,0.3,0.5986257296571134,0.8053203738517013,0.6130033191007416,False
ERKIC50,1,4,0.4,0.5957691251654763,0.8092025707988117,0.6160217259680886,False
ERKIC50,1,4,0.5,0.5912591476726884,0.8150727563137196,0.620623499432571,False
ERKIC50,1,4,0.6000000000000001,0.5852993209292566,0.8228880222692527,0.6265763077309044,False
ERKIC50,1,4,0.7000000000000001,0.5781059820895302,0.8325932780724411,0.6339129194891656,False
ERKIC50,1,4,0.8,0.5698966180759939,0.8441230734499439,0.6425864852250063,False
ERKIC50,1,4,0.9,0.5608804771769431,0.8574036049718631,0.6524653464795372,False
ERKIC50,1,4,1.0,0.5512517510427575,0.8723547786098287,0.663510332211416,False
ERKIC50,1,5,0.0,0.6053959321715446,0.7945928262401358,0.6050791126551213,False
ERKIC50,1,5,0.1,0.6092388010740384,0.7915932464575655,0.6025207198584992,False
ERKIC50,1,5,0.2,0.6109305217063123,0.7907236415405182,0.6016944616974983,True
ERKIC50,1,5,0.3,0.610547107635849,0.7919909161423977,0.6027188934025233,False
ERKIC50,1,5,0.4,0.608221374925426,0.7953847717467691,0.6055337673675973,False
ERKIC50,1,5,0.5,0.6041308084295836,0.8008781199453068,0.6099238140209176,False
ERKIC50,1,5,0.6000000000000001,0.5984835023523603,0.8084281417261112,0.6159936566976887,False
ERKIC50,1,5,0.7000000000000001,0.5915039849776825,0.8179778985330932,0.6236222539510707,False
ERKIC50,1,5,0.8,0.5834203952651238,0.8294583592867617,0.6325507514464774,False
ERKIC50,1,5,0.9,0.5744539645386973,0.8427906856642057,0.6428130430582101,False
ERKIC50,1,5,1.0,0.5648112235603778,0.8578886165004382,0.6543096858787016,False
ERKIC50,1,6,0.0,0.6049946998496845,0.7998301023265975,0.6102680443571828,False
ERKIC50,1,6,0.1,0.6087497869644244,0.7968818309521339,0.6082121526660896,False
ERKIC50,1,6,0.2,0.6105003087906203,0.7958935549883609,0.6076091361450027,True
ERKIC50,1,6,0.3,0.6103090669667328,0.7968724869947813,0.6086045968220318,False
ERKIC50,1,6,0.4,0.6082892129922147,0.7998112926948091,0.6110633027842051,False
ERKIC50,1,6,0.5,0.604594447921,0.8046883638139315,0.6148134783828947,False
ERKIC50,1,6,0.6000000000000001,0.5994074137158768,0.8114686012683935,0.6199271149670998,False
ERKIC50,1,6,0.7000000000000001,0.5929277160424802,0.8201046437241126,0.6262595193741198,False
ERKIC50,1,6,0.8,0.5853608008131899,0.8305384444409644,0.634011828740241,False
ERKIC50,1,6,0.9,0.5769085371937276,0.8427030805018513,0.6430787054925341,False
ERKIC50,1,6,1.0,0.5677619502158937,0.8565246740771327,0.6533665324069787,False
ERKIC50,1,7,0.0,0.5925132665624032,0.8098208059224511,0.6146463755865959,False
ERKIC50,1,7,0.1,0.594865696104321,0.8081576263413235,0.6129135248202029,False
ERKIC50,1,7,0.2,0.595024152561298,0.8087056917831369,0.6127068257690201,True
ERKIC50,1,7,0.3,0.5930811677646217,0.8114606061497625,0.6142134662194476,False
ERKIC50,1,7,0.4,0.5891895204344231,0.8164000415501104,0.6174719129896531,False
ERKIC50,1,7,0.5,0.5835482241565393,0.8234846319069422,0.6224438625265527,False
ERKIC50,1,7,0.6000000000000001,0.5763865361411209,0.8326595035361102,0.6292280517169887,False
ERKIC50,1,7,0.7000000000000001,0.5679481221721714,0.8438563079511588,0.6375142586307787,False
ERKIC50,1,7,0.8,0.558477051845196,0.8569955899759554,0.647189864463306,False
ERKIC50,1,7,0.9,0.5482066450531691,0.8719893153209932,0.6581906730657161,False
ERKIC50,1,7,1.0,0.537351543331815,0.8887433939841116,0.670459622702082,False
ERKIC50,1,8,0.0,0.600911158639818,0.8050666560266908,0.6113985230332235,False
ERKIC50,1,8,0.1,0.603557599271393,0.8030402050297848,0.6098439779888396,False
ERKIC50,1,8,0.2,0.6042306067758266,0.8030133703204105,0.6097170854386841,True
ERKIC50,1,8,0.3,0.6029980800552684,0.8049862397691072,0.6111472385079004,False
ERKIC50,1,8,0.4,0.5999772713808864,0.8089439828267132,0.6143439927695035,False
ERKIC50,1,8,0.5,0.5953250237912607,0.8148574047906129,0.6192297477388313,False
ERKIC50,1,8,0.6000000000000001,0.5892262242850337,0.8226840061346772,0.6254439735742288,False
ERKIC50,1,8,0.7000000000000001,0.5818819004510856,0.8323694591391672,0.6330373028361483,False
ERKIC50,1,8,0.8,0.5734981765279448,0.8438493868460977,0.6418438454461635,False
ERKIC50,1,8,0.9,0.5642769392592799,0.8570513175121495,0.6519563403448245,False
ERKIC50,1,8,1.0,0.5544086560025635,0.8718966908100123,0.6632275124087986,False
ERKIC50,1,9,0.0,0.6033070956170239,0.8053929172427428,0.6127635678387225,False
ERKIC50,1,9,0.1,0.6072403212111936,0.8022570744516713,0.6104143435816495,False
ERKIC50,1,9,0.2,0.6090140893702799,0.8012906065731403,0.6100791813591261,True
ERKIC50,1,9,0.3,0.6087047728950135,0.8025010542497217,0.611585292717838,False
ERKIC50,1,9,0.4,0.6064462073289217,0.8058782434696135,0.6147928185805526,False
ERKIC50,1,9,0.5,0.6024172620875943,0.8113947089077544,0.619553539499412,False
ERKIC50,1,9,0.6000000000000001,0.5968275040830371,0.8190067923953477,0.6258104004805249,False
ERKIC50,1,9,0.7000000000000001,0.5899028104185994,0.8286563162760727,0.6333249645399643,False
ERKIC50,1,9,0.8,0.581872416164451,0.8402726876433428,0.6420668053674343,False
ERKIC50,1,9,0.9,0.5729583451310447,0.8537752670097086,0.652017740976583,False
ERKIC50,1,9,1.0,0.5633676248970763,0.8690758344367359,0.6631287439519197,False
ERKIC50,1,10,0.0,0.5942722876568182,0.8118954464107977,0.6146499816789881,False
ERKIC50,1,10,0.1,0.5977635955527146,0.8091274586854583,0.6127176937515615,False
ERKIC50,1,10,0.2,0.5992609970822782,0.8083850431491904,0.6123366032556689,True
ERKIC50,1,10,0.3,0.5988246006583535,0.8096739056773282,0.6136619206444763,False
ERKIC50,1,10,0.4,0.5965657404292528,0.8129844047749082,0.6167185257991373,False
ERKIC50,1,10,0.5,0.5926372038535266,0.818291908505072,0.6212603923732866,False
ERKIC50,1,10,0.6000000000000001,0.5872215285826801,0.825557698887758,0.6272544691172481,False
ERKIC50,1,10,0.7000000000000001,0.5805188500838204,0.8347303476542198,0.6346246945186185,False
ERKIC50,1,10,0.8,0.5727355676230633,0.8457474527723221,0.6432569027245204,False
ERKIC50,1,10,0.9,0.564074719793274,0.8585376061270893,0.6531047076398873,False
ERKIC50,1,10,1.0,0.5547285389617854,0.8730224600580397,0.6642253980278127,False
ERKIC50,2,1,0.0,0.6004569160825923,0.8035202508765206,0.6105937599569735,False
ERKIC50,2,1,0.1,0.6031594208562036,0.8014877598111582,0.6089299684955138,False
ERKIC50,2,1,0.2,0.6038610288088526,0.801535266126186,0.6088912185480517,True
ERKIC50,2,1,0.3,0.6026362966467854,0.8036623239609483,0.6104304039208677,False
ERKIC50,2,1,0.4,0.5996094552325901,0.8078524369499822,0.6134170336324749,False
ERKIC50,2,1,0.5,0.5949439712349156,0.8140736894149908,0.61784542005333,False
ERKIC50,2,1,0.6000000000000001,0.588830497135292,0.8222799332809011,0.6237858967471686,False
ERKIC50,2,1,0.7000000000000001,0.581474673339703,0.8324124306348777,0.6311193330899261,False
ERKIC50,2,1,0.8,0.5730859867792424,0.8444018217874121,0.6398063849382586,False
ERKIC50,2,1,0.9,0.5638684937852034,0.8581702762222481,0.6498695304577176,False
ERKIC50,2,1,1.0,0.5540137951774572,0.8736336883223526,0.6610057924138244,False
ERKIC50,2,2,0.0,0.5932185339740002,0.811515193181885,0.6156461955174163,False
ERKIC50,2,2,0.1,0.5968028014402244,0.8088513492912648,0.6133524459011619,False
ERKIC50,2,2,0.2,0.5984340137485569,0.8081278197167763,0.6126664084206599,True
ERKIC50,2,2,0.3,0.5981891739492544,0.8093491611947355,0.6134344698633043,False
ERKIC50,2,2,0.4,0.5961917306648473,0.8125059562275098,0.6156779033800086,False
ERKIC50,2,2,0.5,0.5926011156403629,0.8175751700198729,0.6194660305609925,False
ERKIC50,2,2,0.6000000000000001,0.5876010648485697,0.8245209733549081,0.6246497259679747,False
ERKIC50,2,2,0.7000000000000001,0.5813880850627167,0.8332959646497349,0.6311932964308024,False
ERKIC50,2,2,0.8,0.5741611326334418,0.8438426979889542,0.6392029457995763,False
ERKIC50,2,2,0.9,0.5661131755753922,0.8560954096628433,0.6484854703456155,False
ERKIC50,2,2,1.0,0.5574249184349007,0.8699818340159176,0.6589295264129681,False
ERKIC50,2,3,0.0,0.6044125831693744,0.8034352571697694,0.6095884223191459,False
ERKIC50,2,3,0.1,0.6083846068829264,0.8002395080400142,0.606609209115382,False
ERKIC50,2,3,0.2,0.610315181950748,0.7990988646303696,0.6053409165085115,True
ERKIC50,2,3,0.3,0.6102668557715804,0.80002152182803,0.6058415957743575,False
ERKIC50,2,3,0.4,0.6083550332041778,0.8029996523630161,0.6079431245571356,False
ERKIC50,2,3,0.5,0.6047375448140588,0.8080097346157054,0.6115753140973583,False
ERKIC50,2,3,0.6000000000000001,0.5996022799810157,0.8150134701394294,0.6167877202539235,False
ERKIC50,2,3,0.7000000000000001,0.5931544777201154,0.8239592088438481,0.6236705171718345,False
ERKIC50,2,3,0.8,0.5856050073613739,0.8347837621382139,0.6322830603176514,False
ERKIC50,2,3,0.9,0.5771605442159424,0.8474144640731737,0.6421456902893647,False
ERKIC50,2,3,1.0,0.5680160846211513,0.8617713383342058,0.6532617960494618,False
ERKIC50,2,4,0.0,0.5979088166566127,0.8100081881556479,0.6145700721251961,False
ERKIC50,2,4,0.1,0.601578608298569,0.8070499989240556,0.6123893522001796,False
ERKIC50,2,4,0.2,0.6032964769828872,0.8060461941787244,0.6116367381044603,True
ERKIC50,2,4,0.3,0.6031147407120672,0.8070035619421174,0.6122686068201829,False
ERKIC50,2,4,0.4,0.6011356471781287,0.8099144944363765,0.6144243402240903,False
ERKIC50,2,4,0.5,0.5975023548349261,0.8147572898581792,0.6180238475643375,False
ERKIC50,2,4,0.6000000000000001,0.5923879367117377,0.8214969557684402,0.6231315040018464,False
ERKIC50,2,4,0.7000000000000001,0.5859838139235171,0.8300864455849275,0.6296738455504993,False
ERKIC50,2,4,0.8,0.5784888433487265,0.8404682291992188,0.6374333379675454,False
ERKIC50,2,4,0.9,0.5700999391118009,0.8525760820047668,0.646422047109392,False
ERKIC50,2,4,1.0,0.5610047114712868,0.866336974176966,0.656655185532735,False
ERKIC50,2,5,0.0,0.6144024426806999,0.7959828575967937,0.606577212529355,False
ERKIC50,2,5,0.1,0.616917372173396,0.7940644857358887,0.6049081236507179,False
ERKIC50,2,5,0.2,0.6174431435424146,0.7941669593705099,0.6047808208713199,True
ERKIC50,2,5,0.3,0.6160556591479179,0.7962892741342178,0.6064036866552145,False
ERKIC50,2,5,0.4,0.6128789573108665,0.8004150343090529,0.6094821045936911,False
ERKIC50,2,5,0.5,0.6080750222133304,0.8065130807449895,0.613983954463307,False
ERKIC50,2,5,0.6000000000000001,0.6018320892170298,0.8145386456883872,0.6199923242716447,False
ERKIC50,2,5,0.7000000000000001,0.5943528445286603,0.8244349370570292,0.6274060315238239,False
ERKIC50,2,5,0.8,0.5858436636944948,0.8361350269424225,0.6361763206369684,False
ERKIC50,2,5,0.9,0.5765056520682963,0.8495639082770989,0.646272842422991,False
ERKIC50,2,5,1.0,0.566527850457358,0.8646405888443868,0.6575518320775208,False
ERKIC50,2,6,0.0,0.5950068346485212,0.8135925154728371,0.6177564786729999,False
ERKIC50,2,6,0.1,0.5978952587697723,0.8113340015970797,0.6159773314633366,False
ERKIC50,2,6,0.2,0.598740891078995,0.8111803784566192,0.6157015729884987,True
ERKIC50,2,6,0.3,0.5976094229867005,0.8131325946390648,0.6169387559212393,False
ERKIC50,2,6,0.4,0.5946205212234354,0.8171752816567235,0.6199283596144631,False
ERKIC50,2,6,0.5,0.5899373376369083,0.8232773526766414,0.624682028803262,False
ERKIC50,2,6,0.6000000000000001,0.5837539000760348,0.8313931732712131,0.6310466903784354,False
ERKIC50,2,6,0.7000000000000001,0.5762820234605182,0.8414642039605125,0.6387903645108142,False
ERKIC50,2,6,0.8,0.5677391456716848,0.8534209826438367,0.6480501363675444,False
ERKIC50,2,6,0.9,0.5583380701861363,0.8671853014370343,0.65858204314938,False
ERKIC50,2,6,1.0,0.5482791219498184,0.8826724364010046,0.6702807942407232,False
ERKIC50,2,7,0.0,0.5990053739382495,0.8044335147116553,0.6105141047826113,False
ERKIC50,2,7,0.1,0.6025434576104722,0.8016021819211339,0.6086597348089773,False
ERKIC50,2,7,0.2,0.604052236344157,0.8007741513987856,0.608326378499919,True
ERKIC50,2,7,0.3,0.6035857819742938,0.801955925742865,0.6094294024114546,False
ERKIC50,2,7,0.4,0.6012517345675988,0.805138871415742,0.6119762325141168,False
ERKIC50,2,7,0.5,0.5972017710717874,0.810299532475937,0.6159867540503734,False
ERKIC50,2,7,0.6000000000000001,0.5916198279781383,0.8174004850384897,0.6213781278519823,False
ERKIC50,2,7,0.7000000000000001,0.5847096062042475,0.8263916609880543,0.6281811713321724,False
ERKIC50,2,7,0.8,0.5766827146132526,0.8372120348758134,0.6364290929477344,False
ERKIC50,2,7,0.9,0.5677484466775607,0.8497915481192628,0.6458462626024088,False
ERKIC50,2,7,1.0,0.558105752581673,0.8640531407184711,0.6565210018007603,False
ERKIC50,2,8,0.0,0.5978790114021546,0.8037164234110706,0.6073120780127628,False
ERKIC50,2,8,0.1,0.6018580279145536,0.800566229382855,0.6047508010741995,False
ERKIC50,2,8,0.2,0.6038241130946763,0.7994127373578229,0.6038509911723564,False
ERKIC50,2,8,0.3,0.6038367259351728,0.800264682554432,0.6046623334224419,True
ERKIC50,2,8,0.4,0.6020073373104824,0.8031155378121063,0.6069606247024371,False
ERKIC50,2,8,0.5,0.5984892574806709,0.8079437656076809,0.6108894996802776,False
ERKIC50,2,8,0.6000000000000001,0.5934655957246708,0.8147136325836934,0.6162692718017239,False
ERKIC50,2,8,0.7000000000000001,0.5871368908562994,0.8233765149423744,0.6229753500530706,False
ERKIC50,2,8,0.8,0.5797096911338393,0.8338725854473157,0.6309870236431607,False
ERKIC50,2,8,0.9,0.5713869502759008,0.8461327512229941,0.6404111941071978,False
ERKIC50,2,8,1.0,0.5623606675879634,0.8600807072678884,0.651008547997648,False
ERKIC50,2,9,0.0,0.5998415215800945,0.8015249408222074,0.6061132306888354,False
ERKIC50,2,9,0.1,0.6043817624365964,0.7978608072457023,0.6037689634730363,False
ERKIC50,2,9,0.2,0.606754023311635,0.7963154355431452,0.6028379387686439,False
ERKIC50,2,9,0.3,0.6070200554337742,0.7969010625707549,0.6035549157093548,True
ERKIC50,2,9,0.4,0.6053015634980117,0.7996128803079398,0.6059356784617265,False
ERKIC50,2,9,0.5,0.6017683909600142,0.8044292309575868,0.6098607133510869,False
ERKIC50,2,9,0.6000000000000001,0.5966243702186608,0.811312459581314,0.6153967907753597,False
ERKIC50,2,9,0.7000000000000001,0.5900927511114402,0.8202103474358193,0.6222809804830793,False
ERKIC50,2,9,0.8,0.5824028024369815,0.8310580026816826,0.6305488366803595,False
ERKIC50,2,9,0.9,0.5737786577623126,0.8437800570518418,0.640133670721489,False
ERKIC50,2,9,1.0,0.564430915552368,0.8582930094935886,0.6510850278262514,False
ERKIC50,2,10,0.0,0.5920998888211891,0.8093414017411457,0.6151240974661432,False
ERKIC50,2,10,0.1,0.5946034212435393,0.807472744180302,0.6129360248016635,False
ERKIC50,2,10,0.2,0.5950419811877744,0.8077027997726003,0.6123945623694201,True
ERKIC50,2,10,0.3,0.5934927111163724,0.8100294188120423,0.6137244656975549,False
ERKIC50,2,10,0.4,0.5900870383415395,0.8144342179409543,0.6167923906553975,False
ERKIC50,2,10,0.5,0.5849992110207303,0.8208832973958764,0.6213952304180066,False
ERKIC50,2,10,0.6000000000000001,0.578432897657555,0.8293285150091976,0.6275745482349672,False
ERKIC50,2,10,0.7000000000000001,0.5706075756916138,0.8397092085316729,0.6351936036310831,False
ERKIC50,2,10,0.8,0.5617461353630065,0.8519542295480514,0.6442174995257781,False
ERKIC50,2,10,0.9,0.5520646479176599,0.8659841423787016,0.6545919703181367,False
ERKIC50,2,10,1.0,0.541764738754231,0.8817134486461093,0.6661816654847338,False
ERKIC50,3,1,0.0,0.5931296349910553,0.8114095588522222,0.6167632899791873,False
ERKIC50,3,1,0.1,0.5960639447977687,0.8091784479238345,0.6148189440220183,False
ERKIC50,3,1,0.2,0.5970526453507353,0.8089110077855806,0.6144292972943509,True
ERKIC50,3,1,0.3,0.5961644012919693,0.8106091109964206,0.615795145135615,False
ERKIC50,3,1,0.4,0.5935159983073568,0.8142603546958517,0.6188827441369202,False
ERKIC50,3,1,0.5,0.589262558991211,0.8198385096482781,0.6234675858938166,False
ERKIC50,3,1,0.6000000000000001,0.5835861119912975,0.8273044458181763,0.6294181689913966,False
ERKIC50,3,1,0.7000000000000001,0.5766839127266734,0.8366074599658703,0.6367128076800308,False
ERKIC50,3,1,0.8,0.5687576883501515,0.8476869041738047,0.6453104415479295,False
ERKIC50,3,1,0.9,0.5600046115536266,0.8604740008786033,0.6550593252984203,False
ERKIC50,3,1,1.0,0.5506104066946702,0.8748937300446148,0.6659414823404054,False
ERKIC50,3,2,0.0,0.5901192806694686,0.8140568742876036,0.6173483545428733,False
ERKIC50,3,2,0.1,0.5929754056225047,0.8118709638108694,0.6154329437243223,False
ERKIC50,3,2,0.2,0.5937804308827697,0.8117619605959174,0.6151626475180931,True
ERKIC50,3,2,0.3,0.5926105970038644,0.813730412269215,0.6164419606674291,False
ERKIC50,3,2,0.4,0.5895958612840034,0.8177607373245259,0.6195133105427677,False
ERKIC50,3,2,0.5,0.5849081964271827,0.8238218411627749,0.6241408503615629,False
ERKIC50,3,2,0.6000000000000001,0.5787481421382237,0.8318683028210986,0.6303983452523891,False
ERKIC50,3,2,0.7000000000000001,0.5713313335756304,0.8418420287582957,0.6381779955916843,False
ERKIC50,3,2,0.8,0.562876380772664,0.8536742385786248,0.6472979072861815,False
ERKIC50,3,2,0.9,0.5535949726596507,0.8672876350032936,0.6575630592886467,False
ERKIC50,3,2,1.0,0.5436845742715144,0.8825986158866964,0.6689756015324945,False
ERKIC50,3,3,0.0,0.605234674056699,0.8014870722534916,0.6061119863143194,False
ERKIC50,3,3,0.1,0.6077295752717395,0.7995629624931232,0.6046354652525194,False
ERKIC50,3,3,0.2,0.6081612542761975,0.7997483673693945,0.6047266284458608,True
ERKIC50,3,3,0.3,0.6066017697207133,0.8020418059074681,0.606376117335474,False
ERKIC50,3,3,0.4,0.6031770693055453,0.8064251220880567,0.6095947424947035,False
ERKIC50,3,3,0.5,0.5980561692718164,0.8128641993889675,0.6143322417623335,False
ERKIC50,3,3,0.6000000000000001,0.5914382887825141,0.821310267325168,0.62071430034281,False
ERKIC50,3,3,0.7000000000000001,0.5835395982167654,0.8317016855809417,0.6285224919332408,False
ERKIC50,3,3,0.8,0.5745809881602041,0.8439660595083988,0.6376024878214384,False
ERKIC50,3,3,0.9,0.564777828204074,0.8580225295028285,0.6478398031904449,False
ERKIC50,3,3,1.0,0.5543322001930775,0.8737840847386265,0.6592211294429846,False
ERKIC50,3,4,0.0,0.5968035119829095,0.7944678287652819,0.6074789143420699,False
ERKIC50,3,4,0.1,0.6009632033900401,0.7912804168043923,0.6050621048462935,False
ERKIC50,3,4,0.2,0.6029977033774392,0.7901923045740185,0.6042682423459833,True
ERKIC50,3,4,0.3,0.6029855908290295,0.791211216424059,0.6050713222203493,False
ERKIC50,3,4,0.4,0.6010615668242177,0.7943278997920823,0.6075418405570489,False
ERKIC50,3,4,0.5,0.5974037078534962,0.7995165316849051,0.6116962032395215,False
ERKIC50,3,4,0.6000000000000001,0.5922190325388631,0.8067357693732283,0.6173453901564605,False
ERKIC50,3,4,0.7000000000000001,0.585729252334428,0.8159303478241071,0.6242730404271298,False
ERKIC50,3,4,0.8,0.5781581517237224,0.8270330851722981,0.6326401389614922,False
ERKIC50,3,4,0.9,0.5697214702132353,0.8399671370374898,0.6422398108613556,False
ERKIC50,3,4,1.0,0.5606196023176068,0.8546483410084962,0.6529529577587241,False
ERKIC50,3,5,0.0,0.6058897289030065,0.8067924257527824,0.6120431271033338,False
ERKIC50,3,5,0.1,0.6086616898432268,0.8045676943074824,0.610247763926122,False
ERKIC50,3,5,0.2,0.6094741699986681,0.8043730011659751,0.6100750294000971,True
ERKIC50,3,5,0.3,0.6083831343169042,0.8062094987509012,0.6116184583457456,False
ERKIC50,3,5,0.4,0.6054942344565697,0.8100630211249188,0.6146262331468991,False
ERKIC50,3,5,0.5,0.6009539871002806,0.8159046236500581,0.6190554077861645,False
ERKIC50,3,5,0.6000000000000001,0.5949389248127427,0.8236916472594376,0.624965994610265,False
ERKIC50,3,5,0.7000000000000001,0.587644085709119,0.8333692184352737,0.6323120436212727,False
ERKIC50,3,5,0.8,0.5792720598487409,0.8448720671650696,0.6409690877020091,False
ERKIC50,3,5,0.9,0.5700234936373084,0.8581265321226134,0.6509257300731577,False
ERKIC50,3,5,1.0,0.5600895722748532,0.8730526248016609,0.6622395515124004,False
ERKIC50,3,6,0.0,0.5950975065554653,0.8108113762153527,0.6132666855197668,False
ERKIC50,3,6,0.1,0.5979052495346636,0.8087434401946222,0.6116083741513034,False
ERKIC50,3,6,0.2,0.5986318332792028,0.8087594012953906,0.6117758911563834,True
ERKIC50,3,6,0.3,0.5973644560069169,0.8108591511178543,0.6134123444871091,False
ERKIC50,3,6,0.4,0.59424344692797,0.8150265942232018,0.6166712653044943,False
ERKIC50,3,6,0.5,0.5894500069344234,0.8212302573273774,0.6214743884310767,False
ERKIC50,3,6,0.6000000000000001,0.5831923859659085,0.829424451365688,0.6276161827312358,False
ERKIC50,3,6,0.7000000000000001,0.5756922217291054,0.8395508889819068,0.6350183724346852,False
ERKIC50,3,6,0.8,0.5671723938254594,0.8515406296849211,0.6436057539943352,False
ERKIC50,3,6,0.9,0.5578472333962772,0.8653162118665969,0.6534402013572855,False
ERKIC50,3,6,1.0,0.547915417152493,0.8807938346355261,0.6644195204551885,False
ERKIC50,3,7,0.0,0.6019914221002383,0.8024999016384597,0.6123488622956604,False
ERKIC50,3,7,0.1,0.6053396572258098,0.7998951254249492,0.6102801460185538,False
ERKIC50,3,7,0.2,0.606524630128362,0.7994701090627774,0.609867267365317,True
ERKIC50,3,7,0.3,0.6056230016521076,0.8012278088128377,0.6110657455515675,False
ERKIC50,3,7,0.4,0.6027697601388243,0.8051533491164863,0.6140364017947355,False
ERKIC50,3,7,0.5,0.598145811185969,0.8112146436166181,0.6188632690467921,False
ERKIC50,3,7,0.6000000000000001,0.5919635197000941,0.8193636784426153,0.6254101215180254,False
ERKIC50,3,7,0.7000000000000001,0.5844520972661974,0.8295383413174356,0.6333518116613264,False
ERKIC50,3,7,0.8,0.5758443721383818,0.8416646413160803,0.642651321130959,False
ERKIC50,3,7,0.9,0.5663659409288132,0.8556591478038366,0.653183031375335,False
ERKIC50,3,7,1.0,0.5562271431079993,0.8714314824796064,0.6648653001829671,False
ERKIC50,3,8,0.0,0.591808852174643,0.8097523362259722,0.6155040135872677,False
ERKIC50,3,8,0.1,0.5949327420286107,0.8074068160010193,0.6135229197508897,False
ERKIC50,3,8,0.2,0.5960408846622036,0.807121116274045,0.6131143215224861,True
ERKIC50,3,8,0.3,0.5952041184306762,0.8088972347475923,0.6143377776140878,False
ERKIC50,3,8,0.4,0.5925448355749626,0.8127214586093432,0.6169815637048817,False
ERKIC50,3,8,0.5,0.5882263126023998,0.8185648878390956,0.6212939558056563,False
ERKIC50,3,8,0.6000000000000001,0.5824402727960151,0.826384504645205,0.6271156225876302,False
ERKIC50,3,8,0.7000000000000001,0.5753942403128266,0.8361246990672694,0.6343337147953164,False
ERKIC50,3,8,0.8,0.5672999741989468,0.8477191298523913,0.6429209384957788,False
ERKIC50,3,8,0.9,0.5583638462632264,0.8610927851859138,0.6528608104419354,False
ERKIC50,3,8,1.0,0.5487795754103986,0.8761641096293541,0.6640162276301649,False
ERKIC50,3,9,0.0,0.6003229296967945,0.808667664467093,0.6119723989409146,False
ERKIC50,3,9,0.1,0.6030152483561482,0.8066551590896548,0.6099577749721835,False
ERKIC50,3,9,0.2,0.6037169330621059,0.8066688938270051,0.6095676377057959,True
ERKIC50,3,9,0.3,0.6025022351095546,0.8087087225629729,0.6108036728525177,False
ERKIC50,3,9,0.4,0.5994947909999665,0.8127593329216781,0.6135855802954633,False
ERKIC50,3,9,0.5,0.5948572777024013,0.818790814401242,0.6179169686357716,False
ERKIC50,3,9,0.6000000000000001,0.5887794337856651,0.8267597391881221,0.623691025403185,False
ERKIC50,3,9,0.7000000000000001,0.5814659108105623,0.8366106668904931,0.6309005219489159,False
ERKIC50,3,9,0.8,0.5731251662396327,0.8482779567750629,0.6396165811654558,False
ERKIC50,3,9,0.9,0.56396021338486,0.861687758851694,0.6496133540707112,False
ERKIC50,3,9,1.0,0.5541616215128599,0.8767600579904677,0.6608313617585162,False
ERKIC50,3,10,0.0,0.6039277401110827,0.8050315110853987,0.6104173500769375,False
ERKIC50,3,10,0.1,0.6075481372672472,0.8019777155089886,0.6080116408297683,False
ERKIC50,3,10,0.2,0.6092447510458229,0.8008874635952952,0.6073205892170778,True
ERKIC50,3,10,0.3,0.6090555169716106,0.8017688342596522,0.6081126978899861,False
ERKIC50,3,10,0.4,0.6070681128987524,0.8046153580168918,0.6102783973649879,False
ERKIC50,3,10,0.5,0.6034123578978066,0.8094062531274087,0.6140714930078077,False
ERKIC50,3,10,0.6000000000000001,0.5982503103992942,0.8161071752304677,0.6193525359067732,False
ERKIC50,3,10,0.7000000000000001,0.5917653533432412,0.8246714184381789,0.6261298795327768,False
ERKIC50,3,10,0.8,0.5841514789726744,0.8350414727678734,0.6342775704702132,False
ERKIC50,3,10,0.9,0.575603726037041,0.847150822786441,0.6437231776855771,False
ERKIC50,3,10,1.0,0.5663103724111634,0.8609258667623993,0.6543655594656986,False
ERKIC50,4,1,0.0,0.5972675881143272,0.8095094700631258,0.6096139229061339,False
ERKIC50,4,1,0.1,0.6014521054776235,0.8061667615898894,0.6071628823398745,False
ERKIC50,4,1,0.2,0.6036300253657648,0.8048380179099389,0.6062585808665059,False
ERKIC50,4,1,0.3,0.6038526906750328,0.8055332213431875,0.6071497885686534,True
ERKIC50,4,1,0.4,0.6022238875533674,0.8082470876181569,0.6098238647780148,False
ERKIC50,4,1,0.5,0.5988904482675907,0.812959266051769,0.6140515235600967,False
ERKIC50,4,1,0.6000000000000001,0.594030719675951,0.8196350950406375,0.6198000726653993,False
ERKIC50,4,1,0.7000000000000001,0.5878423910548614,0.8282268483899082,0.6271856293419589,False
ERKIC50,4,1,0.8,0.5805309909240839,0.8386753707883697,0.63599319603226,False
ERKIC50,4,1,0.9,0.5722999997004677,0.8509119779680093,0.6460980404197333,False
ERKIC50,4,1,1.0,0.5633431020447588,0.8648604903959823,0.6574632768124546,False
ERKIC50,4,2,0.0,0.5982194048265537,0.8061056810020386,0.6127451528238556,False
ERKIC50,4,2,0.1,0.6012283504818959,0.8038718008852677,0.6107616689332014,False
ERKIC50,4,2,0.2,0.6020740355247665,0.8038170716361567,0.610516667133443,True
ERKIC50,4,2,0.3,0.6008490469511314,0.8059421058987706,0.6120318088471082,False
ERKIC50,4,2,0.4,0.5977024184603288,0.8102298087003511,0.6151683915710853,False
ERKIC50,4,2,0.5,0.5928263165952798,0.8166460605708638,0.6198029969093677,False
ERKIC50,4,2,0.6000000000000001,0.5864410894952586,0.825141052289921,0.6259122830028587,False
ERKIC50,4,2,0.7000000000000001,0.5787805646750422,0.8356511520617232,0.6334721897431415,False
ERKIC50,4,2,0.8,0.5700790638080575,0.8481011483363659,0.6424285015665656,False
ERKIC50,4,2,0.9,0.5605610297016187,0.8624066965040529,0.6526475465643156,False
ERKIC50,4,2,1.0,0.5504335960467779,0.878476804386471,0.66404685874496,False
ERKIC50,4,3,0.0,0.5968031633056802,0.8071426736334276,0.6155699533465097,False
ERKIC50,4,3,0.1,0.6007186928801433,0.8040607537273345,0.613160096319453,False
ERKIC50,4,3,0.2,0.6026149291303429,0.8030048928797594,0.6123540125483167,True
ERKIC50,4,3,0.3,0.6025532291653306,0.8039826141355171,0.6131837541609064,False
ERKIC50,4,3,0.4,0.6006471001205123,0.8069859471233098,0.6156668834987344,False
ERKIC50,4,3,0.5,0.5970520224489348,0.8119917496692896,0.619661140311347,False
ERKIC50,4,3,0.6000000000000001,0.5919533470691899,0.8189625881398772,0.6250026445610832,False
ERKIC50,4,3,0.7000000000000001,0.5855538132133986,0.8278480998541339,0.6316129307333371,False
ERKIC50,4,3,0.8,0.5780619922765791,0.8385867257733542,0.6396466949118598,False
ERKIC50,4,3,0.9,0.5696825564424313,0.8511076823780268,0.6491163950918987,False
ERKIC50,4,3,1.0,0.560608825551867,0.8653330389437212,0.6598226357964239,False
ERKIC50,4,4,0.0,0.6014984057099313,0.8062412242642758,0.6128819048204048,False
ERKIC50,4,4,0.1,0.6053055019767635,0.8031099597053297,0.6104307280381376,False
ERKIC50,4,4,0.2,0.6070866662611489,0.8020290620882651,0.6096147362877258,True
ERKIC50,4,4,0.3,0.6068919085460149,0.8030067851548278,0.6104683967876048,False
ERKIC50,4,4,0.4,0.604825056725186,0.8060355525846093,0.6128910715910129,False
ERKIC50,4,4,0.5,0.6010344408806066,0.811092249977613,0.6170129488178949,False
ERKIC50,4,4,0.6000000000000001,0.5957012381899829,0.8181390956689605,0.6227208263271956,False
ERKIC50,4,4,0.7000000000000001,0.589027016492446,0.8271250151672209,0.6299330159526558,False
ERKIC50,4,4,0.8,0.58122185526431,0.8379874062184236,0.6384232994847605,False
ERKIC50,4,4,0.9,0.5724940631263642,0.850654159814578,0.6482954816418817,False
ERKIC50,4,4,1.0,0.5630420743433175,0.8650457981080419,0.6594667693943569,False
ERKIC50,4,5,0.0,0.605384740768803,0.8014622418528858,0.6081115584852609,False
ERKIC50,4,5,0.1,0.607681354778548,0.7997679429315488,0.6063927033166637,False
ERKIC50,4,5,0.2,0.6079545288411772,0.8001652338962868,0.6064594772334696,True
ERKIC50,4,5,0.3,0.6062848473596347,0.8026510371466712,0.6083685193626837,False
ERKIC50,4,5,0.4,0.602803195815129,0.8072060540996755,0.6118932092548401,False
ERKIC50,4,5,0.5,0.5976799155360165,0.8137955048818682,0.617020232314853,False
ERKIC50,4,5,0.6000000000000001,0.5911123278340642,0.8223704246802723,0.6235655190074783,False
ERKIC50,4,5,0.7000000000000001,0.5833121529405958,0.8328694072079488,0.631469090423645,False
ERKIC50,4,5,0.8,0.5744940763218191,0.8452206573143861,0.6406657864221847,False
ERKIC50,4,5,0.9,0.5648662953452057,0.8593442049288524,0.6511194551447288,False
ERKIC50,4,5,1.0,0.5546234352792577,0.8751541400513216,0.6627685786063152,False
ERKIC50,4,6,0.0,0.598398789535798,0.8061433302092871,0.6114235760114742,False
ERKIC50,4,6,0.1,0.6005952044463997,0.8045684250560324,0.6096207078303382,False
ERKIC50,4,6,0.2,0.6007082372394855,0.8050959386349351,0.6095098727676669,True
ERKIC50,4,6,0.3,0.5988235610313688,0.8077213594080643,0.6110287809847857,False
ERKIC50,4,6,0.4,0.595080760994797,0.8124239103595604,0.6141343420591112,False
ERKIC50,4,6,0.5,0.5896613249025926,0.8191673618555286,0.6189447454453733,False
ERKIC50,4,6,0.6000000000000001,0.5827748716693457,0.8279013929254123,0.6253801038461398,False
ERKIC50,4,6,0.7000000000000001,0.5746453636321867,0.8385633853215537,0.6333247299237504,False
ERKIC50,4,6,0.8,0.5654987108666509,0.8510805090213938,0.6427028352225774,False
ERKIC50,4,6,0.9,0.5555526738264525,0.8653719509116051,0.6533099879749577,False
ERKIC50,4,6,1.0,0.5450094528529565,0.8813511483725833,0.6650992606792933,False
ERKIC50,4,7,0.0,0.5843447701695702,0.8197309829630284,0.6237093623769454,False
ERKIC50,4,7,0.1,0.5882631537733756,0.8166868556860625,0.6209128327681743,False
ERKIC50,4,7,0.2,0.5902041438356413,0.8156243049866563,0.6197674529388938,False
ERKIC50,4,7,0.3,0.590225505633097,0.8165510547087212,0.6200902933930762,True
ERKIC50,4,7,0.4,0.5884363166108274,0.8194603229999593,0.6220114472023476,False
ERKIC50,4,7,0.5,0.5849870707167324,0.8243310676655009,0.6254946315910452,False
ERKIC50,4,7,0.6000000000000001,0.5800578753345589,0.8311287357166524,0.630494798715279,False
ERKIC50,4,7,0.7000000000000001,0.5738462555188971,0.8398064560100563,0.6368306387804845,False
ERKIC50,4,7,0.8,0.5665558423647175,0.8503065819148172,0.6445850623926361,False
ERKIC50,4,7,0.9,0.5583868251501526,0.862562471597613,0.6536936088651709,False
ERKIC50,4,7,1.0,0.549528613466966,0.8765003880491401,0.6641386741182478,False
ERKIC50,4,8,0.0,0.6022545478891039,0.8002498199585416,0.6093729433548918,False
ERKIC50,4,8,0.1,0.6062752580280135,0.7968661533976673,0.6067047534243096,False
ERKIC50,4,8,0.2,0.6083031534230015,0.7954732722495184,0.6056713195900377,False
ERKIC50,4,8,0.3,0.6083756179862388,0.7960820624510244,0.6061714562060941,True
ERKIC50,4,8,0.4,0.6065834715696035,0.7986882449714555,0.6081668796436592,False
ERKIC50,4,8,0.5,0.6030627610474146,0.8032725258678021,0.6113562316704056,False
ERKIC50,4,8,0.6000000000000001,0.5979839923674308,0.8098013079663984,0.6159120992560004,False
ERKIC50,4,8,0.7000000000000001,0.5915402492927991,0.8182279033830637,0.6218609849059,False
ERKIC50,4,8,0.8,0.583935559266312,0.8284941467384781,0.629317619403822,False
ERKIC50,4,8,0.9,0.5753745676846066,0.8405322841055209,0.6381027774092669,False
ERKIC50,4,8,1.0,0.5660541806523265,0.8542670045204901,0.6483309288875572,False
ERKIC50,4,9,0.0,0.6008126094961207,0.8030339708505659,0.6092044142501655,False
ERKIC50,4,9,0.1,0.60394666782458,0.8006539484358903,0.6072045235814294,False
ERKIC50,4,9,0.2,0.6050013109415342,0.8003523422870662,0.6068188582508451,True
ERKIC50,4,9,0.3,0.6040556738741146,0.8021312055508245,0.6079779094293181,False
ERKIC50,4,9,0.4,0.6012423455926599,0.8059764866849802,0.610572168068281,False
ERKIC50,4,9,0.5,0.5967357608807646,0.81185857768722,0.6144786809184654,False
ERKIC50,4,9,0.6000000000000001,0.5907388313227084,0.8197334286389169,0.6198818483341693,False
ERKIC50,4,9,0.7000000000000001,0.5834695054632377,0.8295441333698788,0.6268806213712439,False
ERKIC50,4,9,0.8,0.5751486291166418,0.8412228590526413,0.6354249681530941,False
ERKIC50,4,9,0.9,0.5659899967089973,0.8546929779456575,0.6455337042349305,False
ERKIC50,4,9,1.0,0.5561929861551475,0.8698712620582377,0.6568873916073297,False
ERKIC50,4,10,0.0,0.5933455292831141,0.8096144616008608,0.6132780998428492,False
ERKIC50,4,10,0.1,0.5968414234327557,0.8068758478848205,0.6109434668592069,False
ERKIC50,4,10,0.2,0.5982824114121815,0.8062122324881512,0.6103310397398671,True
ERKIC50,4,10,0.3,0.5977273357798505,0.8076286595381219,0.6116087035766404,False
ERKIC50,4,10,0.4,0.5952904897933715,0.811114123655446,0.6145640710303628,False
ERKIC50,4,10,0.5,0.5911312016150225,0.8166419928484208,0.6191500747491968,False
ERKIC50,4,10,0.6000000000000001,0.5854411316499368,0.8241710081131496,0.6252281383353571,False
ERKIC50,4,10,0.7000000000000001,0.5784309806301728,0.8336467741480795,0.632854883250162,False
ERKIC50,4,10,0.8,0.5703180736015722,0.8450036201564182,0.6418848753599573,False
ERKIC50,4,10,0.9,0.5613158495770981,0.8581666912153707,0.6521486332306647,False
ERKIC50,4,10,1.0,0.5516257928887558,0.8730541296880217,0.6635904775080397,False
ERKIC50,5,1,0.0,0.6014276729437122,0.806170619260062,0.6135770132162289,False
ERKIC50,5,1,0.1,0.605746065723766,0.8026950225643841,0.6105698320605313,False
ERKIC50,5,1,0.2,0.6080288128420367,0.801252404266142,0.6091388431636799,False
ERKIC50,5,1,0.3,0.6083352959484365,0.8018534494380642,0.6093923596920786,True
ERKIC50,5,1,0.4,0.6067770910365111,0.8044932899812214,0.6112499714336826,False
ERKIC50,5,1,0.5,0.6035079211599891,0.8091516993071272,0.6146508969381973,False
ERKIC50,5,1,0.6000000000000001,0.5987117078662691,0.8157938551524644,0.6197002890872859,False
ERKIC50,5,1,0.7000000000000001,0.5925902244500629,0.8243716047732894,0.6264727738751041,False
ERKIC50,5,1,0.8,0.5853516238322624,0.8348251288131767,0.634670216296847,False
ERKIC50,5,1,0.9,0.577200726206271,0.8470848769017512,0.6441576360584632,False
ERKIC50,5,1,1.0,0.5683315243658044,0.8610736411466176,0.6549075864288465,False
ERKIC50,5,2,0.0,0.5896177538751012,0.8123928291632183,0.6132795860217918,False
ERKIC50,5,2,0.1,0.5931018596919246,0.8097882536034335,0.6113230232917808,False
ERKIC50,5,2,0.2,0.5945484787382406,0.8092192727317405,0.6110488715225137,True
ERKIC50,5,2,0.3,0.5940368927010924,0.8106901728665076,0.6122155884989757,False
ERKIC50,5,2,0.4,0.5916979060383767,0.8141898175637845,0.6148792171278852,False
ERKIC50,5,2,0.5,0.5877022535518639,0.8196920667856139,0.6191097173991572,False
ERKIC50,5,2,0.6000000000000001,0.5822474990473284,0.8271567395089552,0.6248797108756173,False
ERKIC50,5,2,0.7000000000000001,0.5755450459229594,0.8365310386391698,0.6321193874670178,False
ERKIC50,5,2,0.8,0.5678085344231297,0.8477513243793628,0.6407177532829795,False
ERKIC50,5,2,0.9,0.5592444227331893,0.8607451052079507,0.6506418995185902,False
ERKIC50,5,2,1.0,0.5500450740792052,0.8754331147806793,0.6618600112800354,False
ERKIC50,5,3,0.0,0.6050593246364642,0.8035902771743972,0.6104513762075753,False
ERKIC50,5,3,0.1,0.6077814170803544,0.8015328712198351,0.6090421507614003,False
ERKIC50,5,3,0.2,0.6086183264521617,0.8013881127312116,0.6091079555535455,True
ERKIC50,5,3,0.3,0.6076380040206535,0.8031568844198119,0.6105594692418269,False
ERKIC50,5,3,0.4,0.6049526962693422,0.8068264198396436,0.6134764341235985,False
ERKIC50,5,3,0.5,0.6007099649320289,0.8123707602285043,0.6177355491962273,False
ERKIC50,5,3,0.6000000000000001,0.5950822801666493,0.8197516558191118,0.6234678489603852,False
ERKIC50,5,3,0.7000000000000001,0.5882564090737671,0.8289198403388921,0.6306266840470818,False
ERKIC50,5,3,0.8,0.58042362283049,0.8398165836037637,0.6391206939237304,False
ERKIC50,5,3,0.9,0.5717714283390919,0.8523754154673908,0.6488680003109437,False
ERKIC50,5,3,1.0,0.5624771857567135,0.8665239149168794,0.6596968696990259,False
ERKIC50,5,4,0.0,0.6027706373031729,0.8064470787557564,0.6144914326093728,False
ERKIC50,5,4,0.1,0.605982181604066,0.8038957544223164,0.6122253463067782,False
ERKIC50,5,4,0.2,0.6071691724459001,0.803442860669007,0.611722104886615,True
ERKIC50,5,4,0.3,0.6063936582546245,0.805091574880415,0.612862796991654,False
ERKIC50,5,4,0.4,0.6037699503804228,0.8088285861308906,0.6156957704631043,False
ERKIC50,5,4,0.5,0.5994547362102869,0.8146246291875316,0.6201004321504836,False
ERKIC50,5,4,0.6000000000000001,0.5936351599924541,0.8224356122633079,0.6260786371032924,False
ERKIC50,5,4,0.7000000000000001,0.5865163862439513,0.8322042393233879,0.6334440304718922,False
ERKIC50,5,4,0.8,0.5783099578001865,0.8438619932158954,0.6421662487840945,False
ERKIC50,5,4,0.9,0.569223883128054,0.8573313302601697,0.6522525341424028,False
ERKIC50,5,4,1.0,0.5594549551924971,0.8725279398462016,0.6636530341333017,False
ERKIC50,5,5,0.0,0.5924931634883942,0.8092531004453904,0.6099260999192926,False
ERKIC50,5,5,0.1,0.5959275053449413,0.806581303106087,0.6078724799079472,False
ERKIC50,5,5,0.2,0.5973292317612205,0.805943204770232,0.6075501430750732,True
ERKIC50,5,5,0.3,0.5967639776940982,0.8073435648277743,0.6089405747073752,False
ERKIC50,5,5,0.4,0.5943503883687018,0.8107717126230993,0.611959496117642,False
ERKIC50,5,5,0.5,0.5902495560375787,0.8162019510400652,0.6165462030200735,False
ERKIC50,5,5,0.6000000000000001,0.5846525090110177,0.8235945044246386,0.6226195176043553,False
ERKIC50,5,5,0.7000000000000001,0.5777673555409156,0.8328969309607182,0.6301596530173668,False
ERKIC50,5,5,0.8,0.5698074285172439,0.8440458867043656,0.6391454815871811,False
ERKIC50,5,5,0.9,0.5609813511211114,0.8569691111047593,0.6494615160264803,False
ERKIC50,5,5,1.0,0.5514854798876879,0.8715875025256417,0.6610161541881525,False
ERKIC50,5,6,0.0,0.6021926347382698,0.8033351304009851,0.610075502394934,False
ERKIC50,5,6,0.1,0.6055873008588888,0.8006135699430011,0.6083051730012821,False
ERKIC50,5,6,0.2,0.606990318021215,0.7999014935368942,0.6080043884114609,True
ERKIC50,5,6,0.3,0.6064640414023237,0.8012041482370835,0.6092424183965918,False
ERKIC50,5,6,0.4,0.6041210056077025,0.8045116152686745,0.6119680478262794,False
ERKIC50,5,6,0.5,0.6001142360188702,0.809799183578215,0.6161531915726165,False
ERKIC50,5,6,0.6000000000000001,0.5946257382601305,0.8170282567622691,0.621728907634452,False
ERKIC50,5,6,0.7000000000000001,0.587854594345645,0.8261477174422402,0.6287349988177451,False
ERKIC50,5,6,0.8,0.5800058813885562,0.8370956406708194,0.6371066139918892,False
ERKIC50,5,6,0.9,0.5712812651307257,0.8498012303288242,0.6468605907610835,False
ERKIC50,5,6,1.0,0.5618717163783074,0.8641868503737212,0.6579430523450219,False
ERKIC50,5,7,0.0,0.5956761085059445,0.8075577683932569,0.6128955529989215,False
ERKIC50,5,7,0.1,0.5988849276104158,0.8050226726791188,0.6112127662473081,False
ERKIC50,5,7,0.2,0.6000755458044748,0.8045215698426091,0.6112748274910278,True
ERKIC50,5,7,0.3,0.5993106823346988,0.8060582513996971,0.6129713566911782,False
ERKIC50,5,7,0.4,0.5967057281213509,0.8096210583608062,0.6161984437649668,False
ERKIC50,5,7,0.5,0.5924185949682526,0.8151833204189739,0.6208339264998721,False
ERKIC50,5,7,0.6000000000000001,0.5866375312860932,0.8227043386450219,0.6268929117583125,False
ERKIC50,5,7,0.7000000000000001,0.5795684750607497,0.8321308289068359,0.6344141874757189,False
ERKIC50,5,7,0.8,0.5714232870182615,0.8433987108417693,0.6430385842969476,False
ERKIC50,5,7,0.9,0.5624098028100594,0.8564351106786635,0.6529448697916355,False
ERKIC50,5,7,1.0,0.5527241908031153,0.8711604458743789,0.6640785292536703,False
ERKIC50,5,8,0.0,0.5951207255111485,0.8070309095580512,0.6111568804615161,False
ERKIC50,5,8,0.1,0.5984792501695056,0.8044270858649257,0.6090328597526309,False
ERKIC50,5,8,0.2,0.5997544915443699,0.8038895432600993,0.6086759108410049,True
ERKIC50,5,8,0.3,0.5990200467059109,0.8054221813127345,0.6098640386922674,False
ERKIC50,5,8,0.4,0.5964042217779134,0.8090129491942193,0.6126792539666178,False
ERKIC50,5,8,0.5,0.5920784623370619,0.8146343138708214,0.6169539161011268,False
ERKIC50,5,8,0.6000000000000001,0.5862439121014281,0.8222442960212814,0.6229015380163201,False
ERKIC50,5,8,0.7000000000000001,0.5791178258065542,0.8317879848910568,0.6302993269771553,False
ERKIC50,5,8,0.8,0.5709212401333555,0.8431994095503018,0.6389509789612976,False
ERKIC50,5,8,0.9,0.5618688204300508,0.8564036273100288,0.6487663335713979,False
ERKIC50,5,8,1.0,0.5521612960256986,0.8713188905657099,0.6598204597983659,False
ERKIC50,5,9,0.0,0.5931482179520684,0.8093186032634353,0.6134798867203946,False
ERKIC50,5,9,0.1,0.5965326799592295,0.8067174108597976,0.6113413290592757,False
ERKIC50,5,9,0.2,0.5978758550151404,0.8061622547870924,0.610812908409429,True
ERKIC50,5,9,0.3,0.5972438391826853,0.8076571950681452,0.611996501295632,False
ERKIC50,5,9,0.4,0.5947565558025677,0.811190728666394,0.6149976663341031,False
ERKIC50,5,9,0.5,0.5905769653166304,0.8167362270758133,0.6194635361199288,False
ERKIC50,5,9,0.6000000000000001,0.5848982647663028,0.8242529205720983,0.6253448546657242,False
ERKIC50,5,9,0.7000000000000001,0.5779307476020852,0.8336873462542957,0.6326403417543276,False
ERKIC50,5,9,0.8,0.5698897207990121,0.8449751445612177,0.6410948648330739,False
ERKIC50,5,9,0.9,0.5609854244266895,0.8580430722935789,0.6507809684716126,False
ERKIC50,5,9,1.0,0.5514154108440481,0.8728110996712946,0.6615432425038473,False
ERKIC50,5,10,0.0,0.592783928489973,0.8116341768377687,0.6151922553367765,False
ERKIC50,5,10,0.1,0.5954820027749002,0.8096317082704287,0.6138525493132336,False
ERKIC50,5,10,0.2,0.5961071118713174,0.8097579911696913,0.6142692196566534,True
ERKIC50,5,10,0.3,0.5947378170778618,0.8120116755875424,0.6161686480691188,False
ERKIC50,5,10,0.4,0.5915069314304702,0.8163747829145576,0.6195509103483012,False
ERKIC50,5,10,0.5,0.5865898626917939,0.8228134124874144,0.6244957650047664,False
ERKIC50,5,10,0.6000000000000001,0.5801910936987433,0.8312790254702502,0.6310456625693214,False
ERKIC50,5,10,0.7000000000000001,0.5725305306696878,0.8417101960201355,0.6389795212516416,False
ERKIC50,5,10,0.8,0.5638311333503953,0.8540346896303926,0.6483510831035547,False
ERKIC50,5,10,0.9,0.5543087540594601,0.8681717174502964,0.659146135863823,False
ERKIC50,5,10,1.0,0.5441646024363249,0.8840342221838975,0.6712074222262194,False
ERKIC50,6,1,0.0,0.5948186349873215,0.8080224019578649,0.6122717426019885,False
ERKIC50,6,1,0.1,0.5980997967535046,0.8056198973132066,0.610227768218315,False
ERKIC50,6,1,0.2,0.5992067586064437,0.8054136818696405,0.6099454727122261,True
ERKIC50,6,1,0.3,0.5982345708042363,0.8074053898458823,0.6115716005662908,False
ERKIC50,6,1,0.4,0.5953351967744893,0.8115787749020704,0.6151111857148593,False
ERKIC50,6,1,0.5,0.5907036819171625,0.817900363968092,0.6203000930802036,False
ERKIC50,6,1,0.6000000000000001,0.5845627814467719,0.8263207694621297,0.6270299318733006,False
ERKIC50,6,1,0.7000000000000001,0.5771479951820968,0.8367765431616887,0.6351259834095253,False
ERKIC50,6,1,0.8,0.5686944889927912,0.8491924166145376,0.6446507437567958,False
ERKIC50,6,1,0.9,0.5594267704336235,0.8634837567747221,0.6554659706447006,False
ERKIC50,6,1,1.0,0.5495514010194641,0.8795590709054867,0.667588351514599,False
ERKIC50,6,2,0.0,0.6026940436840955,0.8002523948300979,0.6110694916934525,False
ERKIC50,6,2,0.1,0.6059118843647672,0.7978011549210787,0.608575525978549,False
ERKIC50,6,2,0.2,0.6070262417271219,0.7974401197153768,0.6077006646960715,True
ERKIC50,6,2,0.3,0.6061220970186219,0.7991719738250772,0.6084949656994949,False
ERKIC50,6,2,0.4,0.6033382244123894,0.8029829946223991,0.6109431419007498,False
ERKIC50,6,2,0.5,0.5988549306880473,0.8088435904620361,0.6149863903137527,False
ERKIC50,6,2,0.6000000000000001,0.5928801864286292,0.8167094273369697,0.6205929806910426,False
ERKIC50,6,2,0.7000000000000001,0.585635888303463,0.8265230463260351,0.6278854220172988,False
ERKIC50,6,2,0.8,0.5773456214924633,0.8382158398427462,0.6367273139749642,False
ERKIC50,6,2,0.9,0.568224774377804,0.8517102388062682,0.6470305471909594,False
ERKIC50,6,2,1.0,0.5584733423635297,0.866921965268914,0.6585824394849001,False
ERKIC50,6,3,0.0,0.5909922776162637,0.8109408800995286,0.6152623086942356,False
ERKIC50,6,3,0.1,0.5939229092558833,0.8088570778621863,0.6138220434778684,False
ERKIC50,6,3,0.2,0.5948131425526124,0.8087853664367612,0.6140713300860294,True
ERKIC50,6,3,0.3,0.593754159368757,0.8107261104276713,0.6157668764312122,False
ERKIC50,6,3,0.4,0.5908874214684768,0.8146647110692633,0.6189081774525407,False
ERKIC50,6,3,0.5,0.5863925025598681,0.8205721505040874,0.6234117778538018,False
ERKIC50,6,3,0.6000000000000001,0.580473661034348,0.8284060405746049,0.6291870603784326,False
ERKIC50,6,3,0.7000000000000001,0.5733467715267192,0.8381120898073787,0.6365097906495255,False
ERKIC50,6,3,0.8,0.5652278495852164,0.8496258750574814,0.6451345987424502,False
ERKIC50,6,3,0.9,0.5563239051258921,0.8628747921154207,0.6549778398884631,False
ERKIC50,6,3,1.0,0.5468263810696036,0.8777800621342156,0.6658748965990025,False
ERKIC50,6,4,0.0,0.6016804588427024,0.8048670634323727,0.6108538372904408,False
ERKIC50,6,4,0.1,0.6045958836481233,0.8027443429136168,0.6089299629830462,False
ERKIC50,6,4,0.2,0.6053765850193725,0.8027768055694768,0.6087085925640668,True
ERKIC50,6,4,0.3,0.6041185364145217,0.8049642052756347,0.6103095611204792,False
ERKIC50,6,4,0.4,0.6009719738058827,0.8092890549342024,0.6137583279380638,False
ERKIC50,6,4,0.5,0.5961281872294535,0.8157173173458794,0.6188189233946153,False
ERKIC50,6,4,0.6000000000000001,0.5898048834673425,0.8241997152633245,0.6252893555658968,False
ERKIC50,6,4,0.7000000000000001,0.5822319354428189,0.8346735460888512,0.6330828733455756,False
ERKIC50,6,4,0.8,0.5736389029166936,0.8470648522578708,0.6421201295570527,False
ERKIC50,6,4,0.9,0.5642451436492955,0.8612907848129762,0.6523910173137862,False
ERKIC50,6,4,1.0,0.5542527907792685,0.8772620041070798,0.6638774908849631,False
ERKIC50,6,5,0.0,0.6064493832373724,0.8029845236658387,0.6107149796083716,False
ERKIC50,6,5,0.1,0.6097928889098998,0.800378313618044,0.6087925413345308,False
ERKIC50,6,5,0.2,0.611095292220827,0.7998807146406272,0.6085213934891394,True
ERKIC50,6,5,0.3,0.6104315655410384,0.8014955328748234,0.6098985206949805,False
ERKIC50,6,5,0.4,0.6079278389427076,0.8052098977720054,0.6129850754294073,False
ERKIC50,6,5,0.5,0.6037505639479165,0.8109947695364355,0.6174858606348546,False
ERKIC50,6,5,0.6000000000000001,0.5980939925532318,0.8188060528637191,0.6234648432245944,False
ERKIC50,6,5,0.7000000000000001,0.5911675223643333,0.8285862197090885,0.6308900920751367,False
ERKIC50,6,5,0.8,0.5831841818775413,0.8402663073438704,0.6397779326588048,False
ERKIC50,6,5,0.9,0.5743511019200082,0.8537681404038144,0.6499951465240617,False
ERKIC50,6,5,1.0,0.5648623666202489,0.869006627089248,0.661343635157938,False
ERKIC50,6,6,0.0,0.5991836627761296,0.806735571736471,0.6113329238350355,False
ERKIC50,6,6,0.1,0.6028528268256966,0.8037434842662998,0.6088139435495492,False
ERKIC50,6,6,0.2,0.6045505490102161,0.8027473160483389,0.6078463252024571,True
ERKIC50,6,6,0.3,0.6043271656250907,0.8037545002229646,0.6086531818847998,False
ERKIC50,6,6,0.4,0.6022838304172398,0.8067574330123165,0.6110450485620713,False
ERKIC50,6,6,0.5,0.5985636676772045,0.8117337593597812,0.615181338547285,False
ERKIC50,6,6,0.6000000000000001,0.59334081805031,0.81864719636093,0.6207971345178073,False
ERKIC50,6,6,0.7000000000000001,0.5868087772414369,0.8274488248387082,0.6276614612359029,False
ERKIC50,6,6,0.8,0.5791692769175226,0.838078744922752,0.6357639697398468,False
ERKIC50,6,6,0.9,0.570622632629558,0.8504679715866557,0.6450979323908115,False
ERKIC50,6,6,1.0,0.5613600926355607,0.8645404419032952,0.6556420922695699,False
ERKIC50,6,7,0.0,0.5899796128985352,0.8144556809243901,0.6145339030594753,False
ERKIC50,6,7,0.1,0.5931590061496876,0.8120434460396103,0.6126333711092787,False
ERKIC50,6,7,0.2,0.594301488225048,0.8116655799788773,0.6124758045231979,True
ERKIC50,6,7,0.3,0.593477495126628,0.8133243833627137,0.6139839173428816,False
ERKIC50,6,7,0.4,0.5908104503715188,0.8170069319102244,0.617141381089895,False
ERKIC50,6,7,0.5,0.5864658469509763,0.8226855727091659,0.6218014550050566,False
ERKIC50,6,7,0.6000000000000001,0.5806384585440878,0.8303189390837439,0.6279416939793051,False
ERKIC50,6,7,0.7000000000000001,0.5735393100336763,0.8398533995629508,0.6354807445263769,False
ERKIC50,6,7,0.8,0.565383756824462,0.8512248278192684,0.6445017261738814,False
ERKIC50,6,7,0.9,0.5563815777381349,0.8643605668900307,0.6548266192734251,False
ERKIC50,6,7,1.0,0.5467295120477926,0.8791814623711334,0.6664317888603047,False
ERKIC50,6,8,0.0,0.5982784551921891,0.8085355459666111,0.6111817510828733,False
ERKIC50,6,8,0.1,0.6017604319940377,0.8057602117288498,0.609115989344467,False
ERKIC50,6,8,0.2,0.6031871072255687,0.8050591675821837,0.6088040080852042,True
ERKIC50,6,8,0.3,0.6026254458373985,0.8064377433020681,0.6100805209716109,False
ERKIC50,6,8,0.4,0.6001961039574448,0.8098852028834165,0.6129572949626043,False
ERKIC50,6,8,0.5,0.5960626800246936,0.8153751583395301,0.6174352672122824,False
ERKIC50,6,8,0.6000000000000001,0.5904189869068716,0.8228665622291291,0.6233649485075402,False
ERKIC50,6,8,0.7000000000000001,0.5834759832042927,0.8323051937260196,0.6308478888936444,False
ERKIC50,6,8,0.8,0.5754497378030773,0.843625517322655,0.6397736547983502,False
ERKIC50,6,8,0.9,0.5665513637188401,0.8567527744938921,0.6499865966349778,False
ERKIC50,6,8,1.0,0.5569793813637154,0.8716051674306844,0.6614488323310207,False
ERKIC50,6,9,0.0,0.5900278156767859,0.8079205849088302,0.6130628183217355,False
ERKIC50,6,9,0.1,0.5932908094444892,0.805455324535839,0.6110434619645614,False
ERKIC50,6,9,0.2,0.5944857826308693,0.8050327816115809,0.6106250603323057,True
ERKIC50,6,9,0.3,0.5936887598662824,0.8066559367507542,0.6118560388199377,False
ERKIC50,6,9,0.4,0.59102984983754,0.8103122338914718,0.6148183946880244,False
ERKIC50,6,9,0.5,0.586681551888984,0.8159740607535919,0.6193338543855075,False
ERKIC50,6,9,0.6000000000000001,0.580845267370943,0.8235997717637213,0.6252935826142029,False
ERKIC50,6,9,0.7000000000000001,0.5737377433192378,0.8331351671438607,0.6327594492483983,False
ERKIC50,6,9,0.8,0.5655788407794109,0.8445153105132255,0.6416756097760812,False
ERKIC50,6,9,0.9,0.5565815246382981,0.8576665520678908,0.6518626742488588,False
ERKIC50,6,9,1.0,0.5469444632883896,0.8725086252518578,0.6631635065420042,False
ERKIC50,6,10,0.0,0.6082312973305114,0.7985304255499408,0.606481898611934,False
ERKIC50,6,10,0.1,0.6116633644141907,0.7957791718109958,0.6044824567649532,False
ERKIC50,6,10,0.2,0.6130596924307266,0.795056807761375,0.6042005943818242,True
ERKIC50,6,10,0.3,0.6124874786911215,0.7963690251544462,0.6055956717463793,False
ERKIC50,6,10,0.4,0.6100656010742906,0.7997060093975146,0.6084395731074175,False
ERKIC50,6,10,0.5,0.6059542886247493,0.8050428022713693,0.6128416660695334,False
ERKIC50,6,10,0.6000000000000001,0.6003429547242926,0.8123402176552187,0.6187368467722847,False
ERKIC50,6,10,0.7000000000000001,0.5934377189294789,0.8215462336619075,0.6261340866759293,False
ERKIC50,6,10,0.8,0.5854498976124118,0.8325977499869284,0.6349162072528645,False
ERKIC50,6,10,0.9,0.5765863399611375,0.8454225800110248,0.6450152973536998,False
ERKIC50,6,10,1.0,0.5670420471998625,0.8599415442099542,0.6561975768878877,False
ERKIC50,7,1,0.0,0.6020357975657427,0.803141298909108,0.6124122730612799,False
ERKIC50,7,1,0.1,0.6051662016853648,0.8007188868451969,0.6101211413789596,False
ERKIC50,7,1,0.2,0.6062402637414313,0.8003705162582551,0.6093483966414768,True
ERKIC50,7,1,0.3,0.605338345177989,0.8020982532346184,0.6102031172334608,False
ERKIC50,7,1,0.4,0.6025926731290194,0.8058880640188356,0.6127422050557233,False
ERKIC50,7,1,0.5,0.5981757948275718,0.8117103760743172,0.6170782200874644,False
ERKIC50,7,1,0.6000000000000001,0.5922874702791622,0.8195212064213335,0.6230084592910778,False
ERKIC50,7,1,0.7000000000000001,0.5851416238646128,0.8292637595570588,0.6305068288881392,False
ERKIC50,7,1,0.8,0.5769546417288893,0.8408703655830113,0.6394785034990658,False
ERKIC50,7,1,0.9,0.5679358311307976,0.8542646153549894,0.6496922196922877,False
ERKIC50,7,1,1.0,0.558280383649352,0.8693635530256578,0.6610373652370581,False
ERKIC50,7,2,0.0,0.6052987396826687,0.798892293036521,0.6033967641250287,False
ERKIC50,7,2,0.1,0.6087756441427181,0.7962541160116258,0.601717537708332,False
ERKIC50,7,2,0.2,0.6101565024652539,0.7957246790063341,0.6018332770217772,True
ERKIC50,7,2,0.3,0.6095266913489581,0.7973083105611123,0.603599499480737,False
ERKIC50,7,2,0.4,0.6070240382594296,0.800992549485515,0.6070761019839367,False
ERKIC50,7,2,0.5,0.6028267499985682,0.806748630871246,0.6121781804579405,False
ERKIC50,7,2,0.6000000000000001,0.5971398819309927,0.8145325903772447,0.6188402224736469,False
ERKIC50,7,2,0.7000000000000001,0.5901819991271876,0.8242868899588931,0.6269778318595309,False
ERKIC50,7,2,0.8,0.5821733180951116,0.8359424299116844,0.6363866414862799,False
ERKIC50,7,2,0.9,0.5733261261714506,0.8494207931682288,0.6470201784495432,False
ERKIC50,7,2,1.0,0.5638377905140463,0.864636568547253,0.6587134013829422,False
ERKIC50,7,3,0.0,0.5988250378858985,0.8051884700188054,0.6097136632128982,False
ERKIC50,7,3,0.1,0.6024450791764254,0.8023834102311268,0.6073141422895827,False
ERKIC50,7,3,0.2,0.6040785017320169,0.8015679077496479,0.6066170599372975,True
ERKIC50,7,3,0.3,0.6037931672622008,0.8027480802561049,0.6075709232054214,False
ERKIC50,7,3,0.4,0.6017058555008215,0.8059152006140693,0.6101636202027797,False
ERKIC50,7,3,0.5,0.5979722818476025,0.8110460166659532,0.6142955186483829,False
ERKIC50,7,3,0.6000000000000001,0.5927755206043924,0.818103591226676,0.6200283123554317,False
ERKIC50,7,3,0.7000000000000001,0.5863142288686436,0.8270385929068389,0.6270725586496526,False
ERKIC50,7,3,0.8,0.5787918275122315,0.8377909360616227,0.6354053191498015,False
ERKIC50,7,3,0.9,0.570407425209231,0.8502916496942877,0.644940458899054,False
ERKIC50,7,3,1.0,0.5613488753341365,0.8644648515125406,0.6555358567877916,False
ERKIC50,7,4,0.0,0.5897276393997929,0.8096219242661785,0.6127467795366057,False
ERKIC50,7,4,0.1,0.5937024739642339,0.8066485487095404,0.6103117931592441,False
ERKIC50,7,4,0.2,0.595525847377196,0.8058121033454926,0.6097619579463388,True
ERKIC50,7,4,0.3,0.5952876254290744,0.8071185236175247,0.6111054530604828,False
ERKIC50,7,4,0.4,0.5931337902887183,0.8105565802965667,0.6141524563832546,False
ERKIC50,7,4,0.5,0.5892526991041966,0.8160983600852857,0.6187356225681568,False
ERKIC50,7,4,0.6000000000000001,0.583859971592521,0.8237003849573874,0.6247906098342698,False
ERKIC50,7,4,0.7000000000000001,0.5771839048655504,0.83330526757375,0.6323095376092844,False
ERKIC50,7,4,0.8,0.5694528136937446,0.8448437613888876,0.6412770268530265,False
ERKIC50,7,4,0.9,0.5608850825604788,0.8582370460105274,0.6514913161407022,False
ERKIC50,7,4,1.0,0.5516821546594773,0.8733990907288505,0.6630177043104342,False
ERKIC50,7,5,0.0,0.6071456245381521,0.7993145945543645,0.6078583045205379,False
ERKIC50,7,5,0.1,0.6112728877536782,0.7959519564528088,0.6049865452320538,False
ERKIC50,7,5,0.2,0.6132086776703028,0.7947691259771552,0.6039252805375066,True
ERKIC50,7,5,0.3,0.6130179205773233,0.7957751900440685,0.6045911651358499,False
ERKIC50,7,5,0.4,0.6108265694791342,0.798961159918316,0.6068337238767972,False
ERKIC50,7,5,0.5,0.6068095138328933,0.804300367091086,0.6107940164195208,False
ERKIC50,7,5,0.6000000000000001,0.6011760458719548,0.8117495606672058,0.6165106929424784,False
ERKIC50,7,5,0.7000000000000001,0.5941548771648597,0.8212506033816431,0.6237451553188249,False
ERKIC50,7,5,0.8,0.5859803739541463,0.832732617199731,0.6323937695714125,False
ERKIC50,7,5,0.9,0.5768811314421157,0.8461144057514854,0.6424273080369854,False
ERKIC50,7,5,1.0,0.5670714153537695,0.8613069802022124,0.653746160380078,False
ERKIC50,7,6,0.0,0.6075198308800637,0.801576639197646,0.610403268130786,False
ERKIC50,7,6,0.1,0.6107061192260953,0.799014734552127,0.6083181612747398,False
ERKIC50,7,6,0.2,0.6118949824055429,0.7984791201387632,0.6079621242097829,True
ERKIC50,7,6,0.3,0.611146455466363,0.7999739272939781,0.6092611629027106,False
ERKIC50,7,6,0.4,0.6085713726908668,0.8034878656032255,0.6119225683975646,False
ERKIC50,7,6,0.5,0.6043219131041104,0.8089946450038529,0.6160787965946057,False
ERKIC50,7,6,0.6000000000000001,0.5985801665305033,0.8164539418293242,0.6216816738040498,False
ERKIC50,7,6,0.7000000000000001,0.5915461620445793,0.8258128278017883,0.6288111963471361,False
ERKIC50,7,6,0.8,0.5834266152054631,0.8370075481660697,0.6375476000255763,False
ERKIC50,7,6,0.9,0.5744252972512991,0.849965517976625,0.6475293880723816,False
ERKIC50,7,6,1.0,0.5647355209620477,0.8646074045161909,0.6587743387470487,False
ERKIC50,7,7,0.0,0.5943197031400802,0.8040279955740935,0.615978554835966,False
ERKIC50,7,7,0.1,0.5975988404297492,0.8014579748807227,0.6137152293002897,False
ERKIC50,7,7,0.2,0.5989829690300379,0.8007920980258015,0.6128592091726472,True
ERKIC50,7,7,0.3,0.598528620953169,0.8020354176953909,0.613346408901833,False
ERKIC50,7,7,0.4,0.5963389769515507,0.8051793118763388,0.615358900854211,False
ERKIC50,7,7,0.5,0.5925550964140702,0.8102017816327015,0.6189524693150984,False
ERKIC50,7,7,0.6000000000000001,0.5873454610245858,0.8170682128659964,0.6240218400456176,False
ERKIC50,7,7,0.7000000000000001,0.5808951165024026,0.8257325414304046,0.6306054021697467,False
ERKIC50,7,7,0.8,0.5733955095290129,0.8361387326480472,0.6384420776754894,False
ERKIC50,7,7,0.9,0.5650357951901519,0.8482224697685592,0.6475158802437042,False
ERKIC50,7,7,1.0,0.5559960316906907,0.8619129421718302,0.6577034644957412,False
ERKIC50,7,8,0.0,0.6061684793126194,0.8007449062073737,0.608297843313114,False
ERKIC50,7,8,0.1,0.609641618262706,0.7979823482656743,0.6061322049120308,False
ERKIC50,7,8,0.2,0.6111157197123541,0.7972138094745777,0.6056235990876544,True
ERKIC50,7,8,0.3,0.6106550454405897,0.7984452659071068,0.6067807463423135,False
ERKIC50,7,8,0.4,0.6083738589230545,0.8016675465065033,0.6093962072341055,False
ERKIC50,7,8,0.5,0.6044265659610827,0.8068566744914054,0.6135130743989066,False
ERKIC50,7,8,0.6000000000000001,0.5989961096753087,0.81397475333152,0.6191251955354752,False
ERKIC50,7,8,0.7000000000000001,0.5922820512592525,0.8229713218106378,0.626081069216652,False
ERKIC50,7,8,0.8,0.5844895387046837,0.8337850680881136,0.634542324683496,False
ERKIC50,7,8,0.9,0.5758199926338591,0.8463457736488491,0.6441647832506545,False
ERKIC50,7,8,1.0,0.5664639324586017,0.8605763554633612,0.6549062586971658,False
ERKIC50,7,9,0.0,0.5896063195402566,0.8168498883527192,0.6182986971735855,False
ERKIC50,7,9,0.1,0.5934039463535233,0.8138396503082553,0.616110753257602,False
ERKIC50,7,9,0.2,0.5952508416396871,0.8127868390435486,0.6154018361146277,True
ERKIC50,7,9,0.3,0.5951976491021906,0.8136981557081782,0.6162395351093719,False
ERKIC50,7,9,0.4,0.5933455801819111,0.8165660008455236,0.6186848401379095,False
ERKIC50,7,9,0.5,0.5898374060135586,0.8213687827052494,0.6225449828264342,False
ERKIC50,7,9,0.6000000000000001,0.5848463797743321,0.8280717178068789,0.627868895385359,False
ERKIC50,7,9,0.7000000000000001,0.5785645205798244,0.8366280559055017,0.6346119183303932,False
ERKIC50,7,9,0.8,0.5711915195685838,0.8469806321460333,0.6427445773456179,False
ERKIC50,7,9,0.9,0.5629251843346644,0.859063633145363,0.6521908461075436,False
ERKIC50,7,9,1.0,0.5539539329048054,0.8728044615114389,0.6629470019315038,False
ERKIC50,7,10,0.0,0.5994810955780047,0.8082390708364388,0.6134904383827082,False
ERKIC50,7,10,0.1,0.6024626371702653,0.8059541946227962,0.6112940112376816,False
ERKIC50,7,10,0.2,0.603297416917737,0.8058518410086399,0.6109081172863737,True
ERKIC50,7,10,0.3,0.602068069811994,0.8079326018634431,0.6124271640715595,False
ERKIC50,7,10,0.4,0.5989144051377029,0.8121793281572407,0.615766618528772,False
ERKIC50,7,10,0.5,0.5940208557259453,0.8185578305348532,0.6207978148608181,False
ERKIC50,7,10,0.6000000000000001,0.5876019791943359,0.827018230049096,0.627470770654661,False
ERKIC50,7,10,0.7000000000000001,0.5798878956996661,0.8374968376237024,0.6356815973095722,False
ERKIC50,7,10,0.8,0.5711111849672287,0.8499184042311573,0.6452331909314063,False
ERKIC50,7,10,0.9,0.5614962213141418,0.8641985698589645,0.655991575398999,False
ERKIC50,7,10,1.0,0.5512513637132954,0.8802463469258578,0.6679206897052996,False
ERKIC50,8,1,0.0,0.5996395414002874,0.8042814190819196,0.6142080371385464,False
ERKIC50,8,1,0.1,0.6025515673494796,0.8021150928374142,0.6123319239683404,False
ERKIC50,8,1,0.2,0.603393986382307,0.8020287420395359,0.612229730388321,True
ERKIC50,8,1,0.3,0.6022513268994998,0.8040230437648654,0.613914449534996,False
ERKIC50,8,1,0.4,0.5992604652592337,0.8080825768429973,0.6172714495927595,False
ERKIC50,8,1,0.5,0.5945987648668936,0.8141764105535365,0.6221521766206253,False
ERKIC50,8,1,0.6000000000000001,0.5884706475160704,0.8222592578673872,0.6285270037803175,False
ERKIC50,8,1,0.7000000000000001,0.5810942613785601,0.8322730954710315,0.6363165367981843,False
ERKIC50,8,1,0.8,0.5726895650937486,0.8441491210674507,0.6453044351884872,False
ERKIC50,8,1,0.9,0.5634686599584408,0.8578099044483686,0.6556584431122832,False
ERKIC50,8,1,1.0,0.5536287112204556,0.8731715922348651,0.667145422008226,False
ERKIC50,8,2,0.0,0.5998337744991308,0.8077935392892079,0.6142217946002673,False
ERKIC50,8,2,0.1,0.6031709028627493,0.8051635415757425,0.6120943022303191,False
ERKIC50,8,2,0.2,0.6045085585191047,0.8045690498599702,0.6117221488188255,True
ERKIC50,8,2,0.3,0.6039079034099814,0.8060143379393236,0.6131193906621337,False
ERKIC50,8,2,0.4,0.601481535151591,0.8094882449956449,0.6161632471067334,False
ERKIC50,8,2,0.5,0.5973837066469675,0.8149646017289696,0.6207257250593382,False
ERKIC50,8,2,0.6000000000000001,0.5917985526210808,0.8224031970443926,0.6265672400103278,False
ERKIC50,8,2,0.7000000000000001,0.5849278279514885,0.8317512040031307,0.6337447229323251,False
ERKIC50,8,2,0.8,0.5769794556210052,0.8429449517520423,0.6421756445944713,False
ERKIC50,8,2,0.9,0.568157801777913,0.855911913605369,0.6519479770839761,False
ERKIC50,8,2,1.0,0.5586561633219842,0.8705727807403312,0.6628425013058813,False
ERKIC50,8,3,0.0,0.5959274549931026,0.8108517967027902,0.6139789556777495,False
ERKIC50,8,3,0.1,0.5996736016376705,0.8078869914764812,0.6120284423580366,False
ERKIC50,8,3,0.2,0.6014086651893019,0.8069635403160561,0.6117123334004538,True
ERKIC50,8,3,0.3,0.6011964803330692,0.8080885731322773,0.6129849334330041,False
ERKIC50,8,3,0.4,0.599152215298953,0.8112536844376181,0.6156960614586579,False
ERKIC50,8,3,0.5,0.5954320861404182,0.8164352438702807,0.6198970818297298,False
ERKIC50,8,3,0.6000000000000001,0.5902213023494779,0.8235952640311751,0.6255472728003495,False
ERKIC50,8,3,0.7000000000000001,0.5837217524477115,0.8326827527893712,0.6325209685846347,False
ERKIC50,8,3,0.8,0.576140677744537,0.8436354414474728,0.6406863072871809,False
ERKIC50,8,3,0.9,0.5676811774764001,0.8563817595097065,0.6501974177079418,False
ERKIC50,8,3,1.0,0.558534958384797,0.8708429224721266,0.6609152269406058,False
ERKIC50,8,4,0.0,0.6006233791588346,0.8109596121870549,0.6150664151980322,False
ERKIC50,8,4,0.1,0.603830494113285,0.8083082771937565,0.6130194625404388,False
ERKIC50,8,4,0.2,0.604989100440266,0.8077565691430291,0.6125530858783933,True
ERKIC50,8,4,0.3,0.6041527350622482,0.8093085655702763,0.6138707645624925,False
ERKIC50,8,4,0.4,0.6014303122823212,0.8129520003557651,0.6169630594405804,False
ERKIC50,8,4,0.5,0.5969764104974673,0.8186587425762137,0.6215652621510388,False
ERKIC50,8,4,0.6000000000000001,0.5909790986488119,0.8263858604748032,0.6278168368104285,False
ERKIC50,8,4,0.7000000000000001,0.5836469354448504,0.8360771790219461,0.635412130305391,False
ERKIC50,8,4,0.8,0.5751966035241822,0.8476652046342086,0.6443274624518828,False
ERKIC50,8,4,0.9,0.5658422532259236,0.8610732733180513,0.6544735724900301,False
ERKIC50,8,4,1.0,0.5557871615140347,0.8762177790184195,0.6657674959959807,False
ERKIC50,8,5,0.0,0.5975490779819702,0.8022497670621485,0.6111428168676742,False
ERKIC50,8,5,0.1,0.6009143174675885,0.7997042209390008,0.609131083190986,False
ERKIC50,8,5,0.2,0.6023535135338289,0.7991188246958167,0.608548193385982,True
ERKIC50,8,5,0.3,0.6019313969170959,0.8004975739436194,0.6095270976011664,False
ERKIC50,8,5,0.4,0.599759488742506,0.8038299575249065,0.6119973544977679,False
ERKIC50,8,5,0.5,0.5959867741018142,0.8090913542701748,0.6161282091824039,False
ERKIC50,8,5,0.6000000000000001,0.5907887946668396,0.8162439286388039,0.6216983134025831,False
ERKIC50,8,5,0.7000000000000001,0.5843564754748629,0.8252379508236857,0.6286856594198951,False
ERKIC50,8,5,0.8,0.5768857922938084,0.8360134377369036,0.6371140410407705,False
ERKIC50,8,5,0.9,0.5685690451228426,0.8485019961351851,0.6468703086682422,False
ERKIC50,8,5,1.0,0.559588130692877,0.8626287483282045,0.6579089791865402,False
ERKIC50,8,6,0.0,0.5975989124763771,0.8065877061324425,0.6158580635563335,False
ERKIC50,8,6,0.1,0.6007112637725291,0.8042361570422507,0.614009575190299,False
ERKIC50,8,6,0.2,0.601831891998913,0.8039446071726646,0.6136437725596284,True
ERKIC50,8,6,0.3,0.6010313150298752,0.8057152487203068,0.6146048060964637,False
ERKIC50,8,6,0.4,0.5984295943447988,0.8095343853286264,0.6171198198858571,False
ERKIC50,8,6,0.5,0.5941861987708428,0.8153729588148553,0.6213133564635717,False
ERKIC50,8,6,0.6000000000000001,0.5884881977394667,0.8231876382612455,0.6271027275024648,False
ERKIC50,8,6,0.7000000000000001,0.5815382191681554,0.8329223781900673,0.634409665494079,False
ERKIC50,8,6,0.8,0.5735433726074837,0.8445103199891884,0.6431390168301176,False
ERKIC50,8,6,0.9,0.5647059608553663,0.8578758956797821,0.6531205244451792,False
ERKIC50,8,6,1.0,0.5552163928221961,0.8729369953755466,0.6644269254711316,False
ERKIC50,8,7,0.0,0.6060628464708707,0.801207221458274,0.6052751380864322,False
ERKIC50,8,7,0.1,0.6092155188486144,0.7986759941932989,0.6032419180570427,False
ERKIC50,8,7,0.2,0.6104242606459506,0.7981353894512837,0.6031054886616355,True
ERKIC50,8,7,0.3,0.6097453812036896,0.7995891762176571,0.6044152414944599,False
ERKIC50,8,7,0.4,0.6072840316568466,0.8030260354028973,0.6072997897819649,False
ERKIC50,8,7,0.5,0.6031853144495152,0.8084200026791066,0.6115379287585998,False
ERKIC50,8,7,0.6000000000000001,0.5976234652912283,0.8157314438568729,0.6172298886384044,False
ERKIC50,8,7,0.7000000000000001,0.5907904705470102,0.8249084783546771,0.6242739961367653,False
ERKIC50,8,7,0.8,0.5828853165508101,0.8358887351256469,0.6325737056253508,False
ERKIC50,8,7,0.9,0.5741047389559979,0.8486013104559096,0.6421060384803596,False
ERKIC50,8,7,1.0,0.5646359560723366,0.8629687982595249,0.6528683611994588,False
ERKIC50,8,8,0.0,0.6093067321154435,0.7981478928212982,0.605307430043247,False
ERKIC50,8,8,0.1,0.6124705349664145,0.7956745444571992,0.6034090942776696,False
ERKIC50,8,8,0.2,0.6134809441205661,0.795385912898692,0.603229218116842,True
ERKIC50,8,8,0.3,0.6124233225807013,0.7972843485471763,0.6047554387021774,False
ERKIC50,8,8,0.4,0.609439091200275,0.801354247253608,0.6079835243770291,False
ERKIC50,8,8,0.5,0.6047131344861183,0.8075626851053345,0.6130987836975758,False
ERKIC50,8,8,0.6000000000000001,0.598459439067361,0.8158607237072257,0.6199348030762958,False
ERKIC50,8,8,0.7000000000000001,0.5909067920258992,0.826185268174623,0.6283324920149178,False
ERKIC50,8,8,0.8,0.5822859918077791,0.8384613201968542,0.6381152862056606,False
ERKIC50,8,8,0.9,0.5728194875059839,0.852604451580329,0.6491572863529609,False
ERKIC50,8,8,1.0,0.5627138199042347,0.8685233290333976,0.6615733923276629,False
ERKIC50,8,9,0.0,0.6036771262680964,0.799311383160653,0.603819937931843,False
ERKIC50,8,9,0.1,0.6074964405275558,0.7963240357177296,0.6014468178199903,False
ERKIC50,8,9,0.2,0.6092526617046035,0.7954186228677577,0.6007863584882452,True
ERKIC50,8,9,0.3,0.6090218375577615,0.796601998481514,0.6018717874517698,False
ERKIC50,8,9,0.4,0.6069316237895321,0.7998645309975154,0.6046738372726637,False
ERKIC50,8,9,0.5,0.6031500141749694,0.8051804917220773,0.6091324694079969,False
ERKIC50,8,9,0.6000000000000001,0.5978725372725401,0.8125090547538442,0.6150536625362706,False
ERKIC50,8,9,0.7000000000000001,0.5913094823641882,0.8217958197030262,0.6225659184913661,False
ERKIC50,8,9,0.8,0.5836743973641335,0.8329747293617134,0.6316149549949941,False
ERKIC50,8,9,0.9,0.5751746531089076,0.8459702339810148,0.6419757814553433,False
ERKIC50,8,9,1.0,0.5660044165540592,0.8606995524898247,0.6534500473444973,False
ERKIC50,8,10,0.0,0.5961810150650683,0.8086351746194141,0.6118427244531978,False
ERKIC50,8,10,0.1,0.5996588171953524,0.8060552226514538,0.6095805515132234,False
ERKIC50,8,10,0.2,0.6010002508681478,0.8056393125996326,0.6088818856588227,True
ERKIC50,8,10,0.3,0.6002942716369526,0.8073906450833066,0.6098529447046225,False
ERKIC50,8,10,0.4,0.5976851913243061,0.811295034005504,0.6125424377702205,False
ERKIC50,8,10,0.5,0.5933596050390484,0.8173214740627974,0.6170134035228056,False
ERKIC50,8,10,0.6000000000000001,0.5875317657251504,0.8254233457573049,0.6231411359057237,False
ERKIC50,8,10,0.7000000000000001,0.5804292510873653,0.8355401514964667,0.6308467081568631,False
ERKIC50,8,10,0.8,0.5722803410149642,0.8475996383994776,0.6399861178594196,False
ERKIC50,8,10,0.9,0.5633039555046405,0.8615201460160551,0.6505654671214913,False
ERKIC50,8,10,1.0,0.5537024531539603,0.8772130201231597,0.6623383883004779,False
ERKIC50,9,1,0.0,0.603393275080636,0.8028334954886338,0.6104225367470038,False
ERKIC50,9,1,0.1,0.6076341865790915,0.7994057884673618,0.6081451206682901,False
ERKIC50,9,1,0.2,0.6097664382190497,0.7980840736633928,0.6074688761742866,False
ERKIC50,9,1,0.3,0.6098527278731882,0.7988790145338899,0.6086542860589021,True
ERKIC50,9,1,0.4,0.6080119649313694,0.801784453702971,0.6116224837764899,False
ERKIC50,9,1,0.5,0.6044082825747487,0.8067776501373312,0.6160074494568514,False
ERKIC50,9,1,0.6000000000000001,0.5992378947979252,0.8138201591334531,0.6219967493311308,False
ERKIC50,9,1,0.7000000000000001,0.5927155224053411,0.8228592769374711,0.6295618606200859,False
ERKIC50,9,1,0.8,0.585061844741559,0.8338299269811633,0.6384903606838801,False
ERKIC50,9,1,0.9,0.5764929764594571,0.8466568381008086,0.6487435881412835,False
ERKIC50,9,1,1.0,0.5672124663482319,0.861256858610431,0.6602247060097165,False
ERKIC50,9,2,0.0,0.6012402540277776,0.8012255554375379,0.6116960073914905,False
ERKIC50,9,2,0.1,0.6046581783622388,0.7985743353737924,0.6094808260930943,False
ERKIC50,9,2,0.2,0.6059641482975453,0.7980262508281587,0.6088257279186725,True
ERKIC50,9,2,0.3,0.605231357748887,0.7995853659590303,0.6097235548729903,False
ERKIC50,9,2,0.4,0.6025887682796303,0.8032390460257635,0.6120623694333969,False
ERKIC50,9,2,0.5,0.5982095004658696,0.808958467158978,0.6158794364580025,False
ERKIC50,9,2,0.6000000000000001,0.592297246094104,0.8166997369340528,0.6212460951588799,False
ERKIC50,9,2,0.7000000000000001,0.585072455397936,0.8264055261709583,0.6281552950358862,False
ERKIC50,9,2,0.8,0.5767597442997311,0.8380070758203428,0.6365383624625509,False
ERKIC50,9,2,0.9,0.5675774809259391,0.8514264257349277,0.6463619261387011,False
ERKIC50,9,2,1.0,0.5577299964956131,0.8665787144115094,0.6574915866082878,False
ERKIC50,9,3,0.0,0.5999891063550027,0.8021779501181282,0.6075622612576096,False
ERKIC50,9,3,0.1,0.6034382886270662,0.7994367452397874,0.605409901531098,False
ERKIC50,9,3,0.2,0.6049154688614513,0.7986560520884513,0.6047838114567414,True
ERKIC50,9,3,0.3,0.6044738644554914,0.7998411610893497,0.6058550849511403,False
ERKIC50,9,3,0.4,0.6022172356905031,0.8029828297580106,0.6085725068427438,False
ERKIC50,9,3,0.5,0.5982909797624382,0.8080576393258481,0.6128370440091289,False
ERKIC50,9,3,0.6000000000000001,0.5928711376728589,0.8150288548864802,0.6188074207992711,False
ERKIC50,9,3,0.7000000000000001,0.5861527104727003,0.8238477168209541,0.6260628607222442,False
ERKIC50,9,3,0.8,0.5783385335130594,0.8344550612854578,0.6346562196435597,False
ERKIC50,9,3,0.9,0.5696296341554735,0.8467831515249383,0.644493320447504,False
ERKIC50,9,3,1.0,0.5602176066746326,0.860757600171295,0.6554757864337719,False
ERKIC50,9,4,0.0,0.5959203847847547,0.8153283698462321,0.6150296957145829,False
ERKIC50,9,4,0.1,0.5988959560876874,0.8130625935371862,0.6135360520166475,False
ERKIC50,9,4,0.2,0.59986922354335,0.8128306382763448,0.6138133033346838,True
ERKIC50,9,4,0.3,0.5989127246846301,0.8146341350495794,0.6156988276010653,False
ERKIC50,9,4,0.4,0.596150080999142,0.8184592668502557,0.6191061826314183,False
ERKIC50,9,4,0.5,0.5917451802626875,0.8242772974542388,0.6239137943619201,False
ERKIC50,9,4,0.6000000000000001,0.5858896385313871,0.8320456406087027,0.6301154618382123,False
ERKIC50,9,4,0.7000000000000001,0.57879013708,0.8417093783995201,0.6377379622599245,False
ERKIC50,9,4,0.8,0.5706569316435754,0.8532031068254888,0.6466283172382788,False
ERKIC50,9,4,0.9,0.5616943808848761,0.8664529727520994,0.6568729585949178,False
ERKIC50,9,4,1.0,0.5520938737541383,0.8813787691639436,0.6682939787086324,False
ERKIC50,9,5,0.0,0.6028891821421496,0.800161668156805,0.6104820285916188,False
ERKIC50,9,5,0.1,0.6058656073921667,0.7978941686370329,0.6086580034761911,False
ERKIC50,9,5,0.2,0.6068790030024941,0.7976037383279136,0.608309089580743,True
ERKIC50,9,5,0.3,0.6059960521395091,0.7992919548864145,0.6093144499632274,False
ERKIC50,9,5,0.4,0.6033319845555181,0.8029457364823076,0.6118666125700563,False
ERKIC50,9,5,0.5,0.5990409083716143,0.8085378418817166,0.6158869133412825,False
ERKIC50,9,5,0.6000000000000001,0.5933044494685855,0.816027864322607,0.6213049357291387,False
ERKIC50,9,5,0.7000000000000001,0.5863200919996239,0.8253636368436645,0.6280715781863686,False
ERKIC50,9,5,0.8,0.5782903941138703,0.8364829400717697,0.6362364234176084,False
ERKIC50,9,5,0.9,0.5694138905341977,0.8493153912416537,0.6455671445746525,False
ERKIC50,9,5,1.0,0.5598780967997413,0.863784395138975,0.6560162758765617,False
ERKIC50,9,6,0.0,0.5968088933508099,0.8093315872507839,0.6119113060098333,False
ERKIC50,9,6,0.1,0.5996157328293448,0.8072053385614588,0.6102196293777917,False
ERKIC50,9,6,0.2,0.6004360772168813,0.8071025837479311,0.6102155181060833,True
ERKIC50,9,6,0.3,0.59934214943632,0.8090238853886007,0.6118529696616773,False
ERKIC50,9,6,0.4,0.5964557827793995,0.8129545903525003,0.61516047451132,False
ERKIC50,9,6,0.5,0.5919381093789494,0.8188653846160581,0.6199942562401225,False
ERKIC50,9,6,0.6000000000000001,0.5859775924408168,0.8267133680748028,0.6263162642321188,False
ERKIC50,9,6,0.7000000000000001,0.5787778734044722,0.8364435594348343,0.6339921108184754,False
ERKIC50,9,6,0.8,0.5705466503066431,0.8479907129294512,0.6429038259321684,False
ERKIC50,9,6,0.9,0.5614864061001735,0.8612813162021954,0.6531415262925993,False
ERKIC50,9,6,1.0,0.55178738220874,0.8762356418102021,0.6646053292780156,False
ERKIC50,9,7,0.0,0.5994103541744444,0.8039226193646222,0.6086947198702908,False
ERKIC50,9,7,0.1,0.6026989467915045,0.8014465964923051,0.6068000537624029,False
ERKIC50,9,7,0.2,0.603835480949483,0.8011587800905037,0.6066218451663048,True
ERKIC50,9,7,0.3,0.6029047063533481,0.803061551598689,0.6081603662906937,False
ERKIC50,9,7,0.4,0.6000481166461835,0.8071393907309693,0.6114136997244101,False
ERKIC50,9,7,0.5,0.5954510919976667,0.8133595030807854,0.616203269339775,False
ERKIC50,9,7,0.6000000000000001,0.5893282797249209,0.82167311400594,0.6226340426589646,False
ERKIC50,9,7,0.7000000000000001,0.5819090869538736,0.8320173125545665,0.6305762896846362,False
ERKIC50,9,7,0.8,0.5734247584275481,0.8443172895883144,0.6399120827484068,False
ERKIC50,9,7,0.9,0.5640979533160938,0.8584887972114809,0.6504611576491816,False
ERKIC50,9,7,1.0,0.5541351792421375,0.8744406615921522,0.6624048329365867,False
ERKIC50,9,8,0.0,0.5835146739765481,0.8154214433431205,0.6148256613079125,False
ERKIC50,9,8,0.1,0.5863693935198016,0.8133605745957011,0.612801368514796,False
ERKIC50,9,8,0.2,0.5871923627205484,0.8133401550456287,0.612466208059564,True
ERKIC50,9,8,0.3,0.5860639999578711,0.8153604873326635,0.6136871210237436,False
ERKIC50,9,8,0.4,0.5831169705979092,0.8194065557256698,0.6164994908733992,False
ERKIC50,9,8,0.5,0.5785245750416371,0.8254485799165577,0.6207855528098186,False
ERKIC50,9,8,0.6000000000000001,0.5724874784464838,0.8334430921537244,0.6266490748000619,False
ERKIC50,9,8,0.7000000000000001,0.5652204534402282,0.8433344488066515,0.6338891670605917,False
ERKIC50,9,8,0.8,0.5569404757507928,0.8550566584622903,0.6426997886222189,False
ERKIC50,9,8,0.9,0.5478570293089277,0.8685353954751165,0.6529017737447929,False
ERKIC50,9,8,1.0,0.5381649833252007,0.8836900703194027,0.6643699836318379,False
ERKIC50,9,9,0.0,0.5980616630698002,0.8083642952464458,0.6120118139825371,False
ERKIC50,9,9,0.1,0.6016267190080923,0.8056431070272785,0.6092427160549996,False
ERKIC50,9,9,0.2,0.6031139653211912,0.8050137271076192,0.6083135924387202,True
ERKIC50,9,9,0.3,0.6025968380568186,0.8064806409706806,0.6090950047389688,False
ERKIC50,9,9,0.4,0.6002024487861198,0.8100320599933502,0.6115712980033344,False
ERKIC50,9,9,0.5,0.5961001708809424,0.8156403880752363,0.615510123107615,False
ERKIC50,9,9,0.6000000000000001,0.5904884764414946,0.8232632703236886,0.6209160507145783,False
ERKIC50,9,9,0.7000000000000001,0.5835816808354146,0.8328451333300281,0.6278881627362545,False
ERKIC50,9,9,0.8,0.5755979319553294,0.844319091952577,0.6362838650682401,False
ERKIC50,9,9,0.9,0.5667493132862171,0.8576090802858884,0.6461674154544108,False
ERKIC50,9,9,1.0,0.5572344494038338,0.8726320648456248,0.6574006036368475,False
ERKIC50,9,10,0.0,0.6058388787823473,0.8016905242271564,0.6105540908364707,False
ERKIC50,9,10,0.1,0.6087175351652707,0.799550795495057,0.6086856891219489,False
ERKIC50,9,10,0.2,0.6094016605690609,0.7996752509140483,0.6086242066827919,True
ERKIC50,9,10,0.3,0.6079888636410797,0.8020628881936531,0.6103600307709335,False
ERKIC50,9,10,0.4,0.6046338510985156,0.806693636771714,0.6138299067735276,False
ERKIC50,9,10,0.5,0.5995346015834299,0.8135291903939115,0.6188563917132953,False
ERKIC50,9,10,0.6000000000000001,0.592916974241717,0.8225145534326481,0.6255445222324147,False
ERKIC50,9,10,0.7000000000000001,0.5850196906357307,0.8335801595098025,0.6337271759278421,False
ERKIC50,9,10,0.8,0.5760811726606769,0.8466443811826483,0.643494451475304,False
ERKIC50,9,10,0.9,0.5663291163265065,0.8616162360158983,0.6547291433784397,False
ERKIC50,9,10,1.0,0.555973100076746,0.8783981055148613,0.6672244801917964,False
PI3KAUC,0,1,0.0,0.5618906126177781,0.8387305106147475,0.5913499409115618,False
PI3KAUC,0,1,0.1,0.5669896347465585,0.8347605520733588,0.5878042264599748,False
PI3KAUC,0,1,0.2,0.5694729635159874,0.8333247088190949,0.5865088916120682,True
PI3KAUC,0,1,0.3,0.5694139584747286,0.8344361009365832,0.5874881228927016,False
PI3KAUC,0,1,0.4,0.5669803181393434,0.8380845707295729,0.5906883771366522,False
PI3KAUC,0,1,0.5,0.5624132777510521,0.8442371432952896,0.5958256517458584,False
PI3KAUC,0,1,0.6000000000000001,0.5560023025613194,0.8528394927320535,0.6028625222884723,False
PI3KAUC,0,1,0.7000000000000001,0.5480596086242544,0.8638182651472579,0.6118053231249863,False
PI3KAUC,0,1,0.8,0.5388978817913609,0.8770840353299916,0.6224067344307121,False
PI3KAUC,0,1,0.9,0.5288131275550699,0.8925346365614985,0.6344425532489705,False
PI3KAUC,0,1,1.0,0.5180731989010077,0.9100586038841698,0.6479513057087265,False
PI3KAUC,0,2,0.0,0.563787011855936,0.8345472056364688,0.5871636102273033,False
PI3KAUC,0,2,0.1,0.5675192399517222,0.8318829739800527,0.5851129381849839,False
PI3KAUC,0,2,0.2,0.5687164359721966,0.8316881076137209,0.5853964630182469,True
PI3KAUC,0,2,0.3,0.5674905199179479,0.8339638427077226,0.5878513169917438,False
PI3KAUC,0,2,0.4,0.5640373484660246,0.8386893535393976,0.5923804864993657,False
PI3KAUC,0,2,0.5,0.5586139888187269,0.8458226982605291,0.5989777923791715,False
PI3KAUC,0,2,0.6000000000000001,0.5515135298783859,0.8553026458059764,0.6074976416673716,False
PI3KAUC,0,2,0.7000000000000001,0.5430413643641346,0.8670512030514569,0.6178179991582724,False
PI3KAUC,0,2,0.8,0.5334956310474863,0.8809766103755804,0.6295864663893492,False
PI3KAUC,0,2,0.9,0.5231530493830097,0.8969765589214876,0.642653780540726,False
PI3KAUC,0,2,1.0,0.5122601575752699,0.9149414007700774,0.6569288509078067,False
PI3KAUC,0,3,0.0,0.5598095620325273,0.8399905085872679,0.5915305060388995,False
PI3KAUC,0,3,0.1,0.5631417229317449,0.8376473538411366,0.5892950458684947,False
PI3KAUC,0,3,0.2,0.5641657589399249,0.8375686654231146,0.5889842009799102,True
PI3KAUC,0,3,0.3,0.5629836965821742,0.8397534940628903,0.5906143740369582,False
PI3KAUC,0,3,0.4,0.5597663153156524,0.8441824056488887,0.5941596999353429,False
PI3KAUC,0,3,0.5,0.5547354178438585,0.8508183332078462,0.5996200618540087,False
PI3KAUC,0,3,0.6000000000000001,0.5481441797599828,0.8596080966523167,0.6067827890273123,False
PI3KAUC,0,3,0.7000000000000001,0.5402583534889767,0.8704844491991566,0.6155577895843518,False
PI3KAUC,0,3,0.8,0.5313403163820019,0.8833684762494125,0.6256985462461595,False
PI3KAUC,0,3,0.9,0.5216369976098327,0.8981721643582933,0.6373345638960867,False
PI3KAUC,0,3,1.0,0.5113718702785642,0.9148009718253742,0.6502347323207207,False
PI3KAUC,0,4,0.0,0.5545801304538471,0.8338384717166086,0.5929120459565048,False
PI3KAUC,0,4,0.1,0.558006952701714,0.8315223137642747,0.5909530628632828,False
PI3KAUC,0,4,0.2,0.5590309293683473,0.8314747297946177,0.5906706032201671,True
PI3KAUC,0,4,0.3,0.5577580708675021,0.8336949352247178,0.5922088668284406,False
PI3KAUC,0,4,0.4,0.5543694531587999,0.8381635388561326,0.5955185070005122,False
PI3KAUC,0,4,0.5,0.5491018911126144,0.8448433749061852,0.6004489113761192,False
PI3KAUC,0,4,0.6000000000000001,0.5422262691060151,0.8536810120423934,0.6072387023432553,False
PI3KAUC,0,4,0.7000000000000001,0.5340267108151637,0.8646088008952709,0.6155428419972548,False
PI3KAUC,0,4,0.8,0.524782907478458,0.8775472864506263,0.6253040112628151,False
PI3KAUC,0,4,0.9,0.5147568279019892,0.8924078014777992,0.6366438787813948,False
PI3KAUC,0,4,1.0,0.5041840395443259,0.9090950693939316,0.6492970627982401,False
PI3KAUC,0,5,0.0,0.566554002993856,0.8195003031910657,0.5824059058429165,False
PI3KAUC,0,5,0.1,0.5715425859433582,0.8158622327645766,0.5793085067346597,False
PI3KAUC,0,5,0.2,0.5740642765800935,0.8144930325036743,0.5781462805571682,False
PI3KAUC,0,5,0.3,0.5742087693582588,0.8154044329846772,0.579108768825055,True
PI3KAUC,0,5,0.4,0.5721441932345737,0.8185890011944525,0.5822409222813129,False
PI3KAUC,0,5,0.5,0.5680983361393243,0.8240204421634589,0.5873003680207154,False
PI3KAUC,0,5,0.6000000000000001,0.5623370979046391,0.8316546734841299,0.5942514831130776,False
PI3KAUC,0,5,0.7000000000000001,0.5551433978538807,0.8414315717767664,0.6029308437313805,False
PI3KAUC,0,5,0.8,0.5467989607417747,0.8532772342517895,0.6132088640052599,False
PI3KAUC,0,5,0.9,0.5375703311981801,0.8671065671141026,0.6247273332812953,False
PI3KAUC,0,5,1.0,0.5276994627975716,0.8828260076477165,0.6374390234395645,False
PI3KAUC,0,6,0.0,0.5658471571400369,0.8384401879406406,0.5911731924378242,False
PI3KAUC,0,6,0.1,0.5683837163477689,0.8367563864484238,0.5896528277638091,False
PI3KAUC,0,6,0.2,0.5684546071919625,0.8374924410550418,0.5900295748216273,True
PI3KAUC,0,6,0.3,0.5661746355292562,0.8406411853388386,0.5922895199575746,False
PI3KAUC,0,6,0.4,0.5617376520372432,0.8461744664548962,0.5963699830230669,False
PI3KAUC,0,6,0.5,0.5553959374099444,0.8540444014985669,0.6023235860808274,False
PI3KAUC,0,6,0.6000000000000001,0.5474369087754738,0.8641854153984954,0.6101234953092971,False
PI3KAUC,0,6,0.7000000000000001,0.5381607113699558,0.8765168631012328,0.6196166887685648,False
PI3KAUC,0,6,0.8,0.5278613023266413,0.8909460043002018,0.6306588058830906,False
PI3KAUC,0,6,0.9,0.5168123850727296,0.9073710987903336,0.643080623023661,False
PI3KAUC,0,6,1.0,0.5052584185857769,0.9256844185931524,0.6566683684592881,False
PI3KAUC,0,7,0.0,0.5724307149758434,0.8264850587446111,0.5824802431014277,False
PI3KAUC,0,7,0.1,0.5759667706215297,0.8239499807106068,0.5804760836664854,False
PI3KAUC,0,7,0.2,0.5770268197073681,0.8238036828575444,0.5806372465132343,True
PI3KAUC,0,7,0.3,0.5757344461328613,0.8260475976297151,0.5831012316334858,False
PI3KAUC,0,7,0.4,0.5722880618929674,0.8306621793493341,0.587652238220567,False
PI3KAUC,0,7,0.5,0.5669396001596999,0.8376077586964641,0.5938560141247055,False
PI3KAUC,0,7,0.6000000000000001,0.5599716750084979,0.8468262307041737,0.6017371507888197,False
PI3KAUC,0,7,0.7000000000000001,0.5516764235214954,0.8582434118563453,0.6113322469260307,False
PI3KAUC,0,7,0.8,0.5423381671215612,0.8717718521633678,0.6223193394729096,False
PI3KAUC,0,7,0.9,0.5322208380999468,0.8873138716157737,0.6347461700983418,False
PI3KAUC,0,7,1.0,0.5215601375639707,0.9047646047704634,0.6485585625922228,False
PI3KAUC,0,8,0.0,0.5687675001521145,0.8222095610238089,0.5826515066800536,False
PI3KAUC,0,8,0.1,0.5717261108042965,0.8200977650422347,0.5807227638295076,False
PI3KAUC,0,8,0.2,0.572163819586234,0.8204340591180863,0.580964517168016,True
PI3KAUC,0,8,0.3,0.5701887075567502,0.8232157444326633,0.5834074170393926,False
PI3KAUC,0,8,0.4,0.5659908067224266,0.8284182724098909,0.5877398243071197,False
PI3KAUC,0,8,0.5,0.5598216432760641,0.8359963218666427,0.5936864677200266,False
PI3KAUC,0,8,0.6000000000000001,0.5519708172167964,0.8458857367393158,0.601605689376351,False
PI3KAUC,0,8,0.7000000000000001,0.5427431879763202,0.858006135794465,0.611203098976478,False
PI3KAUC,0,8,0.8,0.5324393408595423,0.8722639581602791,0.622345511999149,False
PI3KAUC,0,8,0.9,0.521340801907314,0.8885556972781842,0.6348464034151603,False
PI3KAUC,0,8,1.0,0.5097003401508765,0.9067710970691876,0.648603161618986,False
PI3KAUC,0,9,0.0,0.5566110876418339,0.8355699872067326,0.5873838876075099,False
PI3KAUC,0,9,0.1,0.5594301006009494,0.8336535618913935,0.585882725642836,False
PI3KAUC,0,9,0.2,0.5599438803351979,0.8340075182935951,0.5865240900368299,True
PI3KAUC,0,9,0.3,0.5582593753252144,0.8366273669907323,0.5889637529895079,False
PI3KAUC,0,9,0.4,0.5545530890371135,0.841490068920811,0.5933930429457465,False
PI3KAUC,0,9,0.5,0.549052736728527,0.8485550265444246,0.5995819792759651,False
PI3KAUC,0,9,0.6000000000000001,0.5420169349606402,0.8577657320304028,0.6072599557359849,False
PI3KAUC,0,9,0.7000000000000001,0.5337158544208918,0.8690519218285149,0.6164373146303852,False
PI3KAUC,0,9,0.8,0.5244149262756707,0.8823320569937785,0.627001724195624,False
PI3KAUC,0,9,0.9,0.5143626633105537,0.8975159439755978,0.6390929307788021,False
PI3KAUC,0,9,1.0,0.503782747650676,0.9145073277897582,0.6524842943501896,False
PI3KAUC,0,10,0.0,0.5683135424669417,0.8323593675618441,0.589297046426476,False
PI3KAUC,0,10,0.1,0.5727400953032522,0.8291125236318224,0.5862055673233222,False
PI3KAUC,0,10,0.2,0.5746179031812396,0.8283022485177977,0.5852588561405498,True
PI3KAUC,0,10,0.3,0.5740363084339959,0.8299360654245996,0.5865307756834381,False
PI3KAUC,0,10,0.4,0.5711703054316799,0.8340001358279242,0.5897872516771834,False
PI3KAUC,0,10,0.5,0.5662606154849457,0.840459834289668,0.5953058941027796,False
PI3KAUC,0,10,0.6000000000000001,0.5595902024112851,0.8492611857807102,0.6028447535691811,False
PI3KAUC,0,10,0.7000000000000001,0.5514609605746912,0.8603330304044,0.6120976506144669,False
PI3KAUC,0,10,0.8,0.5421734549029696,0.8735897217673638,0.6229535709408909,False
PI3KAUC,0,10,0.9,0.5320113599158777,0.888934136346327,0.6353343072977415,False
PI3KAUC,0,10,1.0,0.5212310568978329,0.9062607728778614,0.6489241888514923,False
PI3KAUC,1,1,0.0,0.5737075838797697,0.8279452002600696,0.5886477002826158,False
PI3KAUC,1,1,0.1,0.5783823903925477,0.8244451071590205,0.5857243497949046,False
PI3KAUC,1,1,0.2,0.5805806494704399,0.8233147245823726,0.5848646917377337,True
PI3KAUC,1,1,0.3,0.5803997392041211,0.8245634902801988,0.58600259038136,False
PI3KAUC,1,1,0.4,0.5780142907698492,0.8281801947528986,0.5890833588480401,False
PI3KAUC,1,1,0.5,0.5736570604606596,0.8341334805308158,0.59425125535411,False
PI3KAUC,1,1,0.6000000000000001,0.5675973109284227,0.8423731820992957,0.6013607453990717,False
PI3KAUC,1,1,0.7000000000000001,0.5601198704280306,0.8528323755711156,0.6102678517950582,False
PI3KAUC,1,1,0.8,0.5515072029076918,0.8654299499344731,0.6205885459118077,False
PI3KAUC,1,1,0.9,0.5420257497883737,0.8800734841542146,0.632473202875847,False
PI3KAUC,1,1,1.0,0.5319168237912335,0.8966622168818047,0.6455471168721634,False
PI3KAUC,1,2,0.0,0.5578169632826893,0.8392549143600163,0.5932863437769409,False
PI3KAUC,1,2,0.1,0.5614956025492692,0.8367195690364995,0.5910109727484234,False
PI3KAUC,1,2,0.2,0.5626849144795737,0.8365517141638783,0.5905942155190461,True
PI3KAUC,1,2,0.3,0.5615045868500503,0.8387527329478092,0.5921308336736502,False
PI3KAUC,1,2,0.4,0.5581525287325955,0.8433038660375305,0.5956086215975762,False
PI3KAUC,1,2,0.5,0.5528832129713058,0.8501670032780115,0.6009579686698592,False
PI3KAUC,1,2,0.6000000000000001,0.5459840122939058,0.859286250441697,0.6077748863043316,False
PI3KAUC,1,2,0.7000000000000001,0.5377529992767257,0.8705901241885918,0.616386307584183,False
PI3KAUC,1,2,0.8,0.5284805996252743,0.8839941825902216,0.6269333815421294,False
PI3KAUC,1,2,0.9,0.518436223171346,0.8994038815889344,0.6390381839822621,False
PI3KAUC,1,2,1.0,0.507859917801292,0.916717458216294,0.6526494902063857,False
PI3KAUC,1,3,0.0,0.5674869868310923,0.8291977151644974,0.5854815938878032,False
PI3KAUC,1,3,0.1,0.5714502965490421,0.8261791332539425,0.5823415419123833,False
PI3KAUC,1,3,0.2,0.5729941584705192,0.8255039606558074,0.5812934949650644,True
PI3KAUC,1,3,0.3,0.5721990593677098,0.8271782745934024,0.5821754649439845,False
PI3KAUC,1,3,0.4,0.5692238202337844,0.8311881077193439,0.5854442529885898,False
PI3KAUC,1,3,0.5,0.5642883884639613,0.8375000260548257,0.5907190736521406,False
PI3KAUC,1,3,0.6000000000000001,0.5576532376988274,0.846062501327145,0.5978345946871363,False
PI3KAUC,1,3,0.7000000000000001,0.5495985607151914,0.8568079489352783,0.6066713608661346,False
PI3KAUC,1,3,0.8,0.5404058064908879,0.8696552502768906,0.6170738307105395,False
PI3KAUC,1,3,0.9,0.5303431201954213,0.8845125534889124,0.6288128951156088,False
PI3KAUC,1,3,1.0,0.519655240004011,0.9012801500042052,0.6419010840900108,False
PI3KAUC,1,4,0.0,0.5730194170787252,0.822430986835581,0.5838490706053294,False
PI3KAUC,1,4,0.1,0.5765442811478753,0.8199312140434032,0.5822466249068742,False
PI3KAUC,1,4,0.2,0.5775758348347264,0.8198672689991344,0.5826197397756642,True
PI3KAUC,1,4,0.3,0.576231119653043,0.8222399100415989,0.584943751720522,False
PI3KAUC,1,4,0.4,0.572704564198202,0.8270280754331747,0.5893161326517329,False
PI3KAUC,1,4,0.5,0.5672470511917319,0.8341898160737424,0.5954998655758941,False
PI3KAUC,1,4,0.6000000000000001,0.5601428927563569,0.8436641089088193,0.6034572171512108,False
PI3KAUC,1,4,0.7000000000000001,0.5516880790088129,0.8553733714840455,0.6131195485392454,False
PI3KAUC,1,4,0.8,0.542172148875503,0.8692264454476486,0.6242913970230999,False
PI3KAUC,1,4,0.9,0.5318648249556114,0.8851218009040137,0.6368177397608656,False
PI3KAUC,1,4,1.0,0.5210075122370096,0.9029507312770252,0.6505602675068703,False
PI3KAUC,1,5,0.0,0.566628604349814,0.8234283161826308,0.5820225076725892,False
PI3KAUC,1,5,0.1,0.5717010281396424,0.8195445974782869,0.5784836132379206,False
PI3KAUC,1,5,0.2,0.5744684342615398,0.8178777393875517,0.5770959586869158,False
PI3KAUC,1,5,0.3,0.5749805820256353,0.8184409457212094,0.5779148317285587,True
PI3KAUC,1,5,0.4,0.573361156351887,0.8212291416429494,0.58074885979479,False
PI3KAUC,1,5,0.5,0.569794081260129,0.8262191986227612,0.5853296039746172,False
PI3KAUC,1,5,0.6000000000000001,0.564506140097486,0.8333708830894094,0.5916698379879562,False
PI3KAUC,1,5,0.7000000000000001,0.5577486044550968,0.8426284395634349,0.5996017428286546,False
PI3KAUC,1,5,0.8,0.5497802017844613,0.8539226673711717,0.6091501880633865,False
PI3KAUC,1,5,0.9,0.5408530094372652,0.8671733200936348,0.6201578283432918,False
PI3KAUC,1,5,1.0,0.5312020276654088,0.8822916506327992,0.6324506129960431,False
PI3KAUC,1,6,0.0,0.5768291433276878,0.8241420890318464,0.5842586464761645,False
PI3KAUC,1,6,0.1,0.5801240082920677,0.821663914029131,0.5829100468955554,False
PI3KAUC,1,6,0.2,0.5809669107013113,0.8216236930531654,0.583594785296403,True
PI3KAUC,1,6,0.3,0.5794575223928339,0.8240219806979558,0.5862952173310447,False
PI3KAUC,1,6,0.4,0.5757728825460607,0.82883755771746,0.590824327624923,False
PI3KAUC,1,6,0.5,0.5701486213600384,0.8360283680125272,0.5970439208973264,False
PI3KAUC,1,6,0.6000000000000001,0.562857372269182,0.8455333300275611,0.6048354140564567,False
PI3KAUC,1,6,0.7000000000000001,0.5541876195029378,0.8572748439253003,0.6139147695444549,False
PI3KAUC,1,6,0.8,0.5444254378383812,0.8711617641087323,0.6243039176363055,False
PI3KAUC,1,6,0.9,0.5338405011484412,0.8870925911209554,0.6360823138878828,False
PI3KAUC,1,6,1.0,0.522676716921324,0.9049586545629432,0.6491534083245536,False
PI3KAUC,1,7,0.0,0.56915594219288,0.8299572981412107,0.5881411266872805,False
PI3KAUC,1,7,0.1,0.5725947684716647,0.8275414607142935,0.5860753308172402,False
PI3KAUC,1,7,0.2,0.5734474720321675,0.8276651837745158,0.5861504756353626,True
PI3KAUC,1,7,0.3,0.5718377452963787,0.8303264410607806,0.588497568450738,False
PI3KAUC,1,7,0.4,0.5679730843130912,0.8354999255047504,0.5929267937639846,False
PI3KAUC,1,7,0.5,0.5621219823910482,0.8431382427581677,0.5992568463667745,False
PI3KAUC,1,7,0.6000000000000001,0.5545885857864964,0.8531740324939923,0.6073075699845516,False
PI3KAUC,1,7,0.7000000000000001,0.5456886749248275,0.8655228028729333,0.6169281675568634,False
PI3KAUC,1,7,0.8,0.5357297095945261,0.8800862157534342,0.6282325461576603,False
PI3KAUC,1,7,0.9,0.5249962788693364,0.8967555530308916,0.6410728039528287,False
PI3KAUC,1,7,1.0,0.5137410670822866,0.9154151220311724,0.6554510091362078,False
PI3KAUC,1,8,0.0,0.564219696432001,0.835569068091951,0.5907816643807274,False
PI3KAUC,1,8,0.1,0.5686104481976991,0.8323479354000242,0.5881758559775243,False
PI3KAUC,1,8,0.2,0.570633816808281,0.8314489084123586,0.5876321500988526,True
PI3KAUC,1,8,0.3,0.5703774361640976,0.832879614045481,0.5890829135739376,False
PI3KAUC,1,8,0.4,0.5680019224622544,0.8366281633740072,0.5925807539826983,False
PI3KAUC,1,8,0.5,0.563723854220926,0.8426636407109515,0.5976984188540406,False
PI3KAUC,1,8,0.6000000000000001,0.5577960676654191,0.8509373566149666,0.6043537773448192,False
PI3KAUC,1,8,0.7000000000000001,0.5504881559383596,0.8613847489269094,0.6126007665680515,False
PI3KAUC,1,8,0.8,0.5420694131812245,0.8739277650650548,0.6225294567923095,False
PI3KAUC,1,8,0.9,0.5327955400016418,0.8884775331577156,0.6338208623198326,False
PI3KAUC,1,8,1.0,0.5228995235974357,0.9049371298907444,0.6463957844640725,False
PI3KAUC,1,9,0.0,0.5611159106916039,0.8348555891044608,0.5904950170962429,False
PI3KAUC,1,9,0.1,0.5642578559707246,0.8326294657914908,0.5882294413454047,False
PI3KAUC,1,9,0.2,0.5650211396538688,0.8327296919855993,0.5881095907348606,True
PI3KAUC,1,9,0.3,0.5635038357028094,0.8351558167525175,0.590102614969221,False
PI3KAUC,1,9,0.4,0.5598790640254725,0.8398877470655581,0.5940232353934731,False
PI3KAUC,1,9,0.5,0.5543767749272306,0.8468865802918832,0.5998411078005605,False
PI3KAUC,1,9,0.6000000000000001,0.547262739539465,0.8560961879466726,0.6073995740764115,False
PI3KAUC,1,9,0.7000000000000001,0.5388179238183868,0.8674454024863012,0.6164284825065798,False
PI3KAUC,1,9,0.8,0.5293206695591246,0.8808506152863604,0.626977229378369,False
PI3KAUC,1,9,0.9,0.5190330510598693,0.8962185793297026,0.6389370911017915,False
PI3KAUC,1,9,1.0,0.508191769746572,0.9134492225134168,0.6521537386862083,False
PI3KAUC,1,10,0.0,0.5637964499972442,0.8326249151490274,0.5899020538343457,False
PI3KAUC,1,10,0.1,0.5674850752109439,0.8300217978518638,0.5873965449437324,False
PI3KAUC,1,10,0.2,0.5687477018783065,0.8298316308751421,0.5868363626669094,True
PI3KAUC,1,10,0.3,0.5676918773223474,0.8320560971067673,0.5884359950860264,False
PI3KAUC,1,10,0.4,0.5644998955829943,0.8366757057916171,0.5921794750077838,False
PI3KAUC,1,10,0.5,0.5594094256624753,0.8436506496326095,0.5978794352744523,False
PI3KAUC,1,10,0.6000000000000001,0.5526919135127548,0.8529225001243784,0.6052931878988236,False
PI3KAUC,1,10,0.7000000000000001,0.5446318876915505,0.8644165760392737,0.6144606112899256,False
PI3KAUC,1,10,0.8,0.5355094338614433,0.8780447704841183,0.6252159273727812,False
PI3KAUC,1,10,0.9,0.5255870217986768,0.8937086055797439,0.6374158734680624,False
PI3KAUC,1,10,1.0,0.5151008953734519,0.911302298096228,0.6510441250563632,False
PI3KAUC,2,1,0.0,0.563157124467079,0.8385083536500432,0.5905719987788276,False
PI3KAUC,2,1,0.1,0.5667138540869436,0.8358399698895536,0.5881782121859447,False
PI3KAUC,2,1,0.2,0.5679300182017661,0.8354632101990257,0.5874837936073594,True
PI3KAUC,2,1,0.3,0.5668887936072995,0.8373814683645351,0.5890098525304206,False
PI3KAUC,2,1,0.4,0.5637474394295683,0.8415791278634408,0.5922700235241323,False
PI3KAUC,2,1,0.5,0.5587204580608415,0.8480221960544287,0.5972307824257499,False
PI3KAUC,2,1,0.6000000000000001,0.5520597884795175,0.8566596664171936,0.6039547170755256,False
PI3KAUC,2,1,0.7000000000000001,0.5440350527979471,0.8674254833220258,0.6125319406183583,False
PI3KAUC,2,1,0.8,0.5349162088784642,0.8802409384003151,0.6226242653303726,False
PI3KAUC,2,1,0.9,0.5249599924831407,0.8950173079244939,0.6340403748624043,False
PI3KAUC,2,1,1.0,0.5144005882075178,0.9116585461964511,0.6467272859856461,False
PI3KAUC,2,2,0.0,0.5652300670561139,0.8248371458862822,0.5834238598531652,False
PI3KAUC,2,2,0.1,0.5705276242464091,0.8207567519950427,0.5802157463628845,False
PI3KAUC,2,2,0.2,0.5732565582787263,0.8191345839497499,0.5792449457809273,False
PI3KAUC,2,2,0.3,0.5734851683890084,0.8199834051674071,0.5800922649514154,True
PI3KAUC,2,2,0.4,0.5713726647823409,0.82329313791098,0.583046696125109,False
PI3KAUC,2,2,0.5,0.5671497365602611,0.8290314352849535,0.5880123594243268,False
PI3KAUC,2,2,0.6000000000000001,0.561094670734217,0.8371452511805787,0.5946688367261773,False
PI3KAUC,2,2,0.7000000000000001,0.5535090725671419,0.8475632335646809,0.6029675284443594,False
PI3KAUC,2,2,0.8,0.5446964134470622,0.86019869880103,0.612811398426974,False
PI3KAUC,2,2,0.9,0.5349453217751733,0.8749529187970058,0.6242125276025876,False
PI3KAUC,2,2,1.0,0.5245182280745245,0.8917184659852847,0.636968920326054,False
PI3KAUC,2,3,0.0,0.5541064761221094,0.8393175562662881,0.5892350856690864,False
PI3KAUC,2,3,0.1,0.5580688617265086,0.8363660265080466,0.5865752451783489,False
PI3KAUC,2,3,0.2,0.5597886389787756,0.8355825896313501,0.5857793004512298,True
PI3KAUC,2,3,0.3,0.5593345274872598,0.8369737001032187,0.5869569302081429,False
PI3KAUC,2,3,0.4,0.5568451026988983,0.8405285364703584,0.5901006609629209,False
PI3KAUC,2,3,0.5,0.552513856792959,0.8462194261224842,0.5950544322072364,False
PI3KAUC,2,3,0.6000000000000001,0.5465714111123626,0.8540029263560452,0.6018057644415362,False
PI3KAUC,2,3,0.7000000000000001,0.5392675427241833,0.863821463290692,0.6101403973035963,False
PI3KAUC,2,3,0.8,0.530855134158382,0.8756053868685884,0.6199809358688589,False
PI3KAUC,2,3,0.9,0.5215773387231003,0.8892752783849366,0.6311084929596685,False
PI3KAUC,2,3,1.0,0.5116584432476367,0.9047443472857828,0.6433894427760141,False
PI3KAUC,2,4,0.0,0.5674692909810404,0.8238400345015782,0.5850081333271626,False
PI3KAUC,2,4,0.1,0.5706355943539291,0.8216101259303942,0.5825439132734075,False
PI3KAUC,2,4,0.2,0.5713660035660295,0.8217191324412594,0.5823423545664608,True
PI3KAUC,2,4,0.3,0.5697650673247495,0.824165483189723,0.5840673382113303,False
PI3KAUC,2,4,0.4,0.5660141325425716,0.8289278317740824,0.588009257763232,False
PI3KAUC,2,4,0.5,0.5603519110885882,0.8359659712705024,0.593911849326657,False
PI3KAUC,2,4,0.6000000000000001,0.5530525208098995,0.8452224837284105,0.6017261127576803,False
PI3KAUC,2,4,0.7000000000000001,0.5444042800154094,0.8566249716274024,0.611137631745805,False
PI3KAUC,2,4,0.8,0.5346916536440824,0.8700886800745693,0.6219710240687459,False
PI3KAUC,2,4,0.9,0.5241816226366052,0.8855193074079899,0.6341521468992383,False
PI3KAUC,2,4,1.0,0.5131147272061656,0.9028158158188,0.6475416126639454,False
PI3KAUC,2,5,0.0,0.5656272665675589,0.8383642695798545,0.5898077463346337,False
PI3KAUC,2,5,0.1,0.5698098931551968,0.8350138533235416,0.5871566368333713,False
PI3KAUC,2,5,0.2,0.5717524533058229,0.8339064230981847,0.5868465848280489,True
PI3KAUC,2,5,0.3,0.5715066112412839,0.8350509943788831,0.588601024943784,False
PI3KAUC,2,5,0.4,0.5691941978728474,0.8384384968978459,0.5922757539214315,False
PI3KAUC,2,5,0.5,0.5649943594381444,0.844042128932076,0.5978575794621994,False
PI3KAUC,2,5,0.6000000000000001,0.5591272443314413,0.8518183959881502,0.6050573128568175,False
PI3KAUC,2,5,0.7000000000000001,0.5518367034245506,0.8617087422924934,0.6137256233599214,False
PI3KAUC,2,5,0.8,0.5433741554806557,0.8736416376923538,0.6238075535970049,False
PI3KAUC,2,5,0.9,0.5339851088566481,0.8875349567200501,0.6352158125403509,False
PI3KAUC,2,5,1.0,0.5238990770297277,0.9032984821636652,0.6478249403060092,False
PI3KAUC,2,6,0.0,0.5628767187755048,0.8348353906867219,0.5886216031492217,False
PI3KAUC,2,6,0.1,0.5663616184942708,0.8322958390490405,0.5866602614814653,False
PI3KAUC,2,6,0.2,0.5675438376151384,0.831995850003984,0.5866489838023745,True
PI3KAUC,2,6,0.3,0.5665102114713053,0.8339382171764887,0.5884963396292777,False
PI3KAUC,2,6,0.4,0.5634176418182284,0.8381074856844318,0.592177694105348,False
PI3KAUC,2,6,0.5,0.5584768345227026,0.8444705688776988,0.597457335983096,False
PI3KAUC,2,6,0.6000000000000001,0.551933517333371,0.8529780501545663,0.6042212913083727,False
PI3KAUC,2,6,0.7000000000000001,0.5440498555188176,0.863566052166715,0.6125820149017537,False
PI3KAUC,2,6,0.8,0.5350881587647092,0.8761585139584221,0.6225434527175484,False
PI3KAUC,2,6,0.9,0.5252981080311139,0.8906696982888187,0.6340064528323517,False
PI3KAUC,2,6,1.0,0.5149078972319183,0.9070067561404148,0.6467849486394884,False
PI3KAUC,2,7,0.0,0.5633168682095413,0.8297073471534009,0.5874003866482803,False
PI3KAUC,2,7,0.1,0.5682744627529279,0.8260210183224951,0.5843670580115803,False
PI3KAUC,2,7,0.2,0.5707781208166567,0.8246330672330625,0.583751920744147,False
PI3KAUC,2,7,0.3,0.5709091104076762,0.8255549290555543,0.5851859515203673,True
PI3KAUC,2,7,0.4,0.5688289095260204,0.8287786582760657,0.588785331961218,False
PI3KAUC,2,7,0.5,0.564760771516767,0.834277267725071,0.5941282340369444,False
PI3KAUC,2,7,0.6000000000000001,0.5589681053194087,0.842005841680893,0.6012186316614972,False
PI3KAUC,2,7,0.7000000000000001,0.5517330358825742,0.8519033180805249,0.6099170776566516,False
PI3KAUC,2,7,0.8,0.5433377244391691,0.8638947805022618,0.6202174797391868,False
PI3KAUC,2,7,0.9,0.5340499223254709,0.8778940708279975,0.6317972574920977,False
PI3KAUC,2,7,1.0,0.5241131768013014,0.8938065298937576,0.6447833245352339,False
PI3KAUC,2,8,0.0,0.5748868444241465,0.825573845690816,0.586341660839811,False
PI3KAUC,2,8,0.1,0.5783644709380442,0.8230351823173383,0.5841589616035641,False
PI3KAUC,2,8,0.2,0.5794442153228796,0.8228366783154429,0.5839846102946803,True
PI3KAUC,2,8,0.3,0.5782266482311331,0.8249794380967856,0.5855535818299349,False
PI3KAUC,2,8,0.4,0.5748854530787508,0.8294445700572443,0.5891290454330086,False
PI3KAUC,2,8,0.5,0.5696493397871334,0.8361940115499606,0.5947499272714589,False
PI3KAUC,2,8,0.6000000000000001,0.5627815598812447,0.8451721196397225,0.6022411843299772,False
PI3KAUC,2,8,0.7000000000000001,0.5545599944181846,0.8563078766047683,0.6114298010048937,False
PI3KAUC,2,8,0.8,0.545260029975165,0.86951751579851,0.6221597708498154,False
PI3KAUC,2,8,0.9,0.5351414454468861,0.8847073592270729,0.6344538120676734,False
PI3KAUC,2,8,1.0,0.5244396105879272,0.9017766707920822,0.6478847507508736,False
PI3KAUC,2,9,0.0,0.5594966659878715,0.8366108830070912,0.592607827531371,False
PI3KAUC,2,9,0.1,0.5630946086949522,0.8340457948439995,0.5906344360150605,False
PI3KAUC,2,9,0.2,0.5641462985644417,0.8339391600032566,0.5907000100593721,True
PI3KAUC,2,9,0.3,0.5627600138644226,0.8362920648214619,0.592769296719427,False
PI3KAUC,2,9,0.4,0.5591296709735676,0.8410838637748604,0.5967421259686485,False
PI3KAUC,2,9,0.5,0.5535127455167151,0.848273078016998,0.602605577318207,False
PI3KAUC,2,9,0.6000000000000001,0.5462051382971638,0.8577991573374015,0.610257051896933,False
PI3KAUC,2,9,0.7000000000000001,0.5375169933296747,0.869584935044276,0.6197083138373828,False
PI3KAUC,2,9,0.8,0.5277523673251887,0.8835395536548709,0.6306988906034896,False
PI3KAUC,2,9,0.9,0.517194222413984,0.8995616219958986,0.6432742495804835,False
PI3KAUC,2,9,1.0,0.506094939875237,0.917542379020878,0.6572607821584231,False
PI3KAUC,2,10,0.0,0.570885123264459,0.8315368425129563,0.5875939691405563,False
PI3KAUC,2,10,0.1,0.5737439880175385,0.8296836461439112,0.5853241911307763,False
PI3KAUC,2,10,0.2,0.5742954681274385,0.8301853434219242,0.5854909854613153,True
PI3KAUC,2,10,0.3,0.5726521386414036,0.833036699084374,0.5879266704392062,False
PI3KAUC,2,10,0.4,0.5689929915168505,0.8382125341779305,0.5921807451855277,False
PI3KAUC,2,10,0.5,0.5635455556509574,0.8456688174879649,0.59818479261379,False
PI3KAUC,2,10,0.6000000000000001,0.556566374034002,0.8553444868420158,0.6059264903845063,False
PI3KAUC,2,10,0.7000000000000001,0.5483225261955103,0.8671638306054215,0.6153866666332211,False
PI3KAUC,2,10,0.8,0.5390760973752299,0.881039225033836,0.6262834734718978,False
PI3KAUC,2,10,0.9,0.5290725535554192,0.8968740179100383,0.6386099613448866,False
PI3KAUC,2,10,1.0,0.5185331529079316,0.9145653690879684,0.6522897024865,False
PI3KAUC,3,1,0.0,0.5552164586454774,0.8388302986366402,0.5903219596531647,False
PI3KAUC,3,1,0.1,0.5592443731307267,0.8358975224666233,0.5881146155303563,False
PI3KAUC,3,1,0.2,0.5607072021906776,0.8353713501113932,0.5880455089647124,True
PI3KAUC,3,1,0.3,0.5597062035260246,0.8372556973889405,0.5900401795530188,False
PI3KAUC,3,1,0.4,0.5564303766617037,0.8415335475115568,0.5940953477246183,False
PI3KAUC,3,1,0.5,0.5511345559857436,0.8481677188209165,0.6000242306557894,False
PI3KAUC,3,1,0.6000000000000001,0.5441141492350522,0.8571024584220781,0.6077266352575375,False
PI3KAUC,3,1,0.7000000000000001,0.5356805920245844,0.8682657057715328,0.6171001837357941,False
PI3KAUC,3,1,0.8,0.5261405225991271,0.8815718211388367,0.6280259403877932,False
PI3KAUC,3,1,0.9,0.5157802569500328,0.8969245563261202,0.6404463270896901,False
PI3KAUC,3,1,1.0,0.5048558448510816,0.9142200569154124,0.6541537642709885,False
PI3KAUC,3,2,0.0,0.5649309715297294,0.8304640341237036,0.5874285946403301,False
PI3KAUC,3,2,0.1,0.5674779053394139,0.828650705200481,0.5855775043479572,False
PI3KAUC,3,2,0.2,0.5676829087104064,0.8291563452166099,0.5857664214730983,True
PI3KAUC,3,2,0.3,0.565646385270467,0.831974834693332,0.5878023762729174,False
PI3KAUC,3,2,0.4,0.561541503684954,0.8370805629014295,0.591845307264623,False
PI3KAUC,3,2,0.5,0.5555958933966508,0.8444295836444791,0.5977913632687946,False
PI3KAUC,3,2,0.6000000000000001,0.5480709795587003,0.8539614682078833,0.6055574203384948,False
PI3KAUC,3,2,0.7000000000000001,0.5392420373762378,0.86560167920375,0.6148330717747886,False
PI3KAUC,3,2,0.8,0.5293811966733714,0.879264261141888,0.6254358144767473,False
PI3KAUC,3,2,0.9,0.5187445661024531,0.8948546446672687,0.6372965767804727,False
PI3KAUC,3,2,1.0,0.5075637008133753,0.9122723859580713,0.6503184746919354,False
PI3KAUC,3,3,0.0,0.5670383763551572,0.8292790474211864,0.5854102266394661,False
PI3KAUC,3,3,0.1,0.570398256455493,0.8269810369620876,0.5831839588611482,False
PI3KAUC,3,3,0.2,0.5712463779383176,0.8270589288905656,0.5831816734649069,True
PI3KAUC,3,3,0.3,0.5697075385708291,0.8295119750011338,0.5854043979549666,False
PI3KAUC,3,3,0.4,0.5659849814129565,0.8343187686375506,0.589535649877315,False
PI3KAUC,3,3,0.5,0.5603384519504131,0.8414381780700703,0.5954240436027224,False
PI3KAUC,3,3,0.6000000000000001,0.5530602643537499,0.8508110866817933,0.6032094725411948,False
PI3KAUC,3,3,0.7000000000000001,0.5444528853556024,0.8623627712850952,0.6124706221487409,False
PI3KAUC,3,3,0.8,0.5348104485477249,0.8760057041280694,0.6230796582997316,False
PI3KAUC,3,3,0.9,0.5244053277580403,0.8916425514934335,0.6349172223370559,False
PI3KAUC,3,3,1.0,0.5134798033771911,0.9091691590859348,0.6479181883128234,False
PI3KAUC,3,4,0.0,0.5732299440968792,0.8203087954040169,0.5839879830050065,False
PI3KAUC,3,4,0.1,0.5776363679872908,0.8171380658733641,0.5820306815540941,False
PI3KAUC,3,4,0.2,0.5795752289957199,0.8163176046434562,0.5820919937584649,True
PI3KAUC,3,4,0.3,0.579152133923365,0.81785429984768,0.5841819458523377,False
PI3KAUC,3,4,0.4,0.5765492086468428,0.8217347048084015,0.5883763675833537,False
PI3KAUC,3,4,0.5,0.5720054421605298,0.8279256195744736,0.5943060969322355,False
PI3KAUC,3,4,0.6000000000000001,0.5657946187805417,0.8363754834075448,0.6017179567868925,False
PI3KAUC,3,4,0.7000000000000001,0.5582041148469866,0.8470164453211024,0.6104973549445789,False
PI3KAUC,3,4,0.8,0.5495169459228535,0.8597669267259509,0.6208554544167978,False
PI3KAUC,3,4,0.9,0.5399983101612198,0.8745344658079419,0.6326470857594837,False
PI3KAUC,3,4,1.0,0.5298868422977349,0.8912186373834883,0.645543606187263,False
PI3KAUC,3,5,0.0,0.567892216031381,0.8333508314504445,0.5875506153989732,False
PI3KAUC,3,5,0.1,0.572559838520167,0.829778912200184,0.5844947191905228,False
PI3KAUC,3,5,0.2,0.5748566605028553,0.8285679135526898,0.5834394746075943,True
PI3KAUC,3,5,0.3,0.5748551053792519,0.8297282119455005,0.5847335169502874,False
PI3KAUC,3,5,0.4,0.5727027561639416,0.8332499260064916,0.58796541391047,False
PI3KAUC,3,5,0.5,0.5686062441940025,0.8391033335054425,0.5931026114473152,False
PI3KAUC,3,5,0.6000000000000001,0.5628119510460827,0.8472401039099697,0.5999483310170663,False
PI3KAUC,3,5,0.7000000000000001,0.5555864541662443,0.8575952299802386,0.6084571355423576,False
PI3KAUC,3,5,0.8,0.5471990705321506,0.8700894850104529,0.618415409922141,False
PI3KAUC,3,5,0.9,0.5379079549120821,0.8846322023121143,0.6298764084739564,False
PI3KAUC,3,5,1.0,0.5279502970912994,0.9011241716543014,0.6426519489741473,False
PI3KAUC,3,6,0.0,0.5602087934779763,0.8366473692269976,0.5901011248587036,False
PI3KAUC,3,6,0.1,0.5635580435916181,0.8343124904462714,0.5877169144257672,False
PI3KAUC,3,6,0.2,0.5644645754646106,0.8343670185963996,0.5875993863481686,True
PI3KAUC,3,6,0.3,0.563037292111354,0.8368109832664871,0.5895612087305249,False
PI3KAUC,3,6,0.4,0.559461930795411,0.8416237731889975,0.5933854546018362,False
PI3KAUC,3,6,0.5,0.5539810505399995,0.8487650070497736,0.5990760287940636,False
PI3KAUC,3,6,0.6000000000000001,0.5468716891289852,0.8581762101811894,0.6066638831220921,False
PI3KAUC,3,6,0.7000000000000001,0.5384239840806547,0.8697831373063094,0.6157700736415046,False
PI3KAUC,3,6,0.8,0.5289231247552921,0.8834985340134118,0.6263788958371503,False
PI3KAUC,3,6,0.9,0.5186358537084292,0.8992251139419114,0.6384386381701183,False
PI3KAUC,3,6,1.0,0.5078017119268922,0.9168585424954164,0.6516571002865325,False
PI3KAUC,3,7,0.0,0.5628341346989922,0.8264761458449499,0.5841999813859216,False
PI3KAUC,3,7,0.1,0.5659837997228966,0.8242600239652269,0.5821462716745758,False
PI3KAUC,3,7,0.2,0.5669388481961098,0.8241761273346668,0.5819915949356128,True
PI3KAUC,3,7,0.3,0.5657871553051603,0.8262251120652717,0.5836755973219431,False
PI3KAUC,3,7,0.4,0.5626800161297942,0.8303908155674373,0.5872301890551391,False
PI3KAUC,3,7,0.5,0.5578172149673895,0.8366408999923405,0.5923912301963496,False
PI3KAUC,3,7,0.6000000000000001,0.5514299737521478,0.8449281017936633,0.5991200005340209,False
PI3KAUC,3,7,0.7000000000000001,0.543764157356691,0.8551919765320909,0.6071587466742142,False
PI3KAUC,3,7,0.8,0.5350655630224976,0.8673609940381869,0.6165317689946744,False
PI3KAUC,3,7,0.9,0.5255683662702879,0.8813548256605598,0.6272773924768293,False
PI3KAUC,3,7,1.0,0.5154870682002007,0.8970866715880217,0.6391420407411447,False
PI3KAUC,3,8,0.0,0.563112058069801,0.8394416322161147,0.5915971142932771,False
PI3KAUC,3,8,0.1,0.5660985543052331,0.83727188024769,0.5896291291051798,False
PI3KAUC,3,8,0.2,0.5667432519407284,0.8374149660473972,0.5897430767279139,True
PI3KAUC,3,8,0.3,0.5651414270666577,0.8398691797557873,0.5917996512602473,False
PI3KAUC,3,8,0.4,0.5614606528496332,0.8446136329203568,0.5959063976295351,False
PI3KAUC,3,8,0.5,0.5559234174200648,0.8516091421353339,0.6017321140016437,False
PI3KAUC,3,8,0.6000000000000001,0.5487871725866118,0.8607998187637964,0.6092468352437244,False
PI3KAUC,3,8,0.7000000000000001,0.5403247489176273,0.8721152179265775,0.6184947063300208,False
PI3KAUC,3,8,0.8,0.5308073664261929,0.8854728629095316,0.6291974416494547,False
PI3KAUC,3,8,0.9,0.5204915082822271,0.9007809508078168,0.6412233580375981,False
PI3KAUC,3,8,1.0,0.5096100133668768,0.917941058980044,0.6544109261872126,False
PI3KAUC,3,9,0.0,0.5555423242712318,0.8475228861645082,0.5930683793676161,False
PI3KAUC,3,9,0.1,0.5594752904283912,0.844773318382132,0.5906895255639066,False
PI3KAUC,3,9,0.2,0.561001468085742,0.8444407650010632,0.5905943403198352,True
PI3KAUC,3,9,0.3,0.5602216289711082,0.8465274470243187,0.5925420918885115,False
PI3KAUC,3,9,0.4,0.5573115719368833,0.8510148650409779,0.5964049875967816,False
PI3KAUC,3,9,0.5,0.5525030803711711,0.8578646072791887,0.6021526709698485,False
PI3KAUC,3,9,0.6000000000000001,0.5460625776284608,0.8670199562822132,0.6099227021617836,False
PI3KAUC,3,9,0.7000000000000001,0.5382705874218252,0.8784081417994838,0.6196183651066549,False
PI3KAUC,3,9,0.8,0.5294042560760023,0.8919430409900053,0.6310011573511766,False
PI3KAUC,3,9,0.9,0.5197241302474149,0.907528110407981,0.6437970652357508,False
PI3KAUC,3,9,1.0,0.5094654249777387,0.9250593455921996,0.6577953552609126,False
PI3KAUC,3,10,0.0,0.5645213284233586,0.8282044297132071,0.5889269253429769,False
PI3KAUC,3,10,0.1,0.5684816379309858,0.8250941903386557,0.5861590333403608,False
PI3KAUC,3,10,0.2,0.5700825037171077,0.8242513277007232,0.5855683612169643,True
PI3KAUC,3,10,0.3,0.5693769730109902,0.8256825160206922,0.5869859083005872,False
PI3KAUC,3,10,0.4,0.566497576874662,0.8293755420533595,0.5901211436030824,False
PI3KAUC,3,10,0.5,0.5616417530380134,0.8352998251113462,0.5951703940523975,False
PI3KAUC,3,10,0.6000000000000001,0.5550528756760175,0.843407668204366,0.60196356045531,False
PI3KAUC,3,10,0.7000000000000001,0.5470000087170905,0.8536361230973292,0.610239855772652,False
PI3KAUC,3,10,0.8,0.5377591133736853,0.8659093053288973,0.6200272051909319,False
PI3KAUC,3,10,0.9,0.5275975754576054,0.8801409732570074,0.6313424241815344,False
PI3KAUC,3,10,1.0,0.5167629234868218,0.8962371879625255,0.6440054667158812,False
PI3KAUC,4,1,0.0,0.5587800329346605,0.8380971874624905,0.5895555652154887,False
PI3KAUC,4,1,0.1,0.5628815212710834,0.835054486225401,0.5874923263579237,False
PI3KAUC,4,1,0.2,0.5645570623469268,0.8343824705483087,0.587267959171262,True
PI3KAUC,4,1,0.3,0.5638951568790874,0.8360870852370352,0.5891804254500894,False
PI3KAUC,4,1,0.4,0.5610633647532405,0.8401534397950632,0.5932028341711151,False
PI3KAUC,4,1,0.5,0.5562898707976675,0.8465464672060298,0.5990771947466733,False
PI3KAUC,4,1,0.6000000000000001,0.5498418190777814,0.8552124465972488,0.6065324725667607,False
PI3KAUC,4,1,0.7000000000000001,0.5420038050331438,0.8660812353472082,0.6155854485062024,False
PI3KAUC,4,1,0.8,0.5330591551740909,0.8790689983452621,0.6262174950554862,False
PI3KAUC,4,1,0.9,0.5232755101831845,0.8940811995555527,0.6381493465899617,False
PI3KAUC,4,1,1.0,0.5128951450439991,0.9110156322053002,0.6515425673813018,False
PI3KAUC,4,2,0.0,0.5631210980818409,0.8302202716942597,0.588048867395633,False
PI3KAUC,4,2,0.1,0.567127077194127,0.827363753414591,0.5856218077231559,False
PI3KAUC,4,2,0.2,0.5686186241473667,0.826903600003815,0.5852862815246663,True
PI3KAUC,4,2,0.3,0.5677046069755478,0.8288437438825426,0.5870945087134197,False
PI3KAUC,4,2,0.4,0.5645751232921341,0.8331669908202721,0.5907761794720142,False
PI3KAUC,4,2,0.5,0.5594802484419036,0.8398357842538633,0.5962157086814981,False
PI3KAUC,4,2,0.6000000000000001,0.552706231007176,0.8487938258373859,0.6033753255111935,False
PI3KAUC,4,2,0.7000000000000001,0.5445527624473677,0.8599683910472653,0.6121279809733731,False
PI3KAUC,4,2,0.8,0.5353139068798123,0.8732731249350552,0.6223435170443079,False
PI3KAUC,4,2,0.9,0.5252639863093499,0.8886110837879263,0.6339951900362897,False
PI3KAUC,4,2,1.0,0.514648579840253,0.9058778013979418,0.6469557253856727,False
PI3KAUC,4,3,0.0,0.5606099905196752,0.830591031016357,0.5903698175917983,False
PI3KAUC,4,3,0.1,0.564022307994352,0.8281312137275079,0.5874910948799006,False
PI3KAUC,4,3,0.2,0.5650019038850502,0.8279810631207918,0.586680915502394,True
PI3KAUC,4,3,0.3,0.5636442074870908,0.8301429898440554,0.5878244824008444,False
PI3KAUC,4,3,0.4,0.5601246421375924,0.8345996943957914,0.5909094827878664,False
PI3KAUC,4,3,0.5,0.5546791896281765,0.8413148655952838,0.5957267979068471,False
PI3KAUC,4,3,0.6000000000000001,0.5475818388027287,0.8502346623812456,0.6024218372457459,False
PI3KAUC,4,3,0.7000000000000001,0.5391224925375802,0.8612898383936566,0.6107372994134961,False
PI3KAUC,4,3,0.8,0.5295880189964252,0.8743983180764555,0.6205094788124648,False
PI3KAUC,4,3,0.9,0.5192479104300431,0.8894680123799892,0.6318110033465553,False
PI3KAUC,4,3,1.0,0.5083448744540152,0.9063996707219476,0.6443945591159455,False
PI3KAUC,4,4,0.0,0.5701636307794037,0.8306434826506124,0.5863481733675184,False
PI3KAUC,4,4,0.1,0.5743730550428955,0.827515756624619,0.583807232166345,False
PI3KAUC,4,4,0.2,0.5761963287706231,0.8266963042356614,0.5832627173112435,True
PI3KAUC,4,4,0.3,0.5757229905235786,0.8281917567249806,0.5847282670073757,False
PI3KAUC,4,4,0.4,0.5731162083260971,0.8319892779740821,0.5881143802271435,False
PI3KAUC,4,4,0.5,0.56859535525946,0.8380571150217258,0.5935020388568126,False
PI3KAUC,4,4,0.6000000000000001,0.5624159810377133,0.8463459093574315,0.6007302696173648,False
PI3KAUC,4,4,0.7000000000000001,0.5548501224356042,0.8567906448674798,0.6096937137079514,False
PI3KAUC,4,4,0.8,0.5461691880673797,0.8693130596098257,0.6201571706965341,False
PI3KAUC,4,4,0.9,0.5366306916696238,0.8838243262679851,0.6320880794209762,False
PI3KAUC,4,4,1.0,0.5264691970286582,0.9002278099127947,0.6452772269827259,False
PI3KAUC,4,5,0.0,0.5623163791503784,0.8305725280391606,0.5895214512444642,False
PI3KAUC,4,5,0.1,0.5661559834652381,0.8279582305462586,0.5873450600188865,False
PI3KAUC,4,5,0.2,0.5675616564390373,0.8277023168171374,0.5871353286716875,True
PI3KAUC,4,5,0.3,0.5666412077816496,0.8298063648528249,0.5889931375916875,False
PI3KAUC,4,5,0.4,0.5635779854280674,0.8342518036963671,0.5930475903312822,False
PI3KAUC,4,5,0.5,0.5586112941728519,0.8410007260227419,0.599024750320032,False
PI3KAUC,4,5,0.6000000000000001,0.5520144811554346,0.8499974706125133,0.6066379564202418,False
PI3KAUC,4,5,0.7000000000000001,0.5440739119583826,0.8611708250904156,0.6158971498107914,False
PI3KAUC,4,5,0.8,0.535071182959897,0.8744366557624522,0.6267024468673494,False
PI3KAUC,4,5,0.9,0.5252697962350894,0.8897007564657399,0.6389932407605718,False
PI3KAUC,4,5,1.0,0.514906509851164,0.9068617199915078,0.6524853649818874,False
PI3KAUC,4,6,0.0,0.5660799088099291,0.829503292233225,0.5880208790395003,False
PI3KAUC,4,6,0.1,0.5699455810536226,0.8266871671061855,0.5857614454500055,False
PI3KAUC,4,6,0.2,0.5713190194384802,0.8262899642227766,0.5853873808734289,True
PI3KAUC,4,6,0.3,0.5702992410780383,0.8283146425285508,0.58727954348957,False
PI3KAUC,4,6,0.4,0.5670665385341982,0.832743005321009,0.5914090147993482,False
PI3KAUC,4,6,0.5,0.5618625952820566,0.8395365079493443,0.5974951151672179,False
PI3KAUC,4,6,0.6000000000000001,0.5549675476913669,0.8486378957840575,0.6054287500187882,False
PI3KAUC,4,6,0.7000000000000001,0.546677550841418,0.859973514857414,0.6150278207401509,False
PI3KAUC,4,6,0.8,0.5372855271141519,0.8734560884490152,0.6260717182853264,False
PI3KAUC,4,6,0.9,0.5270665707117262,0.8889877351000341,0.6382912758590258,False
PI3KAUC,4,6,1.0,0.516268350380782,0.9064630151543868,0.6516323784075014,False
PI3KAUC,4,7,0.0,0.566241149879086,0.8414375920296366,0.5937163999931608,False
PI3KAUC,4,7,0.1,0.5698731860867954,0.8387083446998025,0.5909832116532212,False
PI3KAUC,4,7,0.2,0.5712109362814818,0.8383410397672911,0.5902141367585548,True
PI3KAUC,4,7,0.3,0.5703313351354831,0.8403381831622614,0.5914979692960511,False
PI3KAUC,4,7,0.4,0.5673826335849432,0.8446822862148885,0.5947188762484368,False
PI3KAUC,4,7,0.5,0.5625689563314912,0.8513366258753938,0.5998231513760949,False
PI3KAUC,4,7,0.6000000000000001,0.5561318265526338,0.8602467686468438,0.6069219159773895,False
PI3KAUC,4,7,0.7000000000000001,0.5483314500269334,0.8713427143549655,0.6157056553350202,False
PI3KAUC,4,7,0.8,0.5394300116512293,0.8845414717423086,0.6259836458299358,False
PI3KAUC,4,7,0.9,0.5296783819551386,0.899749861774057,0.6377214264816081,False
PI3KAUC,4,7,1.0,0.5193067568686879,0.916867354711562,0.6509321250382334,False
PI3KAUC,4,8,0.0,0.5608146588320678,0.8334244129840418,0.5860252395921941,False
PI3KAUC,4,8,0.1,0.5647081516126796,0.8304692338263724,0.5832585370400428,False
PI3KAUC,4,8,0.2,0.5662422907251464,0.8298442466167844,0.5824634464772055,True
PI3KAUC,4,8,0.3,0.5654845441593703,0.8315545998077131,0.583766748149617,False
PI3KAUC,4,8,0.4,0.5625796828324235,0.8355858351703643,0.5871171219951573,False
PI3KAUC,4,8,0.5,0.5577340385777192,0.8419044917147577,0.5923878690439975,False
PI3KAUC,4,8,0.6000000000000001,0.5511960588921434,0.8504594660293039,0.5994330130284931,False
PI3KAUC,4,8,0.7000000000000001,0.5432362174053604,0.8611840032533159,0.6083526943404365,False
PI3KAUC,4,8,0.8,0.5341288244430641,0.8739981452946288,0.6188345087892408,False
PI3KAUC,4,8,0.9,0.5241373778278844,0.8888114411822657,0.6306509342079716,False
PI3KAUC,4,8,1.0,0.5135041305056495,0.9055257284271772,0.6438812392954132,False
PI3KAUC,4,9,0.0,0.5720236502449152,0.8262287045661421,0.586754682773453,False
PI3KAUC,4,9,0.1,0.5767313143010167,0.8227365832165658,0.5842024250852447,False
PI3KAUC,4,9,0.2,0.5789290112712752,0.8216208770258371,0.5837269388202817,True
PI3KAUC,4,9,0.3,0.578714349377589,0.8228912169176491,0.5851807758679138,False
PI3KAUC,4,9,0.4,0.5762648121495423,0.8265365545246428,0.5885281032481976,False
PI3KAUC,4,9,0.5,0.5718179730959208,0.832525637358146,0.5935219733285029,False
PI3KAUC,4,9,0.6000000000000001,0.565649062272845,0.8408083234497343,0.6003776085600326,False
PI3KAUC,4,9,0.7000000000000001,0.5580492307795921,0.8513176095138177,0.6089265519609054,False
PI3KAUC,4,9,0.8,0.5493069724888702,0.8639721887248604,0.6187534377109867,False
PI3KAUC,4,9,0.9,0.539694023300564,0.8786793249187198,0.6299513301399067,False
PI3KAUC,4,9,1.0,0.5294560194550061,0.8953378303220484,0.6425346502875796,False
PI3KAUC,4,10,0.0,0.5662353587195978,0.8315403644587308,0.5877067507519769,False
PI3KAUC,4,10,0.1,0.5715767580487293,0.8274034070376673,0.5850767563302387,False
PI3KAUC,4,10,0.2,0.5743492475047836,0.8257469429197233,0.584601711041995,False
PI3KAUC,4,10,0.3,0.5746226415257477,0.8265864929421796,0.5862994824526602,True
PI3KAUC,4,10,0.4,0.5725566694855055,0.8299149435272912,0.5899581497069398,False
PI3KAUC,4,10,0.5,0.5683823775359759,0.8357028447779327,0.5955039342564652,False
PI3KAUC,4,10,0.6000000000000001,0.5623788016630586,0.8438997002865873,0.602858167564396,False
PI3KAUC,4,10,0.7000000000000001,0.5548488330976877,0.8544361187312252,0.6119765968459581,False
PI3KAUC,4,10,0.8,0.5460975756963677,0.8672266192139212,0.62270740958872,False
PI3KAUC,4,10,0.9,0.5364152879949977,0.8821728392384287,0.6349341769750237,False
PI3KAUC,4,10,1.0,0.5260656929049208,0.8991668892106407,0.6484262398278845,False
PI3KAUC,5,1,0.0,0.5542277303213182,0.8381340452619309,0.5922845697011689,False
PI3KAUC,5,1,0.1,0.5582303807679827,0.8351783079285727,0.5903060386697492,False
PI3KAUC,5,1,0.2,0.5599134780373811,0.8344543915400215,0.5902630176457302,True
PI3KAUC,5,1,0.3,0.5593501931216122,0.8359687441723753,0.5920755663231618,False
PI3KAUC,5,1,0.4,0.5566889606602594,0.8397094366940016,0.5957279825712216,False
PI3KAUC,5,1,0.5,0.5521369506788129,0.845646639010144,0.6011176016278781,False
PI3KAUC,5,1,0.6000000000000001,0.5459403202952262,0.8537338168320842,0.608087661420195,False
PI3KAUC,5,1,0.7000000000000001,0.5383643534430421,0.8639095369347916,0.6165606502126685,False
PI3KAUC,5,1,0.8,0.5296759265000913,0.8760997203124623,0.6265205508728484,False
PI3KAUC,5,1,0.9,0.5201297432451321,0.8902201591409439,0.6378835780092621,False
PI3KAUC,5,1,1.0,0.5099588101537881,0.906179115391754,0.6506093606052479,False
PI3KAUC,5,2,0.0,0.5699593603731504,0.8236972600750674,0.5844685800531495,False
PI3KAUC,5,2,0.1,0.5738873982061832,0.8207774142964761,0.5818260221619892,False
PI3KAUC,5,2,0.2,0.5754823965179313,0.8201176965827465,0.5811861560192895,True
PI3KAUC,5,2,0.3,0.5748260443751825,0.821723099149396,0.5823057627801791,False
PI3KAUC,5,2,0.4,0.5720713226281832,0.8255799454948161,0.5856386434923723,False
PI3KAUC,5,2,0.5,0.5674266700812047,0.8316564653108948,0.5910228191788697,False
PI3KAUC,5,2,0.6000000000000001,0.5611373645791735,0.8399040748925971,0.5982041952568202,False
PI3KAUC,5,2,0.7000000000000001,0.5534668288052134,0.8502592459117073,0.6068861121473927,False
PI3KAUC,5,2,0.8,0.5446800192244028,0.862645802285255,0.6167685733133006,False
PI3KAUC,5,2,0.9,0.5350302268294526,0.8769774652007382,0.6279076533798632,False
PI3KAUC,5,2,1.0,0.5247497810178301,0.8931604698846561,0.6403016763014302,False
PI3KAUC,5,3,0.0,0.5661321654945978,0.8301500149214096,0.5875295347454523,False
PI3KAUC,5,3,0.1,0.5698268670297996,0.8275043458231869,0.5851537005700562,False
PI3KAUC,5,3,0.2,0.5712033814310324,0.8272116423291072,0.5846589271607527,True
PI3KAUC,5,3,0.3,0.5703512309303945,0.829274791075127,0.5861155971796688,False
PI3KAUC,5,3,0.4,0.5674300485432422,0.8336766733359371,0.589718643133981,False
PI3KAUC,5,3,0.5,0.5626530821502089,0.8403808672981039,0.5954457931482487,False
PI3KAUC,5,3,0.6000000000000001,0.5562682207886744,0.849333123730505,0.603110092458261,False
PI3KAUC,5,3,0.7000000000000001,0.5485392830990885,0.8604634790934643,0.6125187627633479,False
PI3KAUC,5,3,0.8,0.5397296733210803,0.8736888221614812,0.6234655432495353,False
PI3KAUC,5,3,0.9,0.5300896304800535,0.8889157097057222,0.6357330947600367,False
PI3KAUC,5,3,1.0,0.5198474490184137,0.9060432331721456,0.6491153149448625,False
PI3KAUC,5,4,0.0,0.5685194512120916,0.8319319037307349,0.5886200503885919,False
PI3KAUC,5,4,0.1,0.5713823018396497,0.8299630649648332,0.5867113060799387,False
PI3KAUC,5,4,0.2,0.5719156982456839,0.8302818950973292,0.5868523328763331,True
PI3KAUC,5,4,0.3,0.5702249801071876,0.8328849111152328,0.5888435052819292,False
PI3KAUC,5,4,0.4,0.566484427741205,0.8377501378923291,0.5928097732642263,False
PI3KAUC,5,4,0.5,0.5609197620033566,0.8448380132725551,0.5985513024414703,False
PI3KAUC,5,4,0.6000000000000001,0.553788565892618,0.8540929374440462,0.6060152756845898,False
PI3KAUC,5,4,0.7000000000000001,0.5453613799612559,0.8654453311778777,0.615140757501895,False
PI3KAUC,5,4,0.8,0.5359055068411991,0.878814036679492,0.6257514976631338,False
PI3KAUC,5,4,0.9,0.5256726385866279,0.8941088863154171,0.6375364426677541,False
PI3KAUC,5,4,1.0,0.5148905695768403,0.9112332761506258,0.6505405680960521,False
PI3KAUC,5,5,0.0,0.5496312713336691,0.8468929757431042,0.5938153934858676,False
PI3KAUC,5,5,0.1,0.5530190207091102,0.8443924066663847,0.5910642055664512,False
PI3KAUC,5,5,0.2,0.5541686556625751,0.8441645824474321,0.5906162901691847,True
PI3KAUC,5,5,0.3,0.5531592253545375,0.8462115986314025,0.5921944194173214,False
PI3KAUC,5,5,0.4,0.5501390250927038,0.8505168390361441,0.5955742575780104,False
PI3KAUC,5,5,0.5,0.5453101256885877,0.8570456604306006,0.6007683278153725,False
PI3KAUC,5,5,0.6000000000000001,0.5389101362931117,0.8657467856651306,0.6077969455147587,False
PI3KAUC,5,5,0.7000000000000001,0.5311939231671812,0.8765542760795182,0.6164642938277133,False
PI3KAUC,5,5,0.8,0.5224174340434792,0.8893899119898944,0.6266490450873394,False
PI3KAUC,5,5,0.9,0.512824925726455,0.9041657935620128,0.6382494321038408,False
PI3KAUC,5,5,1.0,0.5026400464379852,0.9207869822354507,0.6511826379580301,False
PI3KAUC,5,6,0.0,0.5586891058820912,0.8403494133567089,0.5943726705963956,False
PI3KAUC,5,6,0.1,0.5625901104737823,0.8374030736966673,0.5923769807161108,False
PI3KAUC,5,6,0.2,0.5641318500323667,0.8367954549642114,0.5922327621007003,True
PI3KAUC,5,6,0.3,0.5633910369443046,0.8385313146370544,0.5938262996318933,False
PI3KAUC,5,6,0.4,0.5605207347097141,0.8425956988155516,0.5973252271978562,False
PI3KAUC,5,6,0.5,0.5557335137082886,0.8489545797460394,0.6024684244682775,False
PI3KAUC,5,6,0.6000000000000001,0.549281387807426,0.8575562550610913,0.60915931012375,False
PI3KAUC,5,6,0.7000000000000001,0.5414356412953361,0.868333377759521,0.617384860596685,False
PI3KAUC,5,6,0.8,0.5324689946919372,0.8812054387048832,0.6270599219944035,False
PI3KAUC,5,6,0.9,0.5226415743128525,0.8960815029576678,0.6381921841358482,False
PI3KAUC,5,6,1.0,0.5121911802803402,0.9128630069936752,0.6506722713592709,False
PI3KAUC,5,7,0.0,0.5759434542872885,0.8224197665193784,0.5864979361522428,False
PI3KAUC,5,7,0.1,0.5800384351899103,0.8194265922730299,0.5842015048715743,False
PI3KAUC,5,7,0.2,0.5816061176650942,0.8188329663846741,0.5837278641085106,True
PI3KAUC,5,7,0.3,0.5807558178390091,0.8206437389050325,0.5854825725355317,False
PI3KAUC,5,7,0.4,0.5776764745148452,0.8248425877465857,0.5892686107074063,False
PI3KAUC,5,7,0.5,0.5726161062865247,0.831392749133337,0.5950104644882269,False
PI3KAUC,5,7,0.6000000000000001,0.5658587744909498,0.8402385985427687,0.6025015108735019,False
PI3KAUC,5,7,0.7000000000000001,0.5577024685927461,0.8513079274005679,0.6117261639910356,False
PI3KAUC,5,7,0.8,0.5484403966766391,0.8645147076838029,0.6225794999861378,False
PI3KAUC,5,7,0.9,0.5383469759767644,0.8797621158340719,0.6349642206428546,False
PI3KAUC,5,7,1.0,0.5276687454275985,0.8969455974969824,0.6486123081971094,False
PI3KAUC,5,8,0.0,0.5581756673231999,0.837666660500773,0.5941230981370136,False
PI3KAUC,5,8,0.1,0.5607994285322224,0.8359146294078723,0.5923191351225728,False
PI3KAUC,5,8,0.2,0.5609694004839987,0.8366155491901767,0.592467547438755,True
PI3KAUC,5,8,0.3,0.5587994417841998,0.8397624894832644,0.5948164615545891,False
PI3KAUC,5,8,0.4,0.5544810287570753,0.845327275148321,0.5990552687039731,False
PI3KAUC,5,8,0.5,0.5482630201297509,0.8532617282382027,0.6052179424233473,False
PI3KAUC,5,8,0.6000000000000001,0.5404289760865201,0.8634996907035022,0.6133313274307387,False
PI3KAUC,5,8,0.7000000000000001,0.5312753840982912,0.8759596372887021,0.6231920764838791,False
PI3KAUC,5,8,0.8,0.5210932300559857,0.8905476531555727,0.6345197109802758,False
PI3KAUC,5,8,0.9,0.51015419343368,0.9071605481681492,0.6472932745664487,False
PI3KAUC,5,8,1.0,0.4987016963149338,0.9256889044082464,0.6612998582450528,False
PI3KAUC,5,9,0.0,0.5520461698636134,0.8447283591443758,0.591516830455239,False
PI3KAUC,5,9,0.1,0.5558578692038473,0.8419053120997282,0.5891135540423058,False
PI3KAUC,5,9,0.2,0.5572500496137325,0.8413758208192952,0.5888122647263826,True
PI3KAUC,5,9,0.3,0.5563030805469137,0.8431439585708791,0.5905546375978883,False
PI3KAUC,5,9,0.4,0.5531792104180723,0.8471948583631683,0.5943452713420475,False
PI3KAUC,5,9,0.5,0.5481041316939816,0.8534953352043937,0.5999625334686478,False
PI3KAUC,5,9,0.6000000000000001,0.5413448936263354,0.8619952277699969,0.6072255735663333,False
PI3KAUC,5,9,0.7000000000000001,0.5331877603297508,0.872629335481929,0.6160207254208752,False
PI3KAUC,5,9,0.8,0.5239188255600824,0.8853197831352201,0.6260913057976526,False
PI3KAUC,5,9,0.9,0.5138090168502538,0.8999786263030117,0.6375850191614999,False
PI3KAUC,5,9,1.0,0.5031039739378765,0.9165105161914454,0.6503790776622962,False
PI3KAUC,5,10,0.0,0.5686219495646716,0.8263098191570457,0.5850618650808513,False
PI3KAUC,5,10,0.1,0.5713512151788247,0.8244756679430184,0.5830476377042842,False
PI3KAUC,5,10,0.2,0.5717098887412074,0.8249676334100668,0.5830819316389553,True
PI3KAUC,5,10,0.3,0.5698137511347616,0.8277814211859912,0.5853610827174186,False
PI3KAUC,5,10,0.4,0.5658485864273922,0.8328932232492262,0.5897687310353248,False
PI3KAUC,5,10,0.5,0.5600515167566344,0.8402607164332385,0.5961881560947166,False
PI3KAUC,5,10,0.6000000000000001,0.5526904539877124,0.8498247759227224,0.6043705511834584,False
PI3KAUC,5,10,0.7000000000000001,0.5440445310089114,0.8615117464334006,0.6141619767379193,False
PI3KAUC,5,10,0.8,0.53438757527458,0.8752360778548004,0.6253676972752878,False
PI3KAUC,5,10,0.9,0.5239756989422076,0.8909031240106842,0.6378761366644949,False
PI3KAUC,5,10,1.0,0.5130391910182659,0.9084119197267128,0.6516401906152068,False
PI3KAUC,6,1,0.0,0.5713629699005034,0.8281005697241663,0.5848189169963438,False
PI3KAUC,6,1,0.1,0.5755350951441056,0.8250091525592091,0.5821497509392046,False
PI3KAUC,6,1,0.2,0.5772822137284764,0.8242607395833564,0.5814622413452615,True
PI3KAUC,6,1,0.3,0.576685485491464,0.8258598371863597,0.5829343693482215,False
PI3KAUC,6,1,0.4,0.5739039254163012,0.829790768434832,0.5861965801806914,False
PI3KAUC,6,1,0.5,0.5691570903370115,0.8360184430786923,0.591175611609188,False
PI3KAUC,6,1,0.6000000000000001,0.5627045232776592,0.8444899040077388,0.5979053217819061,False
PI3KAUC,6,1,0.7000000000000001,0.5548251074081504,0.855136495784126,0.6062401531681862,False
PI3KAUC,6,1,0.8,0.545798822200946,0.8678764598875957,0.6161798788638245,False
PI3KAUC,6,1,0.9,0.5358924009413621,0.882617749433298,0.6274953905106336,False
PI3KAUC,6,1,1.0,0.5253494003129586,0.8992608699608962,0.6401596867989723,False
PI3KAUC,6,2,0.0,0.5523020439871212,0.8380914599274167,0.5919832625363495,False
PI3KAUC,6,2,0.1,0.5548606609318328,0.83636394715591,0.5902043707776873,False
PI3KAUC,6,2,0.2,0.5550241902243236,0.8370054826463476,0.5904886570250178,True
PI3KAUC,6,2,0.3,0.552898965985535,0.8400107247235488,0.5926701119866425,False
PI3KAUC,6,2,0.4,0.548666651896266,0.8453545127442922,0.5968690351783369,False
PI3KAUC,6,2,0.5,0.5425656221821175,0.8529929043419845,0.6028745854133879,False
PI3KAUC,6,2,0.6000000000000001,0.5348696284830021,0.8628649333603475,0.6104148938302352,False
PI3KAUC,6,2,0.7000000000000001,0.5258668870971168,0.8748949295119208,0.6195603063670205,False
PI3KAUC,6,2,0.8,0.515841997849031,0.888995204601126,0.6301411214097278,False
PI3KAUC,6,2,0.9,0.5050620838706033,0.905068901753664,0.6422036197329518,False
PI3KAUC,6,2,1.0,0.4937675475108284,0.9230128205386036,0.6554729710778691,False
PI3KAUC,6,3,0.0,0.5598066266905404,0.8302741442059223,0.5864462483923604,False
PI3KAUC,6,3,0.1,0.5649881191797702,0.826303435662917,0.5832292560756425,False
PI3KAUC,6,3,0.2,0.5679280967082863,0.8244347243769987,0.5816964451127438,False
PI3KAUC,6,3,0.3,0.5686687909747057,0.8246822306657062,0.5820548007197128,True
PI3KAUC,6,3,0.4,0.5673231954703379,0.8270439470531997,0.5843445184137143,False
PI3KAUC,6,3,0.5,0.5640626735041868,0.8315017184978262,0.5883655063366603,False
PI3KAUC,6,3,0.6000000000000001,0.5591009757962105,0.8380219317700568,0.5940319430588608,False
PI3KAUC,6,3,0.7000000000000001,0.5526771066154607,0.8465567539390471,0.6014343321069401,False
PI3KAUC,6,3,0.8,0.5450391940726554,0.8570458164357962,0.6102692074999048,False
PI3KAUC,6,3,0.9,0.5364308893302174,0.8694182127451656,0.6204705194439735,False
PI3KAUC,6,3,1.0,0.5270810788370625,0.8835946669809367,0.6317770956167376,False
PI3KAUC,6,4,0.0,0.5637060769404559,0.829813975142241,0.5913630907624937,False
PI3KAUC,6,4,0.1,0.5670574350741051,0.8271747394697998,0.5892276789510011,False
PI3KAUC,6,4,0.2,0.5679991062708601,0.8268805898361391,0.5891083291530863,True
PI3KAUC,6,4,0.3,0.5665942300596039,0.8289337770944016,0.5912272157288652,False
PI3KAUC,6,4,0.4,0.5629875413098722,0.8333167578090928,0.5952958036757067,False
PI3KAUC,6,4,0.5,0.5573895992348895,0.8399929324960992,0.6011155377435087,False
PI3KAUC,6,4,0.6000000000000001,0.5500567268971509,0.848908134371259,0.6085619720601942,False
PI3KAUC,6,4,0.7000000000000001,0.5412699041214422,0.8599927317211054,0.6175613109841028,False
PI3KAUC,6,4,0.8,0.5313153910765689,0.8731641629515513,0.627995886235271,False
PI3KAUC,6,4,0.9,0.5204689373655832,0.8883297057522583,0.6397994450059177,False
PI3KAUC,6,4,1.0,0.5089844055787334,0.9053892895715108,0.6528435530947687,False
PI3KAUC,6,5,0.0,0.5593761299726789,0.8355524458283231,0.5898831653760933,False
PI3KAUC,6,5,0.1,0.5647007252701723,0.8314926793668935,0.5866320090329387,False
PI3KAUC,6,5,0.2,0.5673624531733062,0.8299760042576239,0.5857155106907868,False
PI3KAUC,6,5,0.3,0.5674393555173732,0.8310165634744537,0.5869521423307917,True
PI3KAUC,6,5,0.4,0.5651069824556199,0.8346045367226067,0.5903266802606479,False
PI3KAUC,6,5,0.5,0.5606163247166525,0.8407066061852925,0.5957741267112244,False
PI3KAUC,6,5,0.6000000000000001,0.5542670974299498,0.849267500281897,0.6030255132792435,False
PI3KAUC,6,5,0.7000000000000001,0.5463810101905537,0.8602124501942612,0.6119341435770174,False
PI3KAUC,6,5,0.8,0.5372786016275028,0.8734503113737487,0.6223109442063046,False
PI3KAUC,6,5,0.9,0.5272616436401362,0.8888770630598917,0.6341922559505238,False
PI3KAUC,6,5,1.0,0.5166016173669935,0.9063794037215436,0.6476115801798493,False
PI3KAUC,6,6,0.0,0.566301165169677,0.8287206812646005,0.5867768543712536,False
PI3KAUC,6,6,0.1,0.5700603747177276,0.8259448213264694,0.5842161124934828,False
PI3KAUC,6,6,0.2,0.5714071656361002,0.8255489276202912,0.5839010901506348,True
PI3KAUC,6,6,0.3,0.5704315984043467,0.8275362229755607,0.5857681318783889,False
PI3KAUC,6,6,0.4,0.5673004017229394,0.8318893264773916,0.5893563431823345,False
PI3KAUC,6,6,0.5,0.5622391235855408,0.8385710079696498,0.5947661465871371,False
PI3KAUC,6,6,0.6000000000000001,0.5555112917115024,0.8475257510120897,0.6019278019123433,False
PI3KAUC,6,6,0.7000000000000001,0.5473977393363633,0.8586819749208136,0.6107424897970382,False
PI3KAUC,6,6,0.8,0.5381785440811967,0.8719547174659675,0.6210125801434664,False
PI3KAUC,6,6,0.9,0.5281190074687683,0.8872485609835538,0.6326341419713868,False
PI3KAUC,6,6,1.0,0.5174601103789331,0.9044605946039096,0.6454358418005965,False
PI3KAUC,6,7,0.0,0.5587323945384373,0.8364048082156206,0.5871539657742126,False
PI3KAUC,6,7,0.1,0.5619961816444436,0.8342453626091799,0.585721379314611,False
PI3KAUC,6,7,0.2,0.5626772117296213,0.8345876403248182,0.5864870715958383,True
PI3KAUC,6,7,0.3,0.5609171266152555,0.8374285361950531,0.5892055919216358,False
PI3KAUC,6,7,0.4,0.5569400999285146,0.8427420735381093,0.5938560133588503,False
PI3KAUC,6,7,0.5,0.5510276681420915,0.8504806036043144,0.6004950914426204,False
PI3KAUC,6,7,0.6000000000000001,0.543492023769927,0.8605769356101538,0.6091619058464741,False
PI3KAUC,6,7,0.7000000000000001,0.5346517348437743,0.8729471776433376,0.6195643428189579,False
PI3KAUC,6,7,0.8,0.5248124111469158,0.8874940185473579,0.631278056474389,False
PI3KAUC,6,7,0.9,0.5142532880528512,0.9041101745371292,0.6444292307676431,False
PI3KAUC,6,7,1.0,0.5032194768853244,0.9226817551727,0.6588526166006006,False
PI3KAUC,6,8,0.0,0.5681064959953359,0.8373253572465632,0.5925699712314683,False
PI3KAUC,6,8,0.1,0.5716649864809024,0.834664662105325,0.5897936660946378,False
PI3KAUC,6,8,0.2,0.5729873525222674,0.8342564717219334,0.5889786302517654,True
PI3KAUC,6,8,0.3,0.5721495109550546,0.8361039032211052,0.5903955248777877,False
PI3KAUC,6,8,0.4,0.5692944878784313,0.8401918368144285,0.5938307595546444,False
PI3KAUC,6,8,0.5,0.5646180021675857,0.8464875271260441,0.5992768604715881,False
PI3KAUC,6,8,0.6000000000000001,0.5583513044811704,0.8549418887623158,0.6064873293186042,False
PI3KAUC,6,8,0.7000000000000001,0.5507437726201607,0.865491341265457,0.6152583049065288,False
PI3KAUC,6,8,0.8,0.5420472947521418,0.8780600583560894,0.625357899319944,False
PI3KAUC,6,8,0.9,0.5325037249737279,0.8925624484902978,0.636648341706216,False
PI3KAUC,6,8,1.0,0.522335922682365,0.9089056978646424,0.6491310821046514,False
PI3KAUC,6,9,0.0,0.566969583146888,0.8275274231266903,0.5880474696302226,False
PI3KAUC,6,9,0.1,0.5701753796060963,0.8251837670312314,0.5860055423515442,False
PI3KAUC,6,9,0.2,0.5710115523534698,0.8251927183183646,0.5860611799663397,True
PI3KAUC,6,9,0.3,0.5695668789099783,0.827553710311115,0.588436962240566,False
PI3KAUC,6,9,0.4,0.5660049669658145,0.8322459963262888,0.5929425489153111,False
PI3KAUC,6,9,0.5,0.5605471740988072,0.8392295598283803,0.5993281283527203,False
PI3KAUC,6,9,0.6000000000000001,0.5534524716226558,0.848446795405558,0.607374938996563,False
PI3KAUC,6,9,0.7000000000000001,0.5449973079365688,0.8598247994569734,0.6169175096280771,False
PI3KAUC,6,9,0.8,0.5354578852298422,0.8732780677347252,0.6279258834010395,False
PI3KAUC,6,9,0.9,0.5250962949276538,0.8887113856197327,0.6402923500126447,False
PI3KAUC,6,9,1.0,0.5141509924361595,0.9060227130657348,0.6538267527139926,False
PI3KAUC,6,10,0.0,0.5614165867801579,0.8418092719242634,0.5940896964034057,False
PI3KAUC,6,10,0.1,0.5643217989366495,0.8397192319590312,0.5920149329358303,False
PI3KAUC,6,10,0.2,0.564934102935156,0.8398845898226094,0.5920569488612393,True
PI3KAUC,6,10,0.3,0.563345494095644,0.8423031179734768,0.5941409514929935,False
PI3KAUC,6,10,0.4,0.5597179552443478,0.8469544364998824,0.5979659787044437,False
PI3KAUC,6,10,0.5,0.5542664599782126,0.8538008617192807,0.6034694586650003,False
PI3KAUC,6,10,0.6000000000000001,0.5472397100076994,0.8627889003480368,0.6106194203518671,False
PI3KAUC,6,10,0.7000000000000001,0.5389013999347412,0.8738512549142762,0.6194623972101617,False
PI3KAUC,6,10,0.8,0.5295140553504105,0.8869091737093144,0.629899244846786,False
PI3KAUC,6,10,0.9,0.5193265596678588,0.90187496963806,0.6417374028219343,False
PI3KAUC,6,10,1.0,0.5085656467110674,0.9186545444989064,0.6547535170030728,False
PI3KAUC,7,1,0.0,0.5687698938039714,0.8339363462408971,0.5901972511506278,False
PI3KAUC,7,1,0.1,0.5733983487272045,0.8302724168358507,0.5872783561965979,False
PI3KAUC,7,1,0.2,0.575622859685596,0.8289427699901759,0.5864027262392714,True
PI3KAUC,7,1,0.3,0.575502335981299,0.829959191028877,0.5876270472254742,False
PI3KAUC,7,1,0.4,0.5731751760186526,0.8333135970648102,0.5906685418685311,False
PI3KAUC,7,1,0.5,0.5688438687834251,0.8389783547162235,0.5955266299291215,False
PI3KAUC,7,1,0.6000000000000001,0.562755608656697,0.8469074035406973,0.602083764150497,False
PI3KAUC,7,1,0.7000000000000001,0.5551819962133713,0.8570380804383066,0.6103295084516922,False
PI3KAUC,7,1,0.8,0.5464004359647843,0.869293481406516,0.6201832384962318,False
PI3KAUC,7,1,0.9,0.536678964690638,0.8835851636855756,0.6313740718385386,False
PI3KAUC,7,1,1.0,0.5262652790112132,0.8998159858096567,0.6438003202027912,False
PI3KAUC,7,2,0.0,0.5727286824419464,0.8236014668849476,0.5820956765658745,False
PI3KAUC,7,2,0.1,0.5766140483088086,0.8207031947121145,0.5796751124955539,False
PI3KAUC,7,2,0.2,0.5779234163467749,0.8202729896953789,0.5794402890233158,True
PI3KAUC,7,2,0.3,0.5767535076017529,0.8223143603686281,0.5813496908414704,False
PI3KAUC,7,2,0.4,0.5732874285218585,0.8268084283009953,0.5853568604726438,False
PI3KAUC,7,2,0.5,0.5677740550170653,0.8337147945229285,0.5912693824444053,False
PI3KAUC,7,2,0.6000000000000001,0.5605039738898584,0.8429733236652174,0.5990714582199061,False
PI3KAUC,7,2,0.7000000000000001,0.5517857729039534,0.8545066663808545,0.6087290141188784,False
PI3KAUC,7,2,0.8,0.5419255641853798,0.8682232841944522,0.6198270379183082,False
PI3KAUC,7,2,0.9,0.531211358582594,0.8840207220653165,0.6322747701197236,False
PI3KAUC,7,2,1.0,0.5199027073759991,0.9017888899307128,0.6459433803259075,False
PI3KAUC,7,3,0.0,0.5572302533132679,0.831491786416041,0.5898620749859969,False
PI3KAUC,7,3,0.1,0.5614386127522168,0.8283002334147165,0.5867713649607763,False
PI3KAUC,7,3,0.2,0.5633927546652473,0.8272842369728798,0.5856531094748354,True
PI3KAUC,7,3,0.3,0.5631455129590656,0.828451320198863,0.5865859589570768,False
PI3KAUC,7,3,0.4,0.5608219041150401,0.8317918216911726,0.5897984245070025,False
PI3KAUC,7,3,0.5,0.5566058298740785,0.8372792888751089,0.5947503852012128,False
PI3KAUC,7,3,0.6000000000000001,0.5507230738399245,0.8448715028238694,0.6013058171809581,False
PI3KAUC,7,3,0.7000000000000001,0.5434232321537251,0.8545120445195774,0.6095015819495556,False
PI3KAUC,7,3,0.8,0.5349628917614719,0.8661322727454639,0.6191417777618464,False
PI3KAUC,7,3,0.9,0.5255916595193575,0.8796535624451083,0.6301396223270359,False
PI3KAUC,7,3,1.0,0.5155418228178836,0.8949896502181893,0.642389138136256,False
PI3KAUC,7,4,0.0,0.5689557797806648,0.8329238346089891,0.592943197213699,False
PI3KAUC,7,4,0.1,0.5716805248931968,0.8307908312802919,0.5910716328190551,False
PI3KAUC,7,4,0.2,0.5721664057946827,0.830922547088317,0.5910925747635479,True
PI3KAUC,7,4,0.3,0.5704832155247145,0.8333179473245462,0.5929828482790601,False
PI3KAUC,7,4,0.4,0.5667693133887097,0.8379575111493207,0.5968511728942353,False
PI3KAUC,7,4,0.5,0.5612178090573733,0.8448040234515531,0.6026481039444842,False
PI3KAUC,7,4,0.6000000000000001,0.5540596829647444,0.8538040423736355,0.610208522751765,False
PI3KAUC,7,4,0.7000000000000001,0.5455463368079974,0.8648899105734464,0.6193449274293601,False
PI3KAUC,7,4,0.8,0.5359336558785129,0.877982141241797,0.6298404881427295,False
PI3KAUC,7,4,0.9,0.5254689567191034,0.8929919970687574,0.6415679460309204,False
PI3KAUC,7,4,1.0,0.5143814349788125,0.9098240901404124,0.6545625264657563,False
PI3KAUC,7,5,0.0,0.5679072652845025,0.8263324715805986,0.583361766376048,False
PI3KAUC,7,5,0.1,0.5717890698002199,0.8234695413735699,0.581383811985048,False
PI3KAUC,7,5,0.2,0.5733267654790424,0.822873445427088,0.581264675164538,True
PI3KAUC,7,5,0.3,0.5726070630555978,0.8245486517924743,0.5831613916416809,False
PI3KAUC,7,5,0.4,0.5697882027157617,0.8284808463366847,0.5868007531282428,False
PI3KAUC,7,5,0.5,0.5650835421380959,0.8346375378567448,0.5922174298382646,False
PI3KAUC,7,5,0.6000000000000001,0.5587424854309304,0.8429693753674922,0.5993989405799687,False
PI3KAUC,7,5,0.7000000000000001,0.551031515872368,0.8534120560215073,0.6081991069607755,False
PI3KAUC,7,5,0.8,0.5422174968746074,0.8658886588719433,0.6184547947728599,False
PI3KAUC,7,5,0.9,0.5325545389465576,0.8803122207760745,0.6300064825771488,False
PI3KAUC,7,5,1.0,0.5222748734740044,0.896588375605576,0.6427860856753198,False
PI3KAUC,7,6,0.0,0.5574586040282077,0.8319862928800367,0.5894995882354603,False
PI3KAUC,7,6,0.1,0.5609156337025436,0.829449954693521,0.5876479830611723,False
PI3KAUC,7,6,0.2,0.561922421630521,0.8292685850423736,0.5877288136463922,True
PI3KAUC,7,6,0.3,0.5605785318554906,0.8314435855742099,0.589736569647586,False
PI3KAUC,7,6,0.4,0.5570626990824075,0.8359564201792544,0.5935904567811352,False
PI3KAUC,7,6,0.5,0.5516130466652913,0.8427693944271315,0.5991333071724073,False
PI3KAUC,7,6,0.6000000000000001,0.5445046523982496,0.8518271924523347,0.6063348641387856,False
PI3KAUC,7,6,0.7000000000000001,0.536027849362163,0.8630590293141432,0.6151113918575547,False
PI3KAUC,7,6,0.8,0.5264697263452354,0.8763812327467007,0.6253796113032835,False
PI3KAUC,7,6,0.9,0.5161001310005242,0.8917000514784389,0.637122333052804,False
PI3KAUC,7,6,1.0,0.5051624359706082,0.9089144965758468,0.6501769398608545,False
PI3KAUC,7,7,0.0,0.5518916973066458,0.840760157412365,0.589623652456013,False
PI3KAUC,7,7,0.1,0.5548434171849409,0.8388203665312168,0.5874975175141156,False
PI3KAUC,7,7,0.2,0.5554193296708927,0.8391591189060928,0.5872976998765106,True
PI3KAUC,7,7,0.3,0.5537318122562911,0.8417739892140925,0.5892385684125927,False
PI3KAUC,7,7,0.4,0.5499675301302612,0.84664404916821,0.5932147120178497,False
PI3KAUC,7,7,0.5,0.5443674249115629,0.8537307006286594,0.5988213392776991,False
PI3KAUC,7,7,0.6000000000000001,0.5372045634717748,0.8629791798804517,0.6060289655992829,False
PI3KAUC,7,7,0.7000000000000001,0.5287631451355563,0.8743205992033817,0.6149333152566967,False
PI3KAUC,7,7,0.8,0.5193209900443045,0.8876743554690035,0.6254690657901844,False
PI3KAUC,7,7,0.9,0.509136647137995,0.9029507234260884,0.6374523100159404,False
PI3KAUC,7,7,1.0,0.4984412286703699,0.9200534618756524,0.6508180365037122,False
PI3KAUC,7,8,0.0,0.5722048843833243,0.8288934201159037,0.5857935654758983,False
PI3KAUC,7,8,0.1,0.575678080957459,0.8266348536747085,0.5838970106024627,False
PI3KAUC,7,8,0.2,0.5765978980831614,0.826851920962207,0.5842205093439283,True
PI3KAUC,7,8,0.3,0.5751103978593715,0.8295406206714743,0.5866722252277602,False
PI3KAUC,7,8,0.4,0.5714374480378869,0.8346747795740452,0.5909139392573713,False
PI3KAUC,7,8,0.5,0.5658528710205185,0.8422073000775793,0.597122028574171,False
PI3KAUC,7,8,0.6000000000000001,0.5586577938290223,0.852072256779447,0.6051068362413776,False
PI3KAUC,7,8,0.7000000000000001,0.550158545935516,0.8641876326927604,0.6147493781661257,False
PI3KAUC,7,8,0.8,0.5406491486472236,0.8784584472929051,0.6256138142130414,False
PI3KAUC,7,8,0.9,0.5303991252954039,0.8947800271772562,0.6377476267591831,False
PI3KAUC,7,8,1.0,0.5196463565866732,0.9130411994106636,0.6513158943834905,False
PI3KAUC,7,9,0.0,0.5561105901369323,0.8397710738370765,0.5884255658850414,False
PI3KAUC,7,9,0.1,0.5593633205851475,0.8374799343902039,0.5865230565730734,False
PI3KAUC,7,9,0.2,0.5602540804905529,0.8375127400972534,0.5864522681876503,True
PI3KAUC,7,9,0.3,0.5588737780018599,0.8398693035219053,0.5883869708564315,False
PI3KAUC,7,9,0.4,0.5553885346152042,0.8445301894999264,0.5923796871486905,False
PI3KAUC,7,9,0.5,0.5500220884075502,0.851457508077956,0.5982006195178038,False
PI3KAUC,7,9,0.6000000000000001,0.5430352250188719,0.8605964220135316,0.6059998330983569,False
PI3KAUC,7,9,0.7000000000000001,0.5347053688566791,0.871877232564884,0.6154205221660123,False
PI3KAUC,7,9,0.8,0.5253087683028624,0.8852178667959409,0.6263828956686229,False
PI3KAUC,7,9,0.9,0.5151066934343052,0.9005265746883069,0.6385149231934294,False
PI3KAUC,7,9,1.0,0.5043360750541342,0.9177046536101578,0.6519686549620645,False
PI3KAUC,7,10,0.0,0.5694539795531659,0.8326800748529992,0.5909285395120494,False
PI3KAUC,7,10,0.1,0.5724266691458108,0.8305094504959385,0.5889025534826285,False
PI3KAUC,7,10,0.2,0.5730711035064644,0.8306178910676071,0.588794142415021,True
PI3KAUC,7,10,0.3,0.5714800722066405,0.8330038565914567,0.5908153857472824,False
PI3KAUC,7,10,0.4,0.5678174697915315,0.8376471226972232,0.5946884504928491,False
PI3KAUC,7,10,0.5,0.5623015457840559,0.8445096272664099,0.6003820257881072,False
PI3KAUC,7,10,0.6000000000000001,0.5551855471451181,0.8535369947537031,0.6078503007329411,False
PI3KAUC,7,10,0.7000000000000001,0.5467385911176772,0.8646605999684895,0.6169484068717466,False
PI3KAUC,7,10,0.8,0.5372289573461837,0.8777999978045458,0.6277461041518653,False
PI3KAUC,7,10,0.9,0.5269110745357403,0.8928655347812622,0.6400587873781511,False
PI3KAUC,7,10,1.0,0.5160165939813292,0.9097609701196152,0.6536288059323306,False
PI3KAUC,8,1,0.0,0.5830183466996058,0.819023046791872,0.5829169978584268,False
PI3KAUC,8,1,0.1,0.5873660925409416,0.8156181418996231,0.5805884482104732,False
PI3KAUC,8,1,0.2,0.5893795944365379,0.8144380843849772,0.5801958813670276,True
PI3KAUC,8,1,0.3,0.5891358604252593,0.8154922765251872,0.5815886490163221,False
PI3KAUC,8,1,0.4,0.5867825286965714,0.8187714633948951,0.584637456493168,False
PI3KAUC,8,1,0.5,0.582522289229731,0.8242481378867683,0.5892954718463671,False
PI3KAUC,8,1,0.6000000000000001,0.5765946276077837,0.8318776888758818,0.5957316103426644,False
PI3KAUC,8,1,0.7000000000000001,0.5692575512463148,0.841600182217707,0.6035547518376095,False
PI3KAUC,8,1,0.8,0.5607713818023394,0.8533426135129755,0.6125666873353293,False
PI3KAUC,8,1,0.9,0.55138587077415,0.8670214460377581,0.6228769343388267,False
PI3KAUC,8,1,1.0,0.5413310840760377,0.882545247560717,0.6347025554857971,False
PI3KAUC,8,2,0.0,0.5678928779578751,0.8359262198965718,0.590692206912532,False
PI3KAUC,8,2,0.1,0.571497069476847,0.8331851427653504,0.5881131551200355,False
PI3KAUC,8,2,0.2,0.5727029198352123,0.8328182585623907,0.5878057317647006,True
PI3KAUC,8,2,0.3,0.5715998811602065,0.8348288655927881,0.5895079616905411,False
PI3KAUC,8,2,0.4,0.5683532646688058,0.8391999698646309,0.5932719153213283,False
PI3KAUC,8,2,0.5,0.5631866967936711,0.8458949966546673,0.5988884077871502,False
PI3KAUC,8,2,0.6000000000000001,0.5563615909163366,0.8548592916856321,0.6063013980459397,False
PI3KAUC,8,2,0.7000000000000001,0.5481567363070674,0.8660222716179519,0.6154396027852681,False
PI3KAUC,8,2,0.8,0.5388504216857435,0.8793000346769224,0.6262415823453981,False
PI3KAUC,8,2,0.9,0.5287065150910985,0.8945982218687123,0.6385729332520882,False
PI3KAUC,8,2,1.0,0.517964947142328,0.9118149266023688,0.6521580486406029,False
PI3KAUC,8,3,0.0,0.5739184011278965,0.8227279365430599,0.5837313659439374,False
PI3KAUC,8,3,0.1,0.5766740998260051,0.8208040821289041,0.5823781529557587,False
PI3KAUC,8,3,0.2,0.5769587487199892,0.8213090993004212,0.5830887484759832,True
PI3KAUC,8,3,0.3,0.5748984377167261,0.8242386568453863,0.5857903549210249,False
PI3KAUC,8,3,0.4,0.5706934312597688,0.829567041019669,0.5903298849451638,False
PI3KAUC,8,3,0.5,0.5645975198074173,0.8372482750610185,0.5967570146172101,False
PI3KAUC,8,3,0.6000000000000001,0.5568956365924802,0.8472180603499486,0.604887975807048,False
PI3KAUC,8,3,0.7000000000000001,0.5478828545362259,0.8593963531414353,0.6144495874662315,False
PI3KAUC,8,3,0.8,0.5378469239245126,0.8736903479775437,0.6256177745452783,False
PI3KAUC,8,3,0.9,0.5270553996237494,0.8899976305001832,0.6381099583033427,False
PI3KAUC,8,3,1.0,0.515747446080469,0.9082092842292452,0.6520473544149944,False
PI3KAUC,8,4,0.0,0.5700004393639974,0.8292205972493388,0.5878799206689507,False
PI3KAUC,8,4,0.1,0.5739326393322172,0.8262307063634102,0.5848408036268775,False
PI3KAUC,8,4,0.2,0.5755007037472041,0.8255263044707719,0.5838599175158058,True
PI3KAUC,8,4,0.3,0.5747819382992174,0.8271129579785903,0.5847917316810228,False
PI3KAUC,8,4,0.4,0.5719284034551176,0.8309773012655703,0.5875978446195255,False
PI3KAUC,8,4,0.5,0.5671506521001779,0.8370875919041849,0.592511220788168,False
PI3KAUC,8,4,0.6000000000000001,0.5606983270828099,0.8453949855193297,0.5992553742856078,False
PI3KAUC,8,4,0.7000000000000001,0.5528405620623758,0.8558354140305997,0.6075498604259544,False
PI3KAUC,8,4,0.8,0.5438485353754346,0.8683319060743155,0.6174218409181315,False
PI3KAUC,8,4,0.9,0.533981618198272,0.8827971671236391,0.6286626467297555,False
PI3KAUC,8,4,1.0,0.5234776440324655,0.8991362392570291,0.6413127655622789,False
PI3KAUC,8,5,0.0,0.5789976830016912,0.8235821031744418,0.5853352287971857,False
PI3KAUC,8,5,0.1,0.5818671884673908,0.8214701710939945,0.5826880484942842,False
PI3KAUC,8,5,0.2,0.5823882671232267,0.821728630359468,0.582249356266518,True
PI3KAUC,8,5,0.3,0.5806595017933004,0.8243557119516833,0.5842059777856795,False
PI3KAUC,8,5,0.4,0.5768498833505863,0.8293292847679419,0.5882221629964334,False
PI3KAUC,8,5,0.5,0.571182237125661,0.8366077765435465,0.5941624152794882,False
PI3KAUC,8,5,0.6000000000000001,0.5639139820229546,0.8461318726499586,0.6017891277637005,False
PI3KAUC,8,5,0.7000000000000001,0.5553180024668579,0.8578268350693852,0.6111573563311694,False
PI3KAUC,8,5,0.8,0.5456658444080102,0.8716052396184624,0.6219902222139269,False
PI3KAUC,8,5,0.9,0.5352145750733286,0.8873699152928716,0.6341509484881904,False
PI3KAUC,8,5,1.0,0.5241977620098976,0.9050168832998432,0.6476143985613976,False
PI3KAUC,8,6,0.0,0.5599756537471492,0.8347115847664714,0.5877392050168871,False
PI3KAUC,8,6,0.1,0.5631023814079432,0.8324132443186414,0.585341294032805,False
PI3KAUC,8,6,0.2,0.5640968336906826,0.8321841864787277,0.5848811920048997,True
PI3KAUC,8,6,0.3,0.563026645039758,0.8340263084398798,0.5862396324955759,False
PI3KAUC,8,6,0.4,0.5600221675235031,0.8379261085862091,0.5893172969609195,False
PI3KAUC,8,6,0.5,0.555263692706858,0.8438551764864191,0.5942615854978277,False
PI3KAUC,8,6,0.6000000000000001,0.5489660388406845,0.8517712093334529,0.6008575926286044,False
PI3KAUC,8,6,0.7000000000000001,0.541362705603798,0.861619471835931,0.6089614804152391,False
PI3KAUC,8,6,0.8,0.5326914266990527,0.8733345863626303,0.6185583729768062,False
PI3KAUC,8,6,0.9,0.5231823268135551,0.8868425250745726,0.6295009410016054,False
PI3KAUC,8,6,1.0,0.5130492233116639,0.9020626760735038,0.6415135108006719,False
PI3KAUC,8,7,0.0,0.567299894303201,0.8249925161621189,0.5879562657165267,False
PI3KAUC,8,7,0.1,0.571279959151187,0.8221940862591104,0.58602019201688,False
PI3KAUC,8,7,0.2,0.5728244120566461,0.8216949283349277,0.5860766920749586,True
PI3KAUC,8,7,0.3,0.5720423066089633,0.8234995385034111,0.588014913236228,False
PI3KAUC,8,7,0.4,0.5691171412849145,0.8275929860799673,0.591842479414356,False
PI3KAUC,8,7,0.5,0.5642872319206766,0.833941529398672,0.5977816486564207,False
PI3KAUC,8,7,0.6000000000000001,0.5578240186356862,0.8424939895353927,0.6052813770974813,False
PI3KAUC,8,7,0.7000000000000001,0.5500114306124575,0.8531837537022883,0.6143803859400595,False
PI3KAUC,8,7,0.8,0.5411285276806655,0.8659312316792956,0.6249064434314701,False
PI3KAUC,8,7,0.9,0.5314365407577724,0.8806465671264545,0.6367606300236934,False
PI3KAUC,8,7,1.0,0.5211704668907516,0.897232410677702,0.6498347450113418,False
PI3KAUC,8,8,0.0,0.54860549242258,0.8450818005371961,0.5961285338103828,False
PI3KAUC,8,8,0.1,0.5517934886962594,0.8429097270757959,0.5940036984385005,False
PI3KAUC,8,8,0.2,0.5526339417053864,0.8430688132185897,0.593794007800384,True
PI3KAUC,8,8,0.3,0.5512213902267411,0.8455564205319928,0.5956041906289193,False
PI3KAUC,8,8,0.4,0.5477240193637242,0.8503507075359444,0.5993461481784313,False
PI3KAUC,8,8,0.5,0.5423659990659211,0.8574115723406166,0.6049458568604151,False
PI3KAUC,8,8,0.6000000000000001,0.535407160826065,0.8666822845928154,0.6122158063231783,False
PI3KAUC,8,8,0.7000000000000001,0.527123005373706,0.8780916570952142,0.6211396649123209,False
PI3KAUC,8,8,0.8,0.517787332997196,0.8915565742545688,0.6316002521863358,False
PI3KAUC,8,8,0.9,0.5076588158426012,0.9069846870894456,0.6433888779980469,False
PI3KAUC,8,8,1.0,0.496971897374341,0.924277099773978,0.6563243929583142,False
PI3KAUC,8,9,0.0,0.569880005834943,0.821317617808018,0.5823962177823161,False
PI3KAUC,8,9,0.1,0.5739255079616028,0.8183486934390315,0.5794115641658033,False
PI3KAUC,8,9,0.2,0.5756825919823558,0.8175828202734576,0.5785794122564253,True
PI3KAUC,8,9,0.3,0.5752309898933767,0.819024264444798,0.579412802692912,False
PI3KAUC,8,9,0.4,0.5727195890357538,0.8226591049745261,0.5820868234223211,False
PI3KAUC,8,9,0.5,0.568350734974341,0.8284558935472637,0.5865858902613547,False
PI3KAUC,8,9,0.6000000000000001,0.5623620330632739,0.836367000761949,0.5928596567888034,False
PI3KAUC,8,9,0.7000000000000001,0.555008292561013,0.8463305170416927,0.6009044770120481,False
PI3KAUC,8,9,0.8,0.5465456452070312,0.8582725385096982,0.6103387928388472,False
PI3KAUC,8,9,0.9,0.5372190298724215,0.872109656012583,0.621199515714595,False
PI3KAUC,8,9,1.0,0.5272534305772547,0.8877514765863357,0.6332393308223618,False
PI3KAUC,8,10,0.0,0.5569200010853994,0.8381600315969356,0.5876750402329995,False
PI3KAUC,8,10,0.1,0.5607449246437775,0.8353975072943302,0.5855032397025769,False
PI3KAUC,8,10,0.2,0.5621246270757235,0.8350004017692403,0.5855460597469129,True
PI3KAUC,8,10,0.3,0.5611575344457318,0.8369713876605014,0.5876160764013241,False
PI3KAUC,8,10,0.4,0.5580209396936444,0.8412928705159752,0.5916186401954169,False
PI3KAUC,8,10,0.5,0.5529513122679718,0.8479277707346083,0.5972968195698195,False
PI3KAUC,8,10,0.6000000000000001,0.5462219362543212,0.8568210915658874,0.6046244944790956,False
PI3KAUC,8,10,0.7000000000000001,0.5381212638967214,0.8679021218615732,0.6137282803148615,False
PI3KAUC,8,10,0.8,0.5289344626745109,0.8810870766428043,0.6244015962982399,False
PI3KAUC,8,10,0.9,0.5189294720691457,0.8962819628900938,0.6363687640531073,False
PI3KAUC,8,10,1.0,0.5083478338885106,0.9133854700656494,0.6495822186643407,False
PI3KAUC,9,1,0.0,0.5483031005270405,0.8451241363256761,0.596218071457432,False
PI3KAUC,9,1,0.1,0.5519174411872552,0.8423236495287367,0.5934706916997937,False
PI3KAUC,9,1,0.2,0.5532370404707851,0.8418327720556624,0.5929745215655204,True
PI3KAUC,9,1,0.3,0.5523171689076631,0.8436558395599087,0.5946414954586068,False
PI3KAUC,9,1,0.4,0.5492904074571634,0.847777827540213,0.5982282057410782,False
PI3KAUC,9,1,0.5,0.5443520445423572,0.8541649707466761,0.6035912600907636,False
PI3KAUC,9,1,0.6000000000000001,0.5377413192374827,0.8627661361338665,0.61053368111698,False
PI3KAUC,9,1,0.7000000000000001,0.5297215817405865,0.8735148211957497,0.618856881079142,False
PI3KAUC,9,1,0.8,0.5205620179937183,0.886331601487982,0.6286853301758819,False
PI3KAUC,9,1,0.9,0.5105227125304844,0.901126829904342,0.6400667184977792,False
PI3KAUC,9,1,1.0,0.4998438463510778,0.9178033955188978,0.6528242524907938,False
PI3KAUC,9,2,0.0,0.5635718565479622,0.8309088990961431,0.5895395265938662,False
PI3KAUC,9,2,0.1,0.5673590888310907,0.8280645547785518,0.5875496251500197,False
PI3KAUC,9,2,0.2,0.568779621841691,0.8275265040757,0.5875576900762243,True
PI3KAUC,9,2,0.3,0.5679164808069083,0.8292985164871023,0.5894184544842946,False
PI3KAUC,9,2,0.4,0.5649271894696041,0.8333650085344744,0.5930545543019591,False
PI3KAUC,9,2,0.5,0.5600269140499723,0.8396917234881098,0.5984687293331346,False
PI3KAUC,9,2,0.6000000000000001,0.5534687119732273,0.848227148907004,0.6055966882782338,False
PI3KAUC,9,2,0.7000000000000001,0.545523829565979,0.8589045384886914,0.6143872801271316,False
PI3KAUC,9,2,0.8,0.5364643441352597,0.8716443613210767,0.6246598275518029,False
PI3KAUC,9,2,0.9,0.5265495161982348,0.8863569845717933,0.6363653524920218,False
PI3KAUC,9,2,1.0,0.5160163090079182,0.902945403607746,0.6494250793675431,False
PI3KAUC,9,3,0.0,0.5585565671709791,0.8409884260653115,0.5893556122408001,False
PI3KAUC,9,3,0.1,0.5625475381350002,0.8379843160308204,0.5866762182139593,False
PI3KAUC,9,3,0.2,0.5643176826231506,0.8371776412745175,0.586057551639052,True
PI3KAUC,9,3,0.3,0.5639331025624472,0.8385746217452071,0.5871520304647552,False
PI3KAUC,9,3,0.4,0.5615279358115574,0.8421640121789018,0.5900558814880036,False
PI3KAUC,9,3,0.5,0.5572904147978737,0.8479175580711829,0.5948175177269122,False
PI3KAUC,9,3,0.6000000000000001,0.5514459675593022,0.8557910997523374,0.6013620942071954,False
PI3KAUC,9,3,0.7000000000000001,0.5442398670821627,0.8657262253179958,0.6094347767367084,False
PI3KAUC,9,3,0.8,0.5359214987355289,0.8776523327422983,0.6189314686459618,False
PI3KAUC,9,3,0.9,0.5267315862701123,0.8914889414462511,0.6297855847580278,False
PI3KAUC,9,3,1.0,0.5168929458765608,0.9071480941287864,0.6420154518988268,False
PI3KAUC,9,4,0.0,0.5568542421979388,0.8406267876742408,0.5904207830518817,False
PI3KAUC,9,4,0.1,0.5610316163528994,0.8376398846495785,0.5883135179839138,False
PI3KAUC,9,4,0.2,0.5627700297379465,0.8370503615099754,0.5881801243791984,True
PI3KAUC,9,4,0.3,0.5621663219788068,0.8388637866217404,0.5900343287695596,False
PI3KAUC,9,4,0.4,0.5593953547918261,0.8430650504217573,0.5938431039901735,False
PI3KAUC,9,4,0.5,0.554690752244633,0.8496189904162991,0.5996655534441652,False
PI3KAUC,9,4,0.6000000000000001,0.5483229218009033,0.8584718404942508,0.6072898289409687,False
PI3KAUC,9,4,0.7000000000000001,0.5405776759025992,0.8695533679282861,0.6164118898326499,False
PI3KAUC,9,4,0.8,0.5317379234988172,0.8827795070164534,0.6269774871512268,False
PI3KAUC,9,4,0.9,0.5220697746639764,0.8980552733661794,0.6389796453795855,False
PI3KAUC,9,4,1.0,0.5118133594013121,0.9152777473890272,0.6523075750169306,False
PI3KAUC,9,5,0.0,0.5565135935703033,0.8322774879102685,0.5857252413179478,False
PI3KAUC,9,5,0.1,0.5600064567453936,0.8297699984009139,0.5836478111281936,False
PI3KAUC,9,5,0.2,0.5611014900379322,0.8295335993990174,0.5838084808814162,True
PI3KAUC,9,5,0.3,0.559886603116986,0.8315699632853061,0.5859721157768877,False
PI3KAUC,9,5,0.4,0.5565269527160565,0.8358620780664612,0.5899752291296563,False
PI3KAUC,9,5,0.5,0.5512472159270428,0.8423749562300218,0.59550468498679,False
PI3KAUC,9,5,0.6000000000000001,0.544310747320449,0.8510570387657623,0.602638353570528,False
PI3KAUC,9,5,0.7000000000000001,0.5359987895612816,0.8618421658356883,0.6113137193897445,False
PI3KAUC,9,5,0.8,0.526592222603448,0.8746519458801497,0.621364693819454,False
PI3KAUC,9,5,0.9,0.5163573270196201,0.8893983397367741,0.6328008437879659,False
PI3KAUC,9,5,1.0,0.5055360403783455,0.9059862843146762,0.6454325941687487,False
PI3KAUC,9,6,0.0,0.5562698062125853,0.835582545598976,0.585932082509726,False
PI3KAUC,9,6,0.1,0.5595572402447058,0.8333951766236749,0.5839103010568755,False
PI3KAUC,9,6,0.2,0.5605266719900814,0.8334323070923599,0.5839755500662296,True
PI3KAUC,9,6,0.3,0.5592980097102068,0.8356925979382426,0.5859945828582032,False
PI3KAUC,9,6,0.4,0.5560577767090236,0.8401567994402133,0.589953165203065,False
PI3KAUC,9,6,0.5,0.5510399193581952,0.8467885649720215,0.5956900174981092,False
PI3KAUC,9,6,0.6000000000000001,0.5445054441701621,0.8555359059210156,0.6031543944904311,False
PI3KAUC,9,6,0.7000000000000001,0.5367236242029261,0.8663331553122535,0.6121416346873164,False
PI3KAUC,9,6,0.8,0.5279565876849364,0.8791032753015354,0.6224218239187951,False
PI3KAUC,9,6,0.9,0.5184480912848294,0.8937603347421905,0.6338911345282575,False
PI3KAUC,9,6,1.0,0.5084164497098368,0.9102119950806972,0.6465239204254017,False
PI3KAUC,9,7,0.0,0.572613136803141,0.8297602482268569,0.5860248048732463,False
PI3KAUC,9,7,0.1,0.5766209213760645,0.826798825691478,0.5834166919137852,False
PI3KAUC,9,7,0.2,0.5781147189315827,0.8263109181219601,0.5829502390075134,True
PI3KAUC,9,7,0.3,0.5771963342081585,0.8283009074948442,0.5848594027896501,False
PI3KAUC,9,7,0.4,0.5740483027620827,0.8327509158333639,0.5886929939079254,False
PI3KAUC,9,7,0.5,0.5689138962198781,0.8396215995416452,0.5943828263050311,False
PI3KAUC,9,7,0.6000000000000001,0.5620742809480355,0.848853854775947,0.6019601264201553,False
PI3KAUC,9,7,0.7000000000000001,0.5538262938621747,0.8603712656923183,0.6112502831481266,False
PI3KAUC,9,7,0.8,0.5444634172688156,0.874083069174687,0.6220573158329288,False
PI3KAUC,9,7,0.9,0.5342613588411991,0.8898873872157843,0.6341884906716928,False
PI3KAUC,9,7,1.0,0.5234685518370992,0.9076744899637836,0.6476460687118312,False
PI3KAUC,9,8,0.0,0.5704345726096907,0.8289959796883126,0.5869487417233974,False
PI3KAUC,9,8,0.1,0.5730360968391714,0.8271128842215709,0.5853595378218047,False
PI3KAUC,9,8,0.2,0.5731543301367494,0.8276282144141758,0.5857034389837945,True
PI3KAUC,9,8,0.3,0.5708888820866758,0.8305372245051676,0.5879863225428219,False
PI3KAUC,9,8,0.4,0.5664207882040999,0.8358144653809572,0.5922190406925343,False
PI3KAUC,9,8,0.5,0.5599933678766126,0.8434148867039865,0.5982539166317863,False
PI3KAUC,9,8,0.6000000000000001,0.5518896702519467,0.8532757158924513,0.605926088980099,False
PI3KAUC,9,8,0.7000000000000001,0.5424100260005489,0.8653189364914645,0.6151650017838581,False
PI3KAUC,9,8,0.8,0.5318524636798232,0.8794541496361825,0.6261434454082423,False
PI3KAUC,9,8,0.9,0.5204976075136633,0.8955815953062591,0.6386414126189427,False
PI3KAUC,9,8,1.0,0.5085985458284654,0.9135951308632972,0.6524191406033962,False
PI3KAUC,9,9,0.0,0.5702993803763928,0.8279595297243814,0.5820953818103782,False
PI3KAUC,9,9,0.1,0.574183197109099,0.8250382277833068,0.5800650058780756,False
PI3KAUC,9,9,0.2,0.575617243771377,0.8244956132466676,0.5801827460952989,True
PI3KAUC,9,9,0.3,0.5746977542030443,0.8263367055422313,0.582407618703157,False
PI3KAUC,9,9,0.4,0.5715980936566986,0.8305459422486692,0.5868196737713223,False
PI3KAUC,9,9,0.5,0.5665501009894336,0.8370878330887599,0.5930452502907416,False
PI3KAUC,9,9,0.6000000000000001,0.5598227265294471,0.8459084309055852,0.600998232259019,False
PI3KAUC,9,9,0.7000000000000001,0.5517011280688319,0.8569374803992821,0.6105498921535635,False
PI3KAUC,9,9,0.8,0.542468609153075,0.8700910527616559,0.6217061836626622,False
PI3KAUC,9,9,0.9,0.532392738180455,0.8852744511410867,0.6343218695518162,False
PI3KAUC,9,9,1.0,0.5217160027969855,0.9023851777140276,0.6480435779640299,False
PI3KAUC,9,10,0.0,0.5736264723172145,0.8234226650921638,0.5831817046227068,False
PI3KAUC,9,10,0.1,0.5780234655117077,0.8200848328999634,0.5799657965979765,False
PI3KAUC,9,10,0.2,0.5800497002703464,0.8190222851381262,0.5787974824493654,True
PI3KAUC,9,10,0.3,0.5797779474744041,0.820244113189806,0.5798460920787566,False
PI3KAUC,9,10,0.4,0.5773554245020567,0.8237403859769108,0.5830738643903186,False
PI3KAUC,9,10,0.5,0.572987957988777,0.8294825492178995,0.5882007751175974,False
PI3KAUC,9,10,0.6000000000000001,0.5669210220907074,0.8374245717956506,0.5951543268743312,False
PI3KAUC,9,10,0.7000000000000001,0.5594204915918508,0.8475047341382389,0.603610567082997,False
PI3KAUC,9,10,0.8,0.5507553974140137,0.8596479021846122,0.6135736663299485,False
PI3KAUC,9,10,0.9,0.5411841146933956,0.8737681028296885,0.624937988622783,False
PI3KAUC,9,10,1.0,0.5309445387280807,0.8897712140998788,0.6375643166364451,False
PI3KIC50,0,1,0.0,0.5673379895755128,0.8308834459537305,0.5900937509766326,False
PI3KIC50,0,1,0.1,0.571303963082087,0.8279127435428777,0.5869475184150537,False
PI3KIC50,0,1,0.2,0.5729333137724654,0.827194558118916,0.5860635634384559,True
PI3KIC50,0,1,0.3,0.5723015497918058,0.828734868504166,0.5873467976869325,False
PI3KIC50,0,1,0.4,0.5695580136714165,0.8325211038884129,0.5905899399808219,False
PI3KIC50,0,1,0.5,0.5649097550718036,0.8385226561860127,0.5954960202109212,False
PI3KIC50,0,1,0.6000000000000001,0.5586023363955329,0.8466921031865915,0.6023228334934092,False
PI3KIC50,0,1,0.7000000000000001,0.5509004946986733,0.8569670304455824,0.6109585216094804,False
PI3KIC50,0,1,0.8,0.5420709766085884,0.8692722942054306,0.6211181687308305,False
PI3KIC50,0,1,0.9,0.5323689500162454,0.8835225455377251,0.6326573701038939,False
PI3KIC50,0,1,1.0,0.5220284875106375,0.8996248376041398,0.6455982543040958,False
PI3KIC50,0,2,0.0,0.555873211970358,0.8362446168473013,0.5948264098416345,False
PI3KIC50,0,2,0.1,0.5591027918447228,0.8338486332015436,0.5924600370361681,False
PI3KIC50,0,2,0.2,0.5601221227499928,0.8336164320321913,0.5920028750636003,True
PI3KIC50,0,2,0.3,0.5589990521187921,0.8355478461776192,0.5932559122890317,False
PI3KIC50,0,2,0.4,0.5558709450407797,0.8396254372996982,0.5962194321574543,False
PI3KIC50,0,2,0.5,0.5509302867927953,0.8458152796651752,0.6009259894973976,False
PI3KIC50,0,2,0.6000000000000001,0.5444071055494151,0.8540683627964581,0.6072951128161764,False
PI3KIC50,0,2,0.7000000000000001,0.5365509460497969,0.8643224802133815,0.6153942049203494,False
PI3KIC50,0,2,0.8,0.527614629338995,0.8765044417651969,0.6249314323950081,False
PI3KIC50,0,2,0.9,0.5178412084699151,0.890532440947197,0.63580860550951,False
PI3KIC50,0,2,1.0,0.5074546750407432,0.9063184228531204,0.6478123278478728,False
PI3KIC50,0,3,0.0,0.5520116892807683,0.8372198819784347,0.5937355340772269,False
PI3KIC50,0,3,0.1,0.5553241416239411,0.8350170510375066,0.5922560645927021,False
PI3KIC50,0,3,0.2,0.5562013894761206,0.8351830857971541,0.5927984271019477,True
PI3KIC50,0,3,0.3,0.5547566029189532,0.837717190653087,0.5953979688524411,False
PI3KIC50,0,3,0.4,0.5511800156535756,0.8425984422892248,0.5998449506497762,False
PI3KIC50,0,3,0.5,0.5457183986097461,0.8497866450915905,0.6060485097396041,False
PI3KIC50,0,3,0.6000000000000001,0.5386522103713605,0.8592239567233932,0.6138550284901158,False
PI3KIC50,0,3,0.7000000000000001,0.5302738337049623,0.8708371337935372,0.6230674368029551,False
PI3KIC50,0,3,0.8,0.5208693362157201,0.8845402021991067,0.6337564946181615,False
PI3KIC50,0,3,0.9,0.5107049842380413,0.9002373406328195,0.6459392727341213,False
PI3KIC50,0,3,1.0,0.5000186658454016,0.9178257773247538,0.6592415227786322,False
PI3KIC50,0,4,0.0,0.5740060556018335,0.8228883641340936,0.5887077019080545,False
PI3KIC50,0,4,0.1,0.5770220984144065,0.8208230712149692,0.5872372629810754,False
PI3KIC50,0,4,0.2,0.5774452237216303,0.8212775685753348,0.5879539115497124,True
PI3KIC50,0,4,0.3,0.5754090978612928,0.8242473071811514,0.5908905862148887,False
PI3KIC50,0,4,0.4,0.5711294752290207,0.8297047927104948,0.5958156003900622,False
PI3KIC50,0,4,0.5,0.5648809979865766,0.8376008430624886,0.6027823709014478,False
PI3KIC50,0,4,0.6000000000000001,0.5569718420421612,0.847866746484271,0.611659461494775,False
PI3KIC50,0,4,0.7000000000000001,0.5477199609792092,0.8604171065691603,0.6221691591414588,False
PI3KIC50,0,4,0.8,0.5374335288943302,0.8751531150256623,0.6340764566206367,False
PI3KIC50,0,4,0.9,0.5263968081788286,0.891965987322239,0.647253623158117,False
PI3KIC50,0,4,1.0,0.5148614824210134,0.9107403243314371,0.6616771590517606,False
PI3KIC50,0,5,0.0,0.558777644455303,0.8410138859344565,0.594476306862497,False
PI3KIC50,0,5,0.1,0.5633345245293148,0.8376695542766427,0.5920445695521551,False
PI3KIC50,0,5,0.2,0.5656198044059757,0.8365121766670646,0.5916844855398918,False
PI3KIC50,0,5,0.3,0.5657051643422982,0.8375506046996734,0.5933059018965638,True
PI3KIC50,0,5,0.4,0.5637322018891504,0.8407761957529967,0.5966867711196907,False
PI3KIC50,0,5,0.5,0.5598972684923321,0.8461631752721089,0.6018949939133742,False
PI3KIC50,0,5,0.6000000000000001,0.5544335030322268,0.8536696644389469,0.6088129692273263,False
PI3KIC50,0,5,0.7000000000000001,0.5475927259766891,0.863239278547604,0.6174086907881218,False
PI3KIC50,0,5,0.8,0.5396293133447239,0.8748031575616831,0.627404227368882,False
PI3KIC50,0,5,0.9,0.5307873507054162,0.8882822673211276,0.6386746934929003,False
PI3KIC50,0,5,1.0,0.5212915460250048,0.903589808388824,0.6512093501714148,False
PI3KIC50,0,6,0.0,0.5716211299258835,0.8248993862714906,0.589911309569805,False
PI3KIC50,0,6,0.1,0.5749897834387607,0.8225472609828692,0.5879634412207786,False
PI3KIC50,0,6,0.2,0.5759572059309784,0.8225767592731621,0.5881707953888187,True
PI3KIC50,0,6,0.3,0.5746374044116616,0.8249875972173619,0.5904471337831512,False
PI3KIC50,0,6,0.4,0.5712157006112701,0.8297589972167214,0.5946891144500246,False
PI3KIC50,0,6,0.5,0.5659296850692097,0.8368505700529433,0.6009368588742247,False
PI3KIC50,0,6,0.6000000000000001,0.5590482926386582,0.8462039802895645,0.6088996239435839,False
PI3KIC50,0,6,0.7000000000000001,0.5508519341165943,0.8577452397155705,0.6184125653047434,False
PI3KIC50,0,6,0.8,0.5416157755093155,0.8713874289882171,0.6294466884261356,False
PI3KIC50,0,6,0.9,0.5315972318636347,0.8870336326528007,0.6418578488353445,False
PI3KIC50,0,6,1.0,0.521027833614198,0.9045798852888476,0.6554957041480794,False
PI3KIC50,0,7,0.0,0.5620363364981664,0.8371435415571172,0.5954056938844923,False
PI3KIC50,0,7,0.1,0.5660039210859018,0.8342340820055394,0.5921920810810087,False
PI3KIC50,0,7,0.2,0.5676621511515427,0.8335684142267402,0.5912694108927863,True
PI3KIC50,0,7,0.3,0.5670893903961829,0.8351516350575799,0.5925210503697416,False
PI3KIC50,0,7,0.4,0.5644358091853089,0.8389707502656153,0.595865274428594,False
PI3KIC50,0,7,0.5,0.5599075615828332,0.8449952008290446,0.6009095048972396,False
PI3KIC50,0,7,0.6000000000000001,0.5537480211571448,0.8531780596879732,0.6076517076991171,False
PI3KIC50,0,7,0.7000000000000001,0.5462188874523252,0.8634577924850456,0.61610991940233,False
PI3KIC50,0,7,0.8,0.5375834075562316,0.8757604346850147,0.6260645867912946,False
PI3KIC50,0,7,0.9,0.528093086456261,0.8900020175281002,0.6374326126109311,False
PI3KIC50,0,7,1.0,0.5179783814253465,0.906091076683337,0.6499500793096074,False
PI3KIC50,0,8,0.0,0.561579496167658,0.8358122052574238,0.595228149771357,False
PI3KIC50,0,8,0.1,0.565590548435795,0.8328020276703508,0.5927946149585752,False
PI3KIC50,0,8,0.2,0.5673133476142762,0.8319982264259469,0.592322563525475,True
PI3KIC50,0,8,0.3,0.5668170382307818,0.8334070711482505,0.5938332566486972,False
PI3KIC50,0,8,0.4,0.5642425003233418,0.8370172002788369,0.5973654053198297,False
PI3KIC50,0,8,0.5,0.5597874540805796,0.8428000769651517,0.6025424259876385,False
PI3KIC50,0,8,0.6000000000000001,0.553688393007416,0.8507111006520628,0.609373535970858,False
PI3KIC50,0,8,0.7000000000000001,0.5462020765618023,0.8606912753525752,0.61751364542586,False
PI3KIC50,0,8,0.8,0.5375888263859326,0.8726692942624854,0.6270397510115467,False
PI3KIC50,0,8,0.9,0.5280990614920971,0.8865638794134496,0.6378705360676087,False
PI3KIC50,0,8,1.0,0.5179636595185882,0.9022862148896388,0.6498047118362544,False
PI3KIC50,0,9,0.0,0.5506708439543175,0.8445675271797553,0.5986505462098151,False
PI3KIC50,0,9,0.1,0.5538352681659056,0.8423970131791906,0.5968794648483261,False
PI3KIC50,0,9,0.2,0.5546501517362525,0.8425553402956473,0.5971883055949129,True
PI3KIC50,0,9,0.3,0.5532122356990715,0.8450412030816616,0.599364299825868,False
PI3KIC50,0,9,0.4,0.549692263587415,0.8498341467946672,0.6034288683590374,False
PI3KIC50,0,9,0.5,0.5443169204836906,0.8568953983850344,0.6093332835356303,False
PI3KIC50,0,9,0.6000000000000001,0.5373481180664392,0.8661693979329055,0.6172958527395714,False
PI3KIC50,0,9,0.7000000000000001,0.5290627243618665,0.8775858934112613,0.6268102657388598,False
PI3KIC50,0,9,0.8,0.5197350803338616,0.8910624232789349,0.6376864565774857,False
PI3KIC50,0,9,0.9,0.5096236148176331,0.9065069980528512,0.6497181191541885,False
PI3KIC50,0,9,1.0,0.4989618967588051,0.9238208020749216,0.6631235144634372,False
PI3KIC50,0,10,0.0,0.5564346397567542,0.8383776439706043,0.5952354627004934,False
PI3KIC50,0,10,0.1,0.5598461589037754,0.8358647137472601,0.5928900239023627,False
PI3KIC50,0,10,0.2,0.5607763344973673,0.8358081362627037,0.5928520135566078,True
PI3KIC50,0,10,0.3,0.5593150059216262,0.8382083147775127,0.5948909933977669,False
PI3KIC50,0,10,0.4,0.555636159449999,0.8430441013987146,0.5990815244412878,False
PI3KIC50,0,10,0.5,0.5499784885803383,0.8502737198660203,0.6053000387760444,False
PI3KIC50,0,10,0.6000000000000001,0.5426222824929494,0.8598365308017855,0.613126223918625,False
PI3KIC50,0,10,0.7000000000000001,0.5338663675210038,0.8716554701456689,0.6226060165108436,False
PI3KIC50,0,10,0.8,0.5240080064303856,0.8856399430133545,0.6336072804061601,False
PI3KIC50,0,10,0.9,0.5133274368096508,0.901688939760327,0.6459116513442525,False
PI3KIC50,0,10,1.0,0.5020775361414389,0.9196941560210669,0.6596056497496423,False
PI3KIC50,1,1,0.0,0.5639579474968811,0.832817356836492,0.5951837703822112,False
PI3KIC50,1,1,0.1,0.5672325186881508,0.8303274991069474,0.5926975138227443,False
PI3KIC50,1,1,0.2,0.5684034798162042,0.8299040377051348,0.5921766145639428,True
PI3KIC50,1,1,0.3,0.5675270781229068,0.8315502737115175,0.5936498935658887,False
PI3KIC50,1,1,0.4,0.5647220987637364,0.8352538418962251,0.5968839845555185,False
PI3KIC50,1,1,0.5,0.5601580808720396,0.8409871786000214,0.6016032102705304,False
PI3KIC50,1,1,0.6000000000000001,0.5540406416007592,0.8487085433519784,0.6078960556009083,False
PI3KIC50,1,1,0.7000000000000001,0.5465960613098286,0.8583635069650928,0.6156478377040405,False
PI3KIC50,1,1,0.8,0.5380569777351798,0.869886785988713,0.6247792220969476,False
PI3KIC50,1,1,0.9,0.5286504550802043,0.8832042873156565,0.6351968906151508,False
PI3KIC50,1,1,1.0,0.5185890437625238,0.8982352275682388,0.6467833422991264,False
PI3KIC50,1,2,0.0,0.5738331625605355,0.8186263337113362,0.5853332503771131,False
PI3KIC50,1,2,0.1,0.578373208180357,0.8151325948108603,0.5828505646062923,False
PI3KIC50,1,2,0.2,0.5805533765971527,0.8138833771356426,0.5823746610636924,True
PI3KIC50,1,2,0.3,0.5804465287153596,0.814889347448957,0.5838111074993019,False
PI3KIC50,1,2,0.4,0.5781996474361972,0.8181421828660627,0.5870537215875249,False
PI3KIC50,1,2,0.5,0.5740177863818522,0.8236149163228659,0.5919177483873672,False
PI3KIC50,1,2,0.6000000000000001,0.5681449789932818,0.8312630550698742,0.598350707717892,False
PI3KIC50,1,2,0.7000000000000001,0.5608449983558792,0.8410263643583006,0.6064747646315425,False
PI3KIC50,1,2,0.8,0.5523842537403305,0.8528311526296897,0.6162181901603669,False
PI3KIC50,1,2,0.9,0.5430182098345981,0.8665928650292358,0.6272428362253148,False
PI3KIC50,1,2,1.0,0.5329818222231326,0.8822187902915761,0.6395982138184662,False
PI3KIC50,1,3,0.0,0.5559965617650475,0.8351015785688458,0.5932095085221639,False
PI3KIC50,1,3,0.1,0.5601517670977059,0.8321996583957765,0.5904691202779004,False
PI3KIC50,1,3,0.2,0.5618782419072922,0.8316013290324544,0.5901077728149808,True
PI3KIC50,1,3,0.3,0.5612771564848853,0.8333113350331477,0.5918054843991944,False
PI3KIC50,1,3,0.4,0.5585258486465319,0.8373152832577331,0.5954116432732931,False
PI3KIC50,1,3,0.5,0.5538585408810341,0.8435802416054414,0.6008450721430796,False
PI3KIC50,1,3,0.6000000000000001,0.5475446484868065,0.8520560658393844,0.6080364865544061,False
PI3KIC50,1,3,0.7000000000000001,0.5398678626748472,0.8626773329870213,0.616870692098824,False
PI3KIC50,1,3,0.8,0.5311083393209041,0.8753657148198999,0.6272251328923137,False
PI3KIC50,1,3,0.9,0.5215292357867335,0.8900326044683391,0.638862930160667,False
PI3KIC50,1,3,1.0,0.5113678471611927,0.9065818130762292,0.651780599193394,False
PI3KIC50,1,4,0.0,0.5438865796009101,0.8480180515184692,0.5993689710345634,False
PI3KIC50,1,4,0.1,0.5472514919823346,0.8454976202420876,0.5969338281718699,False
PI3KIC50,1,4,0.2,0.5484226732425332,0.8451439206584039,0.5965879485516024,True
PI3KIC50,1,4,0.3,0.5474616254466965,0.8469597766720796,0.5980960139693683,False
PI3KIC50,1,4,0.4,0.5444989804427578,0.8509313352754789,0.6013326313242537,False
PI3KIC50,1,4,0.5,0.5397209763727451,0.8570285901848218,0.6062152013487463,False
PI3KIC50,1,4,0.6000000000000001,0.5333526374829736,0.8652064966012375,0.6129854197762421,False
PI3KIC50,1,4,0.7000000000000001,0.5256402109358137,0.8754065824773223,0.6212801394506954,False
PI3KIC50,1,4,0.8,0.5168350333274013,0.8875589266986494,0.6308934007253322,False
PI3KIC50,1,4,0.9,0.5071802850759106,0.9015843576029025,0.6419475619597773,False
PI3KIC50,1,4,1.0,0.496901301584354,0.9173967264058208,0.6543253166152128,False
PI3KIC50,1,5,0.0,0.562288222078804,0.8361924931995848,0.5921280519765133,False
PI3KIC50,1,5,0.1,0.5659111103969874,0.8335213851571777,0.5897222767229051,False
PI3KIC50,1,5,0.2,0.5672623115583104,0.8330681667351886,0.5892162298351945,True
PI3KIC50,1,5,0.3,0.5664143132994676,0.8348359384598434,0.5910289291877516,False
PI3KIC50,1,5,0.4,0.5635100169801475,0.8388101307759463,0.594639679955598,False
PI3KIC50,1,5,0.5,0.5587479207411159,0.8449590975148704,0.5999198719842791,False
PI3KIC50,1,5,0.6000000000000001,0.5523642606544354,0.8532353485961737,0.6067255089771257,False
PI3KIC50,1,5,0.7000000000000001,0.5446147791531181,0.8635773131025026,0.615039356052219,False
PI3KIC50,1,5,0.8,0.5357583052151689,0.8759114870954795,0.6248125111063069,False
PI3KIC50,1,5,0.9,0.5260435377682728,0.8901548042317042,0.6358914955746686,False
PI3KIC50,1,5,1.0,0.5156995962661437,0.906217070927778,0.6480423273402388,False
PI3KIC50,1,6,0.0,0.5476516800845703,0.8421408530516574,0.594248539060758,False
PI3KIC50,1,6,0.1,0.5517888758699494,0.8392406917546584,0.5915101646253776,False
PI3KIC50,1,6,0.2,0.553511620855749,0.8386478079866141,0.5908376245312846,True
PI3KIC50,1,6,0.3,0.5529135231650457,0.8403671155145013,0.5919977145873727,False
PI3KIC50,1,6,0.4,0.5501662108044533,0.8443844784605894,0.5951693275659691,False
PI3KIC50,1,6,0.5,0.5455001722154473,0.8506672863132032,0.6002961986591202,False
PI3KIC50,1,6,0.6000000000000001,0.5391828668456571,0.8591657522258351,0.6071992828180953,False
PI3KIC50,1,6,0.7000000000000001,0.5314974264126409,0.8698148169455984,0.6156792600367542,False
PI3KIC50,1,6,0.8,0.5227244074278339,0.8825364953765057,0.6256862730399455,False
PI3KIC50,1,6,0.9,0.5131279290183691,0.8972424813973493,0.6370820088920182,False
PI3KIC50,1,6,1.0,0.5029464941767985,0.9138368291994998,0.6499730655217463,False
PI3KIC50,1,7,0.0,0.560224072154399,0.8378230868195858,0.5951370347741192,False
PI3KIC50,1,7,0.1,0.5648593612155461,0.8342268155815974,0.592707399265268,False
PI3KIC50,1,7,0.2,0.5671965718003865,0.8328913384757554,0.5924876213921133,False
PI3KIC50,1,7,0.3,0.5672798332301572,0.8338272343614367,0.5942195340207836,True
PI3KIC50,1,7,0.4,0.5652291905575397,0.8370263853865099,0.5975886866416976,False
PI3KIC50,1,7,0.5,0.5612272357840704,0.8424623294691976,0.6027366470880662,False
PI3KIC50,1,7,0.6000000000000001,0.5555016004493909,0.8500913475659104,0.6095815577984747,False
PI3KIC50,1,7,0.7000000000000001,0.5483061267440232,0.8598541828598272,0.6177777440328553,False
PI3KIC50,1,7,0.8,0.5399032113702024,0.8716782388077853,0.6273158250815386,False
PI3KIC50,1,7,0.9,0.5305490649029063,0.8854800763912232,0.6383938232275651,False
PI3KIC50,1,7,1.0,0.5204827484707698,0.9011680289082772,0.650910956925412,False
PI3KIC50,1,8,0.0,0.5627174738853499,0.8337636015505445,0.5950737850753861,False
PI3KIC50,1,8,0.1,0.5649251188500097,0.8323896978393709,0.5935606240106635,True
PI3KIC50,1,8,0.2,0.5646518495947189,0.8334560928848722,0.5942506003441447,False
PI3KIC50,1,8,0.3,0.5620323531780892,0.8369530726983999,0.5971363842483726,False
PI3KIC50,1,8,0.4,0.5572780831572776,0.8428499956637717,0.602360596226128,False
PI3KIC50,1,8,0.5,0.5506550652875377,0.8510966108102052,0.6094184701664365,False
PI3KIC50,1,8,0.6000000000000001,0.542459890579621,0.8616251272332166,0.6183596346541783,False
PI3KIC50,1,8,0.7000000000000001,0.5329973858571815,0.8743528438084919,0.6289356466899589,False
PI3KIC50,1,8,0.8,0.5225623352702644,0.8891851168132383,0.6410446194592829,False
PI3KIC50,1,8,0.9,0.5114263335500426,0.9060184427382818,0.6544806606398296,False
PI3KIC50,1,8,1.0,0.4998297598061846,0.9247434592412256,0.6691423191552008,False
PI3KIC50,1,9,0.0,0.5691498015158614,0.8307058102829628,0.5907232746545356,False
PI3KIC50,1,9,0.1,0.5724596483458728,0.8283381402322935,0.5887580557320892,False
PI3KIC50,1,9,0.2,0.5735122314275034,0.8281464699209385,0.5886884539913937,True
PI3KIC50,1,9,0.3,0.5724008284792901,0.8301321643432018,0.590497862259228,False
PI3KIC50,1,9,0.4,0.5692838855903071,0.8342794318988751,0.5940414602963932,False
PI3KIC50,1,9,0.5,0.564369248042419,0.8405559497303191,0.5994460955763745,False
PI3KIC50,1,9,0.6000000000000001,0.5578963931174628,0.8489141029675784,0.606517761411109,False
PI3KIC50,1,9,0.7000000000000001,0.5501190980585673,0.8592927295357893,0.6150967501666105,False
PI3KIC50,1,9,0.8,0.5412903737350988,0.8716192275484245,0.6250638188197586,False
PI3KIC50,1,9,0.9,0.5316507103286714,0.8858118677100167,0.6363856141826455,False
PI3KIC50,1,9,1.0,0.521419943968361,0.9017821579141942,0.6490036025831188,False
PI3KIC50,1,10,0.0,0.5534126351232045,0.8462352781901836,0.6024030258797065,False
PI3KIC50,1,10,0.1,0.5578469623382402,0.8429511141688211,0.5994677368160674,False
PI3KIC50,1,10,0.2,0.5600534791277635,0.8418354370664055,0.5985448903875323,False
PI3KIC50,1,10,0.3,0.5600989008826256,0.8428964243280023,0.5995858516130104,True
PI3KIC50,1,10,0.4,0.5581181616435498,0.8461253464812948,0.6024511960992766,False
PI3KIC50,1,10,0.5,0.5543000809505008,0.8514969269057119,0.6069566822822364,False
PI3KIC50,1,10,0.6000000000000001,0.5488702239122206,0.8589703217240802,0.6130283369658626,False
PI3KIC50,1,10,0.7000000000000001,0.5420734770950755,0.8684906325875301,0.6206786382416107,False
PI3KIC50,1,10,0.8,0.5341583783692372,0.8799908259782313,0.629555156864884,False
PI3KIC50,1,10,0.9,0.5253644859739797,0.8933939117164258,0.6397271366245489,False
PI3KIC50,1,10,1.0,0.5159133013467365,0.9086152312611736,0.6512269909750144,False
PI3KIC50,2,1,0.0,0.5751326358949964,0.8203259802297354,0.5887480405804083,False
PI3KIC50,2,1,0.1,0.577817182977754,0.8184625161804318,0.5867676316056982,False
PI3KIC50,2,1,0.2,0.5780520502085228,0.8189867365752462,0.5869935570821443,True
PI3KIC50,2,1,0.3,0.5759513002693222,0.8218939360162862,0.5890648568474548,False
PI3KIC50,2,1,0.4,0.5717053564297141,0.8271585764907796,0.5930497890053842,False
PI3KIC50,2,1,0.5,0.5655612071507391,0.8347354050854703,0.5991336847811825,False
PI3KIC50,2,1,0.6000000000000001,0.5578001038096184,0.8445613634286501,0.6068950211396223,False
PI3KIC50,2,1,0.7000000000000001,0.5487160767671029,0.8565581058625,0.6165287007766418,False
PI3KIC50,2,1,0.8,0.5385977170264862,0.8706349036432586,0.6276691986079135,False
PI3KIC50,2,1,0.9,0.5277145222873166,0.886691705969436,0.6400139905684676,False
PI3KIC50,2,1,1.0,0.5163080529345732,0.9046221509208674,0.6535829737469743,False
PI3KIC50,2,2,0.0,0.5587903501108901,0.8421779380896799,0.5971010668772812,False
PI3KIC50,2,2,0.1,0.5621041782411622,0.8398757297421895,0.5947823165720791,False
PI3KIC50,2,2,0.2,0.5629214731799991,0.8400274155272731,0.5944646393118838,True
PI3KIC50,2,2,0.3,0.5613651448306053,0.8426308193199054,0.596327809833374,False
PI3KIC50,2,2,0.4,0.5576364952073528,0.8476624616393782,0.600346449844323,False
PI3KIC50,2,2,0.5,0.5519931803503823,0.8550786028215528,0.606143021077225,False
PI3KIC50,2,2,0.6000000000000001,0.5447253171376714,0.8648170921690058,0.6139841417576509,False
PI3KIC50,2,2,0.7000000000000001,0.5361332055176854,0.8767998469521171,0.6234491011639958,False
PI3KIC50,2,2,0.8,0.5265090107231799,0.890935743810697,0.6344317695875361,False
PI3KIC50,2,2,0.9,0.5161234734840823,0.9071236957517262,0.6466944461070743,False
PI3KIC50,2,2,1.0,0.5052176494794942,0.9252557068104504,0.6601923076588686,False
PI3KIC50,2,3,0.0,0.5670357693920176,0.8313727731788998,0.59245631787482,False
PI3KIC50,2,3,0.1,0.5704427514341618,0.8288327627583639,0.5901305571463933,False
PI3KIC50,2,3,0.2,0.5713472023612338,0.8287103772039446,0.5898995496938262,True
PI3KIC50,2,3,0.3,0.5698494873838978,0.8310069035386892,0.5917243543835691,False
PI3KIC50,2,3,0.4,0.5661318484429995,0.8357025309635736,0.5955393879196429,False
PI3KIC50,2,3,0.5,0.5604383716685499,0.8427571959883741,0.6011655837405383,False
PI3KIC50,2,3,0.6000000000000001,0.553051922183592,0.8521122559863918,0.6086128495155227,False
PI3KIC50,2,3,0.7000000000000001,0.5442715985221213,0.8636928322644067,0.617632719486292,False
PI3KIC50,2,3,0.8,0.5343933693429286,0.8774106139162988,0.6280932051409645,False
PI3KIC50,2,3,0.9,0.5236953562459904,0.8931668956760144,0.6400684004695886,False
PI3KIC50,2,3,1.0,0.5124281091696087,0.910855634985042,0.6534046549108347,False
PI3KIC50,2,4,0.0,0.560690092598719,0.8398322425582103,0.597473002772046,False
PI3KIC50,2,4,0.1,0.5642179247906156,0.8373353156168871,0.594897107038558,False
PI3KIC50,2,4,0.2,0.5654209241230148,0.8371165984757007,0.5944597320385743,True
PI3KIC50,2,4,0.3,0.5643938404057909,0.8391773506419028,0.5958507910046161,False
PI3KIC50,2,4,0.4,0.5613020275402676,0.8435001653743248,0.5991094555725416,False
PI3KIC50,2,4,0.5,0.5563641955752023,0.8500496951020919,0.6041371923017638,False
PI3KIC50,2,4,0.6000000000000001,0.5498328420560201,0.8587740685887985,0.6110637971307737,False
PI3KIC50,2,4,0.7000000000000001,0.5419751837244365,0.8696068705959907,0.6197042031877948,False
PI3KIC50,2,4,0.8,0.5330566988072036,0.8824695153840008,0.6298424214473153,False
PI3KIC50,2,4,0.9,0.5233284564901896,0.897273830526558,0.6414013674732447,False
PI3KIC50,2,4,1.0,0.5130185399396205,0.913924675901546,0.6543158097537058,False
PI3KIC50,2,5,0.0,0.5662347507953939,0.8272634494807052,0.5889571103165212,False
PI3KIC50,2,5,0.1,0.5699679293285165,0.8244212611703663,0.5865450823764553,False
PI3KIC50,2,5,0.2,0.5714322360325126,0.8237807978594749,0.5861348668163159,True
PI3KIC50,2,5,0.3,0.5706940270671879,0.8253471350817454,0.5876819339179338,False
PI3KIC50,2,5,0.4,0.5678903883981864,0.8291076190860833,0.5910534483246082,False
PI3KIC50,2,5,0.5,0.5632148777641353,0.8350323747993122,0.5959145128200277,False
PI3KIC50,2,5,0.6000000000000001,0.5569000342793178,0.8430754748712641,0.6023712617070334,False
PI3KIC50,2,5,0.7000000000000001,0.5491992972333775,0.8531766652108124,0.6105169033574748,False
PI3KIC50,2,5,0.8,0.5403705420391383,0.8652635012851789,0.6200697497361942,False
PI3KIC50,2,5,0.9,0.530662679984128,0.879253729517281,0.6308842621805362,False
PI3KIC50,2,5,1.0,0.5203059501353873,0.8950577495545426,0.6429221301348154,False
PI3KIC50,2,6,0.0,0.5646795067176997,0.8324954017027913,0.592878522024347,False
PI3KIC50,2,6,0.1,0.5673804576754653,0.8307019222183326,0.5905530921405997,False
PI3KIC50,2,6,0.2,0.5676886203883245,0.831280218360868,0.5903914865809243,True
PI3KIC50,2,6,0.3,0.5657213333923043,0.8342253912705118,0.5922384276632513,False
PI3KIC50,2,6,0.4,0.5616679964703393,0.8395125905307488,0.5961521824094667,False
PI3KIC50,2,6,0.5,0.5557706742859657,0.8470980448384979,0.6019289868026523,False
PI3KIC50,2,6,0.6000000000000001,0.5483027463044976,0.8569208204989553,0.6094364038108129,False
PI3KIC50,2,6,0.7000000000000001,0.5395486349350548,0.8689051485719513,0.6186530774512553,False
PI3KIC50,2,6,0.8,0.529786774626604,0.8829631247929614,0.6293957481370906,False
PI3KIC50,2,6,0.9,0.519276922538103,0.898997577487641,0.6414058527649742,False
PI3KIC50,2,6,1.0,0.5082519681641977,0.916904914730904,0.6546712624747132,False
PI3KIC50,2,7,0.0,0.5533964485085521,0.8376747013577752,0.5917492135007569,False
PI3KIC50,2,7,0.1,0.5565443454084255,0.8353746257897192,0.5896137199816113,False
PI3KIC50,2,7,0.2,0.5576025093598361,0.8351058103469239,0.5893093569958345,True
PI3KIC50,2,7,0.3,0.5566368263109259,0.8368690682997203,0.5910598773423809,False
PI3KIC50,2,7,0.4,0.5537749680140189,0.8406500133209116,0.5946075309185528,False
PI3KIC50,2,7,0.5,0.5491933738888874,0.8464196402301676,0.5999399343949907,False
PI3KIC50,2,7,0.6000000000000001,0.5431017669500038,0.8541354284687322,0.6070396337595201,False
PI3KIC50,2,7,0.7000000000000001,0.5357274681820294,0.8637428719029205,0.6155818963877071,False
PI3KIC50,2,7,0.8,0.5273013162495931,0.8751773109482318,0.6253531020935875,False
PI3KIC50,2,7,0.9,0.5180463123586898,0.888365932670278,0.6362933116844214,False
PI3KIC50,2,7,1.0,0.5081694226661666,0.9032298103540926,0.6483939732116999,False
PI3KIC50,2,8,0.0,0.5707397163775434,0.8276967049194102,0.5869746563608363,False
PI3KIC50,2,8,0.1,0.5742801401197417,0.8250825034041245,0.5848018828665125,False
PI3KIC50,2,8,0.2,0.5753538431689396,0.8248347540547242,0.5844871457945501,True
PI3KIC50,2,8,0.3,0.5740612829054511,0.8269561406631766,0.5862855551889841,False
PI3KIC50,2,8,0.4,0.5705803905223324,0.8314290915427357,0.5901312218936077,False
PI3KIC50,2,8,0.5,0.5651475893634916,0.8382164963129661,0.5958591701634405,False
PI3KIC50,2,8,0.6000000000000001,0.5580362146547757,0.8472632106384094,0.6032496365329955,False
PI3KIC50,2,8,0.7000000000000001,0.5495354736315807,0.8584982103064845,0.6122095548511014,False
PI3KIC50,2,8,0.8,0.5399322947627896,0.8718372065942657,0.6227892173907815,False
PI3KIC50,2,8,0.9,0.5294973805729617,0.8871855136216468,0.6348607695386386,False
PI3KIC50,2,8,1.0,0.5184758120126164,0.9044409649036588,0.648139431985693,False
PI3KIC50,2,9,0.0,0.5451854735505214,0.8433963622280732,0.5957963275934903,False
PI3KIC50,2,9,0.1,0.548706610086727,0.8409194889220913,0.5930178609452311,False
PI3KIC50,2,9,0.2,0.549847476088638,0.8407343699974342,0.592142104030117,True
PI3KIC50,2,9,0.3,0.5486973830470039,0.8428412666694,0.5931561756123663,False
PI3KIC50,2,9,0.4,0.5454212601515166,0.847221945487389,0.5961882578302471,False
PI3KIC50,2,9,0.5,0.5402421085887279,0.8538404453723508,0.6011084830173632,False
PI3KIC50,2,9,0.6000000000000001,0.5334206432410088,0.8626445018608866,0.6080422653849664,False
PI3KIC50,2,9,0.7000000000000001,0.5252350773322083,0.8735675024947955,0.6165867922204168,False
PI3KIC50,2,9,0.8,0.515963358748287,0.8865308131055366,0.6266661147508653,False
PI3KIC50,2,9,0.9,0.505869244048128,0.9014463025189874,0.6381572399772095,False
PI3KIC50,2,9,1.0,0.4951926828080216,0.9182189014670248,0.6509770349512789,False
PI3KIC50,2,10,0.0,0.5663235367594346,0.8261324521831526,0.5888411989608221,False
PI3KIC50,2,10,0.1,0.5687403587631974,0.8245384913606179,0.587508205432979,False
PI3KIC50,2,10,0.2,0.5687727212751346,0.8252470049221159,0.5880243232641215,True
PI3KIC50,2,10,0.3,0.566544065814379,0.8282519449586255,0.5903765351203034,False
PI3KIC50,2,10,0.4,0.5622490385864878,0.833528242468347,0.5947531024872751,False
PI3KIC50,2,10,0.5,0.5561335716682269,0.8410328396039798,0.6008621554160125,False
PI3KIC50,2,10,0.6000000000000001,0.5484732440318946,0.8507064009015858,0.6087221720713046,False
PI3KIC50,2,10,0.7000000000000001,0.539552990486364,0.8624755499322234,0.6182215180619083,False
PI3KIC50,2,10,0.8,0.5296502830731402,0.8762554453894241,0.6291043054676432,False
PI3KIC50,2,10,0.9,0.5190228006183372,0.8919525042492081,0.6413502929501972,False
PI3KIC50,2,10,1.0,0.5079006484362002,0.9094670962170368,0.655019034216952,False
PI3KIC50,3,1,0.0,0.5526122939741078,0.8327660682327516,0.5936610841934856,False
PI3KIC50,3,1,0.1,0.5552007620379158,0.8312763433885573,0.5926773259179539,False
PI3KIC50,3,1,0.2,0.555374446320258,0.8320923609683277,0.5936401006015313,True
PI3KIC50,3,1,0.3,0.5532801353288244,0.8352068111739481,0.5964699605959909,False
PI3KIC50,3,1,0.4,0.549134741067412,0.8405933064256675,0.6010667588732531,False
PI3KIC50,3,1,0.5,0.543202789932838,0.8482074958516795,0.6073855867263964,False
PI3KIC50,3,1,0.6000000000000001,0.5357732183472959,0.8579888587616857,0.6153329394674282,False
PI3KIC50,3,1,0.7000000000000001,0.5271385988478234,0.8698630121281429,0.6247806640376208,False
PI3KIC50,3,1,0.8,0.5175787207541557,0.8837443373358633,0.6357047710081813,False
PI3KIC50,3,1,0.9,0.5073492180706656,0.8995387293504267,0.6480293890430614,False
PI3KIC50,3,1,1.0,0.4966749838255856,0.9171462925852122,0.661548304541175,False
PI3KIC50,3,2,0.0,0.5618867647543851,0.8358309222192435,0.5949529485739411,False
PI3KIC50,3,2,0.1,0.5658161003441851,0.8329341624670101,0.5926436009871936,False
PI3KIC50,3,2,0.2,0.5674319396621447,0.83226807435179,0.5921700397106555,True
PI3KIC50,3,2,0.3,0.5668118603048226,0.8338378423446011,0.5934784211649482,False
PI3KIC50,3,2,0.4,0.5641059333033939,0.8376306102308929,0.5968889853836808,False
PI3KIC50,3,2,0.5,0.5595208258342343,0.8436160039754588,0.6020951073569378,False
PI3KIC50,3,2,0.6000000000000001,0.5533008756905076,0.8517473300119072,0.6090096956991085,False
PI3KIC50,3,2,0.7000000000000001,0.5457089997835002,0.8619633409125441,0.6174388896263892,False
PI3KIC50,3,2,0.8,0.5370097275941498,0.874190418427269,0.627353190061567,False
PI3KIC50,3,2,0.9,0.5274557641796074,0.8883450038465371,0.6385860531105778,False
PI3KIC50,3,2,1.0,0.5172785902818069,0.904336107615648,0.6510863521783151,False
PI3KIC50,3,3,0.0,0.5711973306245203,0.8326586196114174,0.5900830835444955,False
PI3KIC50,3,3,0.1,0.5758437567841683,0.8290424080059615,0.5875414728031476,False
PI3KIC50,3,3,0.2,0.5780905059508828,0.8277651424036593,0.5868261467383544,True
PI3KIC50,3,3,0.3,0.5780094196397496,0.828836782608232,0.5881267091924322,False
PI3KIC50,3,3,0.4,0.5757492309454992,0.8322472382404017,0.5913851332513861,False
PI3KIC50,3,3,0.5,0.5715189647193665,0.8379668369149403,0.5965190332979515,False
PI3KIC50,3,3,0.6000000000000001,0.565568147016967,0.8459475959529902,0.6034112774805239,False
PI3KIC50,3,3,0.7000000000000001,0.5581668484052706,0.8561251732369106,0.6118475382952091,False
PI3KIC50,3,3,0.8,0.5495879463358161,0.8684213193610144,0.6218796123517719,False
PI3KIC50,3,3,0.9,0.5400930490460809,0.882746627575304,0.6331772364351973,False
PI3KIC50,3,3,1.0,0.5299225929928191,0.8990033802361437,0.6455940169771041,False
PI3KIC50,3,4,0.0,0.5661126504542626,0.8312775559034297,0.5894984872917475,False
PI3KIC50,3,4,0.1,0.5687610128765443,0.8294396933004877,0.5877173405651946,False
PI3KIC50,3,4,0.2,0.5690359554720125,0.8299099887555194,0.5879646770226805,True
PI3KIC50,3,4,0.3,0.5670492862221714,0.8326833067074529,0.5903590643279435,False
PI3KIC50,3,4,0.4,0.5629850746684705,0.8377355874075576,0.5946121292931321,False
PI3KIC50,3,4,0.5,0.5570807498945156,0.8450248642761304,0.6006179507855425,False
PI3KIC50,3,4,0.6000000000000001,0.5496060062422151,0.8544929451178784,0.6084431184613586,False
PI3KIC50,3,4,0.7000000000000001,0.5408425834085158,0.8660676066224691,0.6179118471006684,False
PI3KIC50,3,4,0.8,0.5310671500560826,0.8796651214632438,0.6288593739365655,False
PI3KIC50,3,4,0.9,0.5205384589835745,0.8951929319515942,0.6412711176513285,False
PI3KIC50,3,4,1.0,0.5094889824523394,0.9125523004146266,0.6549973339712745,False
PI3KIC50,3,5,0.0,0.5691294100383455,0.8282353964034644,0.5865895604504916,False
PI3KIC50,3,5,0.1,0.5728031871176971,0.8255093114098632,0.5846237466139543,False
PI3KIC50,3,5,0.2,0.574225000184837,0.8249654387334424,0.5845836510224846,True
PI3KIC50,3,5,0.3,0.5734749326781403,0.8266077097267808,0.5863729347737182,False
PI3KIC50,3,5,0.4,0.5707006013465551,0.8304225714382885,0.5899027100200225,False
PI3KIC50,3,5,0.5,0.5661021505665669,0.8363795452976003,0.5950943124524335,False
PI3KIC50,3,5,0.6000000000000001,0.5599146005151845,0.8444324318784776,0.6018101602143734,False
PI3KIC50,3,5,0.7000000000000001,0.5523901295243128,0.8545210525189457,0.6101294332537872,False
PI3KIC50,3,5,0.8,0.5437823441731497,0.8665733801041686,0.6198936934766398,False
PI3KIC50,3,5,0.9,0.5343337936832999,0.8805078943773896,0.6309298845654238,False
PI3KIC50,3,5,1.0,0.5242671837753397,0.8962360012086321,0.6430372667098073,False
PI3KIC50,3,6,0.0,0.5653698387243662,0.8282768886921266,0.5894954549804463,False
PI3KIC50,3,6,0.1,0.5682110900000906,0.8262832286128889,0.5875211969852122,False
PI3KIC50,3,6,0.2,0.5686463805310167,0.8266736759779093,0.5876004564670368,True
PI3KIC50,3,6,0.3,0.5667750161681282,0.8294445291590362,0.5896641399982757,False
PI3KIC50,3,6,0.4,0.56277251327995,0.8345717113218803,0.5937580946544634,False
PI3KIC50,3,6,0.5,0.5568724504656328,0.8420118015054872,0.5999625932963677,False
PI3KIC50,3,6,0.6000000000000001,0.5493453239343242,0.8517038230601855,0.6079332223891842,False
PI3KIC50,3,6,0.7000000000000001,0.5404775988575922,0.8635716233361354,0.6175010542251549,False
PI3KIC50,3,6,0.8,0.5305534539224139,0.8775266400056212,0.6284980177124011,False
PI3KIC50,3,6,0.9,0.5198406851100648,0.8934708404876351,0.6409044326851933,False
PI3KIC50,3,6,1.0,0.5085812151598873,0.9112996383508836,0.6546565657797538,False
PI3KIC50,3,7,0.0,0.5416072946373955,0.8449872536629476,0.5951983416868176,False
PI3KIC50,3,7,0.1,0.5449035533107663,0.8427809518863356,0.5923692499551704,False
PI3KIC50,3,7,0.2,0.5458789310693032,0.8428475363565029,0.5914688116011015,True
PI3KIC50,3,7,0.3,0.5446272472869043,0.8451866299728256,0.59286119785922,False
PI3KIC50,3,7,0.4,0.5413160958270546,0.8497795044795232,0.5963953218544671,False
PI3KIC50,3,7,0.5,0.5361688616865166,0.8565898264139316,0.6018715637002109,False
PI3KIC50,3,7,0.6000000000000001,0.5294440515857194,0.8655650715350482,0.6091375956388527,False
PI3KIC50,3,7,0.7000000000000001,0.5214150726056521,0.876638481734731,0.6180956062061319,False
PI3KIC50,3,7,0.8,0.5123528207190224,0.8897314009249058,0.6285547726627008,False
PI3KIC50,3,7,0.9,0.5025123898735033,0.9047558123567356,0.6403163686191886,False
PI3KIC50,3,7,1.0,0.4921242257247896,0.9216169079925928,0.6532567868547448,False
PI3KIC50,3,8,0.0,0.5612734658075839,0.8352550438540209,0.5950089379290133,False
PI3KIC50,3,8,0.1,0.563887074670296,0.8333955113151639,0.5931654265965032,False
PI3KIC50,3,8,0.2,0.5640437141176056,0.8339145506675028,0.5931592913565449,True
PI3KIC50,3,8,0.3,0.5618431401303758,0.8368070045491871,0.5949103252390421,False
PI3KIC50,3,8,0.4,0.5574665258577995,0.8420478529207636,0.5987290714667463,False
PI3KIC50,3,8,0.5,0.5511571013519857,0.8495932683528304,0.6044159530254424,False
PI3KIC50,3,8,0.6000000000000001,0.543197335211714,0.8593823780226979,0.6118528335673239,False
PI3KIC50,3,8,0.7000000000000001,0.5338862810072853,0.8713395748010736,0.6208613073093951,False
PI3KIC50,3,8,0.8,0.5235199165560376,0.8853771867138434,0.6313272865258006,False
PI3KIC50,3,8,0.9,0.5123761076188407,0.9013983070218984,0.6433871770524756,False
PI3KIC50,3,8,1.0,0.5007046540076278,0.9192996031746066,0.656726208628727,False
PI3KIC50,3,9,0.0,0.5680072293392513,0.8319020225706243,0.5909340761358652,False
PI3KIC50,3,9,0.1,0.5704215109598627,0.8301990611589627,0.5891747566890976,True
PI3KIC50,3,9,0.2,0.5703718088115531,0.830889577503474,0.589501530695931,False
PI3KIC50,3,9,0.3,0.5679646044899589,0.8339675478474092,0.5920078586437987,False
PI3KIC50,3,9,0.4,0.563386169811574,0.8394063546524837,0.5964442981303713,False
PI3KIC50,3,9,0.5,0.5568829963521849,0.8471599312801651,0.6027229136641598,False
PI3KIC50,3,9,0.6000000000000001,0.5487391182898305,0.8571646745202027,0.6106300852853616,False
PI3KIC50,3,9,0.7000000000000001,0.5392538318652763,0.8693419448565397,0.6201800063654341,False
PI3KIC50,3,9,0.8,0.5287224942068087,0.8836009370116333,0.6312154609597023,False
PI3KIC50,3,9,0.9,0.5174219141036407,0.899841697844467,0.6437326720651695,False
PI3KIC50,3,9,1.0,0.5056007247504031,0.9179580907593976,0.6574956011732608,False
PI3KIC50,3,10,0.0,0.5589405461153565,0.8387464560713731,0.5933205210022979,False
PI3KIC50,3,10,0.1,0.5630845638502316,0.8356060896878565,0.5910199684347948,False
PI3KIC50,3,10,0.2,0.5649542421837234,0.8346737009042984,0.5909004244841094,True
PI3KIC50,3,10,0.3,0.564607830685609,0.8359565379147569,0.5925767573776359,False
PI3KIC50,3,10,0.4,0.5621761033545027,0.8394442893703514,0.5961421328253579,False
PI3KIC50,3,10,0.5,0.5578484289903078,0.8451094941223776,0.6014247922823832,False
PI3KIC50,3,10,0.6000000000000001,0.5518552900482051,0.8529086028888754,0.6082428445744102,False
PI3KIC50,3,10,0.7000000000000001,0.544449943700158,0.8627835982581125,0.6166371505653552,False
PI3KIC50,3,10,0.8,0.5358915313946511,0.8746640376755804,0.6266190982086848,False
PI3KIC50,3,10,0.9,0.5264311920164821,0.8884693617798243,0.6378762694973953,False
PI3KIC50,3,10,1.0,0.5163018964244979,0.9041113085040576,0.6505075452761754,False
PI3KIC50,4,1,0.0,0.5733421154442896,0.821707626664778,0.5894030667250755,False
PI3KIC50,4,1,0.1,0.5775320100640495,0.8185354361197898,0.586612230403812,False
PI3KIC50,4,1,0.2,0.5793526446139511,0.8176252484540718,0.5858124207673707,True
PI3KIC50,4,1,0.3,0.5788906446751696,0.8189847875705343,0.5870183585267983,False
PI3KIC50,4,1,0.4,0.57630505067759,0.8226030043213658,0.5901311996706252,False
PI3KIC50,4,1,0.5,0.5718105177265281,0.828450522348767,0.5950155234323843,False
PI3KIC50,4,1,0.6000000000000001,0.5656579158937542,0.8364808096887053,0.6017397386873056,False
PI3KIC50,4,1,0.7000000000000001,0.5581151515469429,0.8466319695347699,0.6098411594267027,False
PI3KIC50,4,1,0.8,0.5494503783852027,0.8588289954233064,0.6195073927615211,False
PI3KIC50,4,1,0.9,0.5399188641114694,0.8729863109952912,0.6305572487029271,False
PI3KIC50,4,1,1.0,0.5297539099373197,0.8890104133318836,0.6428744986132341,False
PI3KIC50,4,2,0.0,0.5500412164724923,0.8470708114732423,0.5976321483396068,False
PI3KIC50,4,2,0.1,0.5535849274468178,0.844391936695161,0.5950569922260153,False
PI3KIC50,4,2,0.2,0.5548239681749427,0.8439844453447544,0.5944804013543608,True
PI3KIC50,4,2,0.3,0.5538280706845203,0.8458513511583415,0.5961146436404967,False
PI3KIC50,4,2,0.4,0.5507411696209281,0.8499773721735906,0.5995884870379647,False
PI3KIC50,4,2,0.5,0.545765899611397,0.856329549205481,0.6048895082392629,False
PI3KIC50,4,2,0.6000000000000001,0.539144805118275,0.8648585350240449,0.6119089912566561,False
PI3KIC50,4,2,0.7000000000000001,0.5311411299975546,0.8755004396438955,0.6203826150628181,False
PI3KIC50,4,2,0.8,0.522021519519348,0.8881790777448414,0.630245135993091,False
PI3KIC50,4,2,0.9,0.5120421118306961,0.9028084468113772,0.6415871223186527,False
PI3KIC50,4,2,1.0,0.5014386122915729,0.9192952686705064,0.6542443301421299,False
PI3KIC50,4,3,0.0,0.5659604160525463,0.8336589029922618,0.5909358677823727,False
PI3KIC50,4,3,0.1,0.5693959378391866,0.8311118285260012,0.5891473955771985,False
PI3KIC50,4,3,0.2,0.5703920778314935,0.8309444725617856,0.5893092284778989,True
PI3KIC50,4,3,0.3,0.5690389919471646,0.8331583358949681,0.5914433632834439,False
PI3KIC50,4,3,0.4,0.56550655283894,0.8377344242503337,0.5956803922075743,False
PI3KIC50,4,3,0.5,0.560025779251341,0.8446340592594135,0.6017430876328508,False
PI3KIC50,4,3,0.6000000000000001,0.5528670194248464,0.8538004874603505,0.6094972862411656,False
PI3KIC50,4,3,0.7000000000000001,0.5443183044362393,0.8651611344577468,0.6186453069853526,False
PI3KIC50,4,3,0.8,0.5346665038879561,0.878630303931579,0.62924593688596,False
PI3KIC50,4,3,0.9,0.524182792217341,0.8941121042037748,0.6412607514063947,False
PI3KIC50,4,3,1.0,0.5131128542776345,0.9115033967297826,0.6545025265103823,False
PI3KIC50,4,4,0.0,0.5593113547599451,0.8386940665908886,0.5932518711844479,False
PI3KIC50,4,4,0.1,0.5636165757814569,0.8352911271114369,0.5905660956713935,False
PI3KIC50,4,4,0.2,0.5656144496593595,0.8341624371382433,0.5897910953115212,True
PI3KIC50,4,4,0.3,0.5653583137815124,0.8353173951174035,0.5910687233167781,False
PI3KIC50,4,4,0.4,0.5629770636856712,0.8387466433104318,0.5942791004176347,False
PI3KIC50,4,4,0.5,0.5586609950041641,0.8444224476029154,0.5993914077295843,False
PI3KIC50,4,4,0.6000000000000001,0.5526437630490707,0.8522998079260319,0.6062640376227126,False
PI3KIC50,4,4,0.7000000000000001,0.5451833224437104,0.8623181971234425,0.6147084785316073,False
PI3KIC50,4,4,0.8,0.5365443115372278,0.8744037763426054,0.62470708736139,False
PI3KIC50,4,4,0.9,0.5269835478234882,0.888471908277553,0.6362771524303484,False
PI3KIC50,4,4,1.0,0.5167394058350914,0.904429787035286,0.6492292578132725,False
PI3KIC50,4,5,0.0,0.5621002260688306,0.8329104600063181,0.5935838735997411,False
PI3KIC50,4,5,0.1,0.5640428158899501,0.8319740297409315,0.5917801312904892,True
PI3KIC50,4,5,0.2,0.563469871634867,0.8335092148343216,0.5920228190582583,False
PI3KIC50,4,5,0.3,0.5605451390188244,0.8375011256389128,0.594470472289202,False
PI3KIC50,4,5,0.4,0.555506054275365,0.8439127863640353,0.5988132839574296,False
PI3KIC50,4,5,0.5,0.5486391244533739,0.8526868761481914,0.6049658780502062,False
PI3KIC50,4,5,0.6000000000000001,0.5402547941706001,0.8637482765231577,0.6128770909121639,False
PI3KIC50,4,5,0.7000000000000001,0.5306651777917756,0.8770071663874404,0.6224079742968438,False
PI3KIC50,4,5,0.8,0.5201666832373455,0.8923623846446244,0.6335294292762204,False
PI3KIC50,4,5,0.9,0.5090281973235851,0.909704801075075,0.6461890627804067,False
PI3KIC50,4,5,1.0,0.4974844730176584,0.9289204853535048,0.6602612230452163,False
PI3KIC50,4,6,0.0,0.5623291347836286,0.8343931586076042,0.5940229833861268,False
PI3KIC50,4,6,0.1,0.5667170143426812,0.8310290466174747,0.5914176586283009,False
PI3KIC50,4,6,0.2,0.5687960386514126,0.8298848012650748,0.5906587078136089,True
PI3KIC50,4,6,0.3,0.5686410319892425,0.8309690950023155,0.5916994265598042,False
PI3KIC50,4,6,0.4,0.5663988747717087,0.8342727166663186,0.5944410632601003,False
PI3KIC50,4,6,0.5,0.562272591132921,0.8397689576214248,0.5989515995043861,False
PI3KIC50,4,6,0.6000000000000001,0.5565025596816364,0.8474146722122503,0.6051429505911395,False
PI3KIC50,4,6,0.7000000000000001,0.5493476744437109,0.8571519165574302,0.613029514793129,False
PI3KIC50,4,6,0.8,0.5410686767746766,0.8689100260178393,0.6223813292939643,False
PI3KIC50,4,6,0.9,0.5319149900261854,0.8826079684457963,0.6331959338127214,False
PI3KIC50,4,6,1.0,0.5221155132831091,0.8981568083670958,0.6454668303453097,False
PI3KIC50,4,7,0.0,0.5503036842130584,0.8393985108748229,0.5973813946999514,False
PI3KIC50,4,7,0.1,0.5548890800923781,0.8361668694658112,0.5945705962976028,False
PI3KIC50,4,7,0.2,0.5570571055048295,0.8352628597766747,0.5939066139949807,True
PI3KIC50,4,7,0.3,0.5569019017119021,0.8366936812654542,0.5952530818120281,False
PI3KIC50,4,7,0.4,0.5545943835977671,0.8404468192470042,0.5986613904870224,False
PI3KIC50,4,7,0.5,0.5503631085666821,0.8464905927448072,0.6040268894236785,False
PI3KIC50,4,7,0.6000000000000001,0.5444726792447243,0.8547754780992696,0.6110997952672128,False
PI3KIC50,4,7,0.7000000000000001,0.5372028832437594,0.8652360817460268,0.6198542447759632,False
PI3KIC50,4,7,0.8,0.5288309032103002,0.8777935856990471,0.6302956345576092,False
PI3KIC50,4,7,0.9,0.5196178345327074,0.8923584664494385,0.6423343767947969,False
PI3KIC50,4,7,1.0,0.5097997596618852,0.9088332919430088,0.6557313191172531,False
PI3KIC50,4,8,0.0,0.5701732114527653,0.8312254798037169,0.5954167207381313,False
PI3KIC50,4,8,0.1,0.5740448644626914,0.8283285990404202,0.5929555401092202,False
PI3KIC50,4,8,0.2,0.5754743538788814,0.8277438098585413,0.5925682832481198,True
PI3KIC50,4,8,0.3,0.5745551253893273,0.8294761547271486,0.5938997249576558,False
PI3KIC50,4,8,0.4,0.5714579060477532,0.8335112446783158,0.5969466770138258,False
PI3KIC50,4,8,0.5,0.5664122109173895,0.8398158526033834,0.6018641334618642,False
PI3KIC50,4,8,0.6000000000000001,0.5596850843554109,0.8483392589120446,0.608466774924096,False
PI3KIC50,4,8,0.7000000000000001,0.551560248282736,0.8590152251739548,0.6166184140968726,False
PI3KIC50,4,8,0.8,0.542320049096725,0.8717644234557589,0.6263839655519577,False
PI3KIC50,4,8,0.9,0.5322315479288876,0.8864971270180366,0.6377281328489628,False
PI3KIC50,4,8,1.0,0.5215371165836933,0.9031159717859264,0.6502980278222305,False
PI3KIC50,4,9,0.0,0.5516997945663422,0.8343330099010899,0.5916567856586198,False
PI3KIC50,4,9,0.1,0.5567056952398722,0.8306761169866567,0.5887575318222069,False
PI3KIC50,4,9,0.2,0.5594281961383878,0.8291565436845358,0.5876457741356659,False
PI3KIC50,4,9,0.3,0.5599390906054832,0.8297861831515568,0.5885566068729818,True
PI3KIC50,4,9,0.4,0.5583804775176102,0.8325602849501493,0.5913507934711555,False
PI3KIC50,4,9,0.5,0.5549492018197322,0.8374576322717655,0.5958309751302188,False
PI3KIC50,4,9,0.6000000000000001,0.5498786617844938,0.8444413423549836,0.6021330266495706,False
PI3KIC50,4,9,0.7000000000000001,0.5434206391272174,0.8534602209099731,0.6100687384771142,False
PI3KIC50,4,9,0.8,0.5358292225365815,0.8644505578767234,0.6193522262128118,False
PI3KIC50,4,9,0.9,0.5273480657765259,0.8773382246696577,0.6299617495022168,False
PI3KIC50,4,9,1.0,0.5182014112297503,0.8920409244084879,0.6419893809203401,False
PI3KIC50,4,10,0.0,0.5486739305264384,0.8466609411830758,0.5966966582254815,False
PI3KIC50,4,10,0.1,0.5507829783316602,0.8454224978372487,0.5951565383764408,True
PI3KIC50,4,10,0.2,0.550589733848258,0.8465265466302843,0.5956645307039267,False
PI3KIC50,4,10,0.3,0.5482187185283622,0.8499626146910254,0.5981814321728933,False
PI3KIC50,4,10,0.4,0.543863544705169,0.8557005455555927,0.6025176495351449,False
PI3KIC50,4,10,0.5,0.5377666638830695,0.8636918211163745,0.6085839025536925,False
PI3KIC50,4,10,0.6000000000000001,0.5301976675987653,0.8738715828204893,0.6162392198190776,False
PI3KIC50,4,10,0.7000000000000001,0.5214332760060424,0.8861611610631297,0.6254405997805413,False
PI3KIC50,4,10,0.8,0.5117410955400103,0.9004708955968151,0.6359675255510269,False
PI3KIC50,4,10,0.9,0.5013680373904885,0.9167030346653632,0.6477848353444856,False
PI3KIC50,4,10,1.0,0.4905333093874178,0.934754530000745,0.6608480242199288,False
PI3KIC50,5,1,0.0,0.5739537434613342,0.8288271383263656,0.5905792480413252,False
PI3KIC50,5,1,0.1,0.5774995726571402,0.8262004449157379,0.5880212269800454,False
PI3KIC50,5,1,0.2,0.5786802994950999,0.8258860332344259,0.5874737681617684,True
PI3KIC50,5,1,0.3,0.5775801890941994,0.8278859482167356,0.5889411665113673,False
PI3KIC50,5,1,0.4,0.574356989323558,0.8321827946982061,0.5922819952982329,False
PI3KIC50,5,1,0.5,0.5692255073846161,0.8387404852979079,0.5974477789664039,False
PI3KIC50,5,1,0.6000000000000001,0.5624382445072944,0.8475057248170008,0.6043586962918371,False
PI3KIC50,5,1,0.7000000000000001,0.554265963499324,0.8584100925588695,0.6130641207916716,False
PI3KIC50,5,1,0.8,0.5449804710764978,0.8713725415883141,0.6233948677340223,False
PI3KIC50,5,1,0.9,0.5348410053642139,0.8863021183040157,0.6350560305137062,False
PI3KIC50,5,1,1.0,0.5240847248723572,0.9031007152271078,0.6480130645942122,False
PI3KIC50,5,2,0.0,0.5767822516314891,0.8323200936180772,0.5916894172652627,False
PI3KIC50,5,2,0.1,0.5797770848952466,0.83019871168383,0.5900571243442903,False
PI3KIC50,5,2,0.2,0.5803846297270431,0.8304823142072664,0.5905712475259882,True
PI3KIC50,5,2,0.3,0.578719193092394,0.8331680751173319,0.5931906388542911,False
PI3KIC50,5,2,0.4,0.5749652020778923,0.8382321717792035,0.5979810596797461,False
PI3KIC50,5,2,0.5,0.5693585515282964,0.84563083967331,0.604531328281535,False
PI3KIC50,5,2,0.6000000000000001,0.5621661228795607,0.8553022371075099,0.612861889804789,False
PI3KIC50,5,2,0.7000000000000001,0.5536663159334774,0.867168938517451,0.6229100842104026,False
PI3KIC50,5,2,0.8,0.5441326209837349,0.8811408323393473,0.6343339335680216,False
PI3KIC50,5,2,0.9,0.5338212736625506,0.8971181910618803,0.6470413894829178,False
PI3KIC50,5,2,1.0,0.522963160719779,0.9149947025707136,0.6611097401706565,False
PI3KIC50,5,3,0.0,0.5658905223317293,0.8238634875373985,0.587673557466801,False
PI3KIC50,5,3,0.1,0.5706468079554874,0.8202704246487119,0.5843151019079889,False
PI3KIC50,5,3,0.2,0.5729936063228808,0.8189510425280702,0.5829996626139797,False
PI3KIC50,5,3,0.3,0.5729976608384083,0.8199163489714827,0.5839125139613619,True
PI3KIC50,5,3,0.4,0.5708047098890273,0.8231581994027171,0.5868230415650469,False
PI3KIC50,5,3,0.5,0.5666232791459709,0.8286496390059135,0.5916119636358206,False
PI3KIC50,5,3,0.6000000000000001,0.5607047523945992,0.8363460114933405,0.5984610951409168,False
PI3KIC50,5,3,0.7000000000000001,0.5533228543733282,0.8461867297644841,0.6068702713407171,False
PI3KIC50,5,3,0.8,0.544755136699892,0.8580975496245833,0.6168377811488237,False
PI3KIC50,5,3,0.9,0.5352681217578589,0.8719931583589879,0.6281394066875404,False
PI3KIC50,5,3,1.0,0.5251067697748348,0.8877798867913063,0.6406171820304885,False
PI3KIC50,5,4,0.0,0.5666269548132153,0.8296353566773341,0.5872082152935546,False
PI3KIC50,5,4,0.1,0.5696590433406175,0.8273752678153805,0.585204165086376,False
PI3KIC50,5,4,0.2,0.5705501981855406,0.8272530338173111,0.5851927044726758,True
PI3KIC50,5,4,0.3,0.569366863398255,0.8292688692528476,0.587033334871131,False
PI3KIC50,5,4,0.4,0.5662382224243174,0.8334064038283415,0.5907238471992136,False
PI3KIC50,5,4,0.5,0.5613436718236237,0.8396333416302554,0.5960198935031762,False
PI3KIC50,5,4,0.6000000000000001,0.5548976045322777,0.8479026978260651,0.6029490368796564,False
PI3KIC50,5,4,0.7000000000000001,0.5471336702007903,0.858154505309775,0.6112769309863065,False
PI3KIC50,5,4,0.8,0.5382903358008637,0.8703178534749876,0.6208179938085414,False
PI3KIC50,5,4,0.9,0.5285989690487561,0.8843131098596564,0.6316152130430189,False
PI3KIC50,5,4,1.0,0.518275013959706,0.9000541816932323,0.6437244449817736,False
PI3KIC50,5,5,0.0,0.5710381267458347,0.8185694884190786,0.5873841110991712,False
PI3KIC50,5,5,0.1,0.5746699583710033,0.8159003172141912,0.5851739191030858,False
PI3KIC50,5,5,0.2,0.5760174865681694,0.815385917341953,0.5847601261309251,True
PI3KIC50,5,5,0.3,0.5751562353325625,0.8170303260746916,0.5860490654150385,False
PI3KIC50,5,5,0.4,0.572231898526575,0.8208205008141543,0.5890765890953128,False
PI3KIC50,5,5,0.5,0.5674451736351271,0.8267268308021783,0.593825955947912,False
PI3KIC50,5,5,0.6000000000000001,0.561033713887334,0.8347042718776233,0.6002184592206394,False
PI3KIC50,5,5,0.7000000000000001,0.5532538867386505,0.8446940052607703,0.608365691181486,False
PI3KIC50,5,5,0.8,0.5443644887953685,0.8566254835200671,0.6179812654545882,False
PI3KIC50,5,5,0.9,0.5346137450493595,0.8704187084414159,0.629055528127003,False
PI3KIC50,5,5,1.0,0.5242300909620147,0.8859865866724872,0.6412705930991708,False
PI3KIC50,5,6,0.0,0.5642589755993264,0.8322106206888099,0.5917218733352942,False
PI3KIC50,5,6,0.1,0.5684045454283018,0.8290795874134803,0.5891329656722656,False
PI3KIC50,5,6,0.2,0.5702588791474371,0.8281949330026943,0.5885044507996788,True
PI3KIC50,5,6,0.3,0.5698925534623498,0.8295636889105376,0.589820232807017,False
PI3KIC50,5,6,0.4,0.5674473146328489,0.8331745805527151,0.5930826819191001,False
PI3KIC50,5,6,0.5,0.5631210715224249,0.838998486811013,0.5981988821850297,False
PI3KIC50,5,6,0.6000000000000001,0.5571498622672456,0.8469895927302351,0.6050074832190017,False
PI3KIC50,5,6,0.7000000000000001,0.5497894935200409,0.8570871314323204,0.6134509027090539,False
PI3KIC50,5,6,0.8,0.5412990425453932,0.8692175667220539,0.6233836184798811,False
PI3KIC50,5,6,0.9,0.5319276029998361,0.8832970450868357,0.6346863441338809,False
PI3KIC50,5,6,1.0,0.5219048214730797,0.8992339454066276,0.6472553287197769,False
PI3KIC50,5,7,0.0,0.5562109638180892,0.8369099394007117,0.5927486571347419,False
PI3KIC50,5,7,0.1,0.5605977203049146,0.8337798076713254,0.5899893693130107,False
PI3KIC50,5,7,0.2,0.5625728766960961,0.8329596862520343,0.589166111749068,True
PI3KIC50,5,7,0.3,0.5622296636837995,0.8344564751828584,0.5904554990029889,False
PI3KIC50,5,7,0.4,0.5597372638732736,0.8382577926432374,0.5935639281261115,False
PI3KIC50,5,7,0.5,0.5553223883594927,0.8443324825633409,0.5986346353283606,False
PI3KIC50,5,7,0.6000000000000001,0.5492482131596402,0.852631870291547,0.6056255513581762,False
PI3KIC50,5,7,0.7000000000000001,0.5417937960293934,0.8630916507573237,0.6142369078316801,False
PI3KIC50,5,7,0.8,0.533236322310058,0.8756342445384663,0.6245290169415255,False
PI3KIC50,5,7,0.9,0.5238374918944076,0.8901714329427964,0.6360577885421448,False
PI3KIC50,5,7,1.0,0.5138343852408391,0.9066070841722766,0.6489591592886597,False
PI3KIC50,5,8,0.0,0.5566549665173947,0.8400658907899066,0.59498436093803,False
PI3KIC50,5,8,0.1,0.5603119741037548,0.8373778001857307,0.5925242585896278,False
PI3KIC50,5,8,0.2,0.5616404778303827,0.8369582192803129,0.5919937729591822,True
PI3KIC50,5,8,0.3,0.5607202463147244,0.838810511351683,0.5934578527760351,False
PI3KIC50,5,8,0.4,0.5577051127447478,0.8429193659410334,0.5967328472725038,False
PI3KIC50,5,8,0.5,0.5528063626453863,0.8492514352165836,0.6019146585424753,False
PI3KIC50,5,8,0.6000000000000001,0.5462731384750791,0.8577566791425658,0.6089386859354017,False
PI3KIC50,5,8,0.7000000000000001,0.5383728381850255,0.86837029442024,0.6176016155403422,False
PI3KIC50,5,8,0.8,0.5293738348279413,0.8810150593361648,0.627813446453741,False
PI3KIC50,5,8,0.9,0.5195319002936775,0.895603909016882,0.6393525382046358,False
PI3KIC50,5,8,1.0,0.5090807924788596,0.9120425621994108,0.6520466874074093,False
PI3KIC50,5,9,0.0,0.5735311444199909,0.828599620590329,0.5921256811084962,False
PI3KIC50,5,9,0.1,0.5770072795566905,0.8259689411202314,0.5898706206069979,False
PI3KIC50,5,9,0.2,0.5783055352121491,0.8254607599785478,0.5893270722267158,True
PI3KIC50,5,9,0.3,0.5774935717493422,0.8270787428139869,0.5905974553312161,False
PI3KIC50,5,9,0.4,0.5747028236524573,0.8308100256556192,0.5936917805270933,False
PI3KIC50,5,9,0.5,0.570115624862175,0.8366257240856161,0.5982471387834977,False
PI3KIC50,5,9,0.6000000000000001,0.5639496329457077,0.844482038817168,0.6045175032258612,False
PI3KIC50,5,9,0.7000000000000001,0.556441771332044,0.8543218605882293,0.6124497725414881,False
PI3KIC50,5,9,0.8,0.547833548824129,0.8660767417631525,0.6218868519157683,False
PI3KIC50,5,9,0.9,0.5383589937905393,0.8796690854388716,0.6326849055223933,False
PI3KIC50,5,9,1.0,0.5282357674316708,0.8950144050542702,0.6448267407030336,False
PI3KIC50,5,10,0.0,0.548378420304422,0.8422723558001216,0.5984673667502866,False
PI3KIC50,5,10,0.1,0.5526129131822886,0.8392332837474668,0.5960211571809773,False
PI3KIC50,5,10,0.2,0.5542884693470187,0.8386463505316891,0.5956236695868032,True
PI3KIC50,5,10,0.3,0.5535010853009492,0.8405167748792165,0.5972209105023465,False
PI3KIC50,5,10,0.4,0.5504351591532363,0.8448283003362181,0.6008197190808446,False
PI3KIC50,5,10,0.5,0.5453419947772871,0.8515438933244731,0.6063786360421913,False
PI3KIC50,5,10,0.6000000000000001,0.5385147408701006,0.8606073000945862,0.6135909274625795,False
PI3KIC50,5,10,0.7000000000000001,0.5302638178684624,0.8719453138288819,0.6223162518463721,False
PI3KIC50,5,10,0.8,0.5208958848638704,0.8854705479282649,0.6326415086584718,False
PI3KIC50,5,10,0.9,0.5106980102135259,0.9010844877061828,0.6443361416631077,False
PI3KIC50,5,10,1.0,0.4999274100736214,0.9186805997466246,0.657193139633975,False
PI3KIC50,6,1,0.0,0.5658767667807381,0.8341828403289828,0.5941277136465665,False
PI3KIC50,6,1,0.1,0.5692597389354044,0.8317563239901347,0.5922072259412418,False
PI3KIC50,6,1,0.2,0.5702616805010778,0.8316728390460337,0.5924818916734287,True
PI3KIC50,6,1,0.3,0.5689726881132519,0.8339331977868886,0.5947706782544259,False
PI3KIC50,6,1,0.4,0.5655577757150674,0.838518546203181,0.5990350844830015,False
PI3KIC50,6,1,0.5,0.560239583955679,0.8453911401517786,0.6051967092398766,False
PI3KIC50,6,1,0.6000000000000001,0.5532781361489955,0.8544958628226604,0.6130016409018443,False
PI3KIC50,6,1,0.7000000000000001,0.5449506785472857,0.8657623451191803,0.6224322398630037,False
PI3KIC50,6,1,0.8,0.5355339863943427,0.8791075073823382,0.6332748375458631,False
PI3KIC50,6,1,0.9,0.5252905502761692,0.894438324232752,0.6454788042588764,False
PI3KIC50,6,1,1.0,0.5144591023839242,0.911654622988082,0.6588472463600047,False
PI3KIC50,6,2,0.0,0.5510016154413084,0.839864668378976,0.5944679729424285,False
PI3KIC50,6,2,0.1,0.5557398241881792,0.8365736614864169,0.5920944572233058,False
PI3KIC50,6,2,0.2,0.5582737570711469,0.8353988326353006,0.5914955607851808,False
PI3KIC50,6,2,0.3,0.5586880094033713,0.8363490381478036,0.5927020525806743,True
PI3KIC50,6,2,0.4,0.5571304483468478,0.8394169870623263,0.5956702332622894,False
PI3KIC50,6,2,0.5,0.5537970161025505,0.8445795177294115,0.6004084867310115,False
PI3KIC50,6,2,0.6000000000000001,0.5489146270593019,0.8517984580864792,0.6067089903980983,False
PI3KIC50,6,2,0.7000000000000001,0.542724500547084,0.8610219965995819,0.6145366321729374,False
PI3KIC50,6,2,0.8,0.5354676880582815,0.8721864528145954,0.6238012797799288,False
PI3KIC50,6,2,0.9,0.5273737941272285,0.8852183139927117,0.6343509397972856,False
PI3KIC50,6,2,1.0,0.5186531768192261,0.9000363988323631,0.6461387214216693,False
PI3KIC50,6,3,0.0,0.564172702925388,0.8312776491885451,0.5934900668304175,False
PI3KIC50,6,3,0.1,0.5675909979471851,0.8289268914111434,0.5916954681862416,False
PI3KIC50,6,3,0.2,0.568647671436436,0.8288489118078065,0.5920425514563175,True
PI3KIC50,6,3,0.3,0.5674556368378999,0.831044354313493,0.5943496711620231,False
PI3KIC50,6,3,0.4,0.5641978970833783,0.8354953523219061,0.5983825475533907,False
PI3KIC50,6,3,0.5,0.5591087434298652,0.8421662438462014,0.6040209552736631,False
PI3KIC50,6,3,0.6000000000000001,0.5524530679613676,0.8510049633364792,0.6111969894548341,False
PI3KIC50,6,3,0.7000000000000001,0.5445067284329151,0.8619449871986073,0.6200980283335961,False
PI3KIC50,6,3,0.8,0.5355400623898534,0.8749076714096591,0.6304584328394872,False
PI3KIC50,6,3,0.9,0.5258056123657119,0.8898048038645812,0.642210207465449,False
PI3KIC50,6,3,1.0,0.5155302049501044,0.9065412004207618,0.6552475889404873,False
PI3KIC50,6,4,0.0,0.5692776032057887,0.8279223610862976,0.5898269502260116,False
PI3KIC50,6,4,0.1,0.5722651380284774,0.8259087780470888,0.5881792299007839,False
PI3KIC50,6,4,0.2,0.5729858390308401,0.8261304232100434,0.5884976823172201,True
PI3KIC50,6,4,0.3,0.5715503095121541,0.8285857527653862,0.5906203495546899,False
PI3KIC50,6,4,0.4,0.5681328430657151,0.8332551272210988,0.5946622414535171,False
PI3KIC50,6,4,0.5,0.5629544839009515,0.8401015923963918,0.6005018769357482,False
PI3KIC50,6,4,0.6000000000000001,0.5562644935060211,0.8490723168931831,0.6079774842420924,False
PI3KIC50,6,4,0.7000000000000001,0.5483227192339432,0.8601005584845813,0.6168797532413901,False
PI3KIC50,6,4,0.8,0.5393846638059099,0.8731079957736239,0.6272122131688125,False
PI3KIC50,6,4,0.9,0.5296901991295769,0.8880072486983559,0.6387422014917082,False
PI3KIC50,6,4,1.0,0.5194560971727485,0.904704420572232,0.6515260746483789,False
PI3KIC50,6,5,0.0,0.5519271601047919,0.8416408139657466,0.5939094717844856,False
PI3KIC50,6,5,0.1,0.5554941202499732,0.8389152845264631,0.5914195286905535,False
PI3KIC50,6,5,0.2,0.5568399400383994,0.838313849363525,0.5905898735987885,True
PI3KIC50,6,5,0.3,0.5560227865407429,0.8398403968560031,0.5916025553828106,False
PI3KIC50,6,5,0.4,0.5531709506414814,0.8434825812518698,0.5945781228709057,False
PI3KIC50,6,5,0.5,0.5484693066115083,0.8492123185145323,0.5991709339988628,False
PI3KIC50,6,5,0.6000000000000001,0.5421424634024807,0.8569868532557257,0.6053017660224671,False
PI3KIC50,6,5,0.7000000000000001,0.5344371619260013,0.8667503041865168,0.6128598938219989,False
PI3KIC50,6,5,0.8,0.5256060783583616,0.8784355628670438,0.6218414439727249,False
PI3KIC50,6,5,0.9,0.5158944794630975,0.8919664052678369,0.6321422506027974,False
PI3KIC50,6,5,1.0,0.5055303964713633,0.9072596775257844,0.6435987199415805,False
PI3KIC50,6,6,0.0,0.5675286520031602,0.8252660551144482,0.5902975044834899,False
PI3KIC50,6,6,0.1,0.5705491745370777,0.8231414310399255,0.5883414759390689,False
PI3KIC50,6,6,0.2,0.5711694012265345,0.8233655079812003,0.588521233107776,True
PI3KIC50,6,6,0.3,0.5694837909675359,0.8259351067128466,0.590651504785949,False
PI3KIC50,6,6,0.4,0.5656624927337071,0.8308270407221338,0.5946238257279008,False
PI3KIC50,6,6,0.5,0.5599334337347636,0.8379991473651686,0.6003642565268301,False
PI3KIC50,6,6,0.6000000000000001,0.5525615942145302,0.8473920575157164,0.6079744310016117,False
PI3KIC50,6,6,0.7000000000000001,0.5438285521776834,0.8589315365044848,0.6171018072725325,False
PI3KIC50,6,6,0.8,0.5340146625114983,0.8725311937632355,0.6276340685950493,False
PI3KIC50,6,6,0.9,0.5233852366853208,0.8880953524484697,0.6395169259760377,False
PI3KIC50,6,6,1.0,0.5121811309244606,0.9055218894519104,0.6526129694264087,False
PI3KIC50,6,7,0.0,0.5628282737323757,0.8324978251706654,0.5940865528380075,False
PI3KIC50,6,7,0.1,0.5670505278742229,0.8293895330957752,0.5916106085047517,False
PI3KIC50,6,7,0.2,0.5688997151870389,0.8285645461179294,0.5912211720794874,True
PI3KIC50,6,7,0.3,0.5684552931566087,0.8300294951739289,0.5927397273884955,False
PI3KIC50,6,7,0.4,0.5658725132426559,0.8337720816945854,0.5960654427805043,False
PI3KIC50,6,7,0.5,0.5613655268538973,0.8397615909268927,0.6013129760586982,False
PI3KIC50,6,7,0.6000000000000001,0.5551873534478984,0.8479501319028483,0.6082892876481572,False
PI3KIC50,6,7,0.7000000000000001,0.5476097811119576,0.8582744897814459,0.6167108388885542,False
PI3KIC50,6,7,0.8,0.5389056233709002,0.8706584298880079,0.6265815659978499,False
PI3KIC50,6,7,0.9,0.5293347848900692,0.88501527031145,0.6379177653451538,False
PI3KIC50,6,7,1.0,0.5191346249242011,0.90125054158537,0.65057264228599,False
PI3KIC50,6,8,0.0,0.5698634652119685,0.832830675539969,0.594594718317545,False
PI3KIC50,6,8,0.1,0.573785533369154,0.8298543758830164,0.5922503538174307,False
PI3KIC50,6,8,0.2,0.5754412649863697,0.8290900261083332,0.5920738881581,True
PI3KIC50,6,8,0.3,0.574905631870853,0.8305435207793854,0.5939221331570786,False
PI3KIC50,6,8,0.4,0.5723221534384699,0.8342029491493719,0.5975683084374419,False
PI3KIC50,6,8,0.5,0.5678880620137846,0.8400390811433149,0.6028104329577071,False
PI3KIC50,6,8,0.6000000000000001,0.5618367306893248,0.8480065184834142,0.6096447361069215,False
PI3KIC50,6,8,0.7000000000000001,0.554419935097868,0.8580454072962702,0.6180059912436385,False
PI3KIC50,6,8,0.8,0.5458920062640936,0.8700835670409084,0.6276069241163273,False
PI3KIC50,6,8,0.9,0.5364971504251406,0.8840388702573401,0.6386560200173048,False
PI3KIC50,6,8,1.0,0.5264604221193026,0.8998217086583378,0.6509537567064567,False
PI3KIC50,6,9,0.0,0.5696775167025596,0.8271906779761691,0.5896171156771751,False
PI3KIC50,6,9,0.1,0.5727523774223497,0.8252243610481192,0.5878473994363929,False
PI3KIC50,6,9,0.2,0.5733736119656735,0.8256329417789653,0.5880019864292609,True
PI3KIC50,6,9,0.3,0.571679421732471,0.8284125261676267,0.5901155859601447,False
PI3KIC50,6,9,0.4,0.5678791261956146,0.8335388661128376,0.5942838002487403,False
PI3KIC50,6,9,0.5,0.562231556988649,0.8409684061190525,0.600238669965749,False
PI3KIC50,6,9,0.6000000000000001,0.5550224401985369,0.8506400919471917,0.6080143209808127,False
PI3KIC50,6,9,0.7000000000000001,0.5465438096449328,0.8624777708734868,0.617454709435737,False
PI3KIC50,6,9,0.8,0.5370774057411978,0.8763929745984435,0.628609210311336,False
PI3KIC50,6,9,0.9,0.5268828586535675,0.8922878679838447,0.6411857709480484,False
PI3KIC50,6,9,1.0,0.5161905263837598,0.9100581659480896,0.6549590819591125,False
PI3KIC50,6,10,0.0,0.5555815644639321,0.8375541028657045,0.5927500822475279,False
PI3KIC50,6,10,0.1,0.5593291230555235,0.8347815341581972,0.5901139083978946,False
PI3KIC50,6,10,0.2,0.5607392470768348,0.834262884624119,0.5894288656822353,True
PI3KIC50,6,10,0.3,0.5598866976513873,0.8360020499373789,0.5906130536965677,False
PI3KIC50,6,10,0.4,0.5569216688658326,0.8399846414673059,0.5936021987397264,False
PI3KIC50,6,10,0.5,0.552053421921727,0.8461785752332676,0.5984695393768751,False
PI3KIC50,6,10,0.6000000000000001,0.545530677536801,0.8545353395372247,0.6050985582504413,False
PI3KIC50,6,10,0.7000000000000001,0.5376217924056084,0.8649918273275461,0.6131680856833552,False
PI3KIC50,6,10,0.8,0.5285971306005874,0.8774725786102039,0.6227955167444013,False
PI3KIC50,6,10,0.9,0.5187151002544412,0.8918922598343035,0.6337544885585218,False
PI3KIC50,6,10,1.0,0.5082123831700545,0.9081582108242658,0.6459274531834487,False
PI3KIC50,7,1,0.0,0.5671347421716988,0.8333221877370918,0.5926689758754886,False
PI3KIC50,7,1,0.1,0.5709453065915053,0.830478545618887,0.5912562856114623,False
PI3KIC50,7,1,0.2,0.5724695832352141,0.8298663375387036,0.5918492474367542,True
PI3KIC50,7,1,0.3,0.5717829644704263,0.8314907061519754,0.5942812392050543,False
PI3KIC50,7,1,0.4,0.5690315475703935,0.8353387094651538,0.5983992394234461,False
PI3KIC50,7,1,0.5,0.5644168076332802,0.8413798337018934,0.6041829314430551,False
PI3KIC50,7,1,0.6000000000000001,0.5581773320062692,0.8495671865972799,0.6116588401019417,False
PI3KIC50,7,1,0.7000000000000001,0.5505703600697596,0.8598392642478032,0.6205899712231394,False
PI3KIC50,7,1,0.8,0.5418553260405728,0.8721221415387419,0.6308456400952321,False
PI3KIC50,7,1,0.9,0.5322807587978252,0.8863319150580959,0.6424936885000393,False
PI3KIC50,7,1,1.0,0.5220750397255337,0.9023772286195472,0.6553079675843155,False
PI3KIC50,7,2,0.0,0.5592227892640503,0.8399205284400495,0.5966496177569665,False
PI3KIC50,7,2,0.1,0.561670481556991,0.8384362691065356,0.5953702107181169,False
PI3KIC50,7,2,0.2,0.5619123626768026,0.8391361667641869,0.5958711963631049,True
PI3KIC50,7,2,0.3,0.5600565394339403,0.842014511095204,0.5980962924911264,False
PI3KIC50,7,2,0.4,0.5562727712620585,0.8470488196619884,0.6022056065942131,False
PI3KIC50,7,2,0.5,0.550776326603521,0.8542007021741714,0.607913531547134,False
PI3KIC50,7,2,0.6000000000000001,0.5438102191455446,0.8634172835468936,0.6151235025516131,False
PI3KIC50,7,2,0.7000000000000001,0.535628197999187,0.8746330667206553,0.6236467946299207,False
PI3KIC50,7,2,0.8,0.5264802334521747,0.8877720903521276,0.6337544535036163,False
PI3KIC50,7,2,0.9,0.5166014435779964,0.9027502296461564,0.6452886205125854,False
PI3KIC50,7,2,1.0,0.5062046747570033,0.9194774989266532,0.6580799100183158,False
PI3KIC50,7,3,0.0,0.5591802394727492,0.8320505534294453,0.5918598632940267,False
PI3KIC50,7,3,0.1,0.5612773681607035,0.8308477942366753,0.590988296649521,True
PI3KIC50,7,3,0.2,0.5609931513511047,0.8320096097584558,0.5918119077022875,False
PI3KIC50,7,3,0.3,0.5584564262855309,0.8355257205196027,0.594574383181772,False
PI3KIC50,7,3,0.4,0.5538673133424658,0.8413662006740539,0.5989147991547106,False
PI3KIC50,7,3,0.5,0.5474767809502584,0.8494827280362148,0.6052543158175243,False
PI3KIC50,7,3,0.6000000000000001,0.5395645991509495,0.8598105154163062,0.61319200303464,False
PI3KIC50,7,3,0.7000000000000001,0.5304187992641894,0.8722707504185158,0.6228646460996697,False
PI3KIC50,7,3,0.8,0.5203187677607686,0.8867733434291163,0.6338480043838559,False
PI3KIC50,7,3,0.9,0.5095229621127597,0.9032197833549472,0.6461539299055448,False
PI3KIC50,7,3,1.0,0.4982612688522693,0.9215059232453396,0.6599058652206505,False
PI3KIC50,7,4,0.0,0.5807712157833544,0.8268429348276156,0.5922341090556764,False
PI3KIC50,7,4,0.1,0.5843044448844801,0.8242570895688314,0.5895382517783988,False
PI3KIC50,7,4,0.2,0.5853900172077197,0.8241330071444771,0.5892200377542633,True
PI3KIC50,7,4,0.3,0.5841369111117691,0.8264727465835909,0.5911078186278564,False
PI3KIC50,7,4,0.4,0.5807279288111744,0.8312561420611508,0.5950211342773598,False
PI3KIC50,7,4,0.5,0.5754008186980916,0.8384416721223638,0.6006138396213514,False
PI3KIC50,7,4,0.6000000000000001,0.5684271770840524,0.8479682423137465,0.6079489880081049,False
PI3KIC50,7,4,0.7000000000000001,0.5600921290397519,0.8597577058487234,0.6171143363060112,False
PI3KIC50,7,4,0.8,0.550676994165296,0.8737178886105028,0.6279295591507955,False
PI3KIC50,7,4,0.9,0.5404461278337468,0.8897458637316363,0.6402411958977701,False
PI3KIC50,7,4,1.0,0.5296381961881481,0.9077312353121114,0.6539449147673244,False
PI3KIC50,7,5,0.0,0.5671166900532885,0.8222897090908615,0.5874858131295128,False
PI3KIC50,7,5,0.1,0.5710141249558325,0.8195495871348475,0.5851320272061373,False
PI3KIC50,7,5,0.2,0.5724791865368148,0.8190964976288383,0.584947710768905,True
PI3KIC50,7,5,0.3,0.5716266328249209,0.8209341238560548,0.5869383231619529,False
PI3KIC50,7,5,0.4,0.5686442282151972,0.8250470195224684,0.5909419421524913,False
PI3KIC50,7,5,0.5,0.5637730323975735,0.8314012528779822,0.5968431453677299,False
PI3KIC50,7,5,0.6000000000000001,0.5572858147282911,0.8399457806114411,0.6043886939373394,False
PI3KIC50,7,5,0.7000000000000001,0.5494666433415973,0.8506144246848237,0.6135648704855043,False
PI3KIC50,7,5,0.8,0.5405938013496603,0.8633282808486203,0.6241418430215865,False
PI3KIC50,7,5,0.9,0.5309271034866357,0.8779983685842021,0.6360079129983666,False
PI3KIC50,7,5,1.0,0.5206997389346488,0.8945283379749362,0.6491785617576707,False
PI3KIC50,7,6,0.0,0.5454048955337538,0.8455986381389164,0.6031691123823174,False
PI3KIC50,7,6,0.1,0.5503070882861224,0.8418189219621832,0.5997069507805166,False
PI3KIC50,7,6,0.2,0.5529006452186923,0.840278667353269,0.5982418006837081,False
PI3KIC50,7,6,0.3,0.5532324052841081,0.8409899409713194,0.598693786092027,True
PI3KIC50,7,6,0.4,0.5514267345321634,0.8439464438320059,0.6008057092235746,False
PI3KIC50,7,6,0.5,0.54767112786453,0.8491237892476031,0.6045962130571318,False
PI3KIC50,7,6,0.6000000000000001,0.5421977816671255,0.8564805076304521,0.6101645994037163,False
PI3KIC50,7,6,0.7000000000000001,0.5352641147669269,0.8659596824231774,0.6174880855326107,False
PI3KIC50,7,6,0.8,0.5271347842615846,0.8774910701457357,0.6264950045716489,False
PI3KIC50,7,6,0.9,0.518066902821554,0.8909935292856435,0.6370299643400981,False
PI3KIC50,7,6,1.0,0.5082992350303942,0.9063775789391594,0.6489289370265496,False
PI3KIC50,7,7,0.0,0.5447522889573311,0.8466284551785115,0.5971494728230795,False
PI3KIC50,7,7,0.1,0.5470972325655195,0.8451540897359424,0.5955887458883188,False
PI3KIC50,7,7,0.2,0.547106861609685,0.845987205926256,0.596253019144805,True
PI3KIC50,7,7,0.3,0.5448913619111313,0.8491216655101057,0.5988730042021635,False
PI3KIC50,7,7,0.4,0.5406336064233389,0.8545329689075093,0.6031728491102305,False
PI3KIC50,7,7,0.5,0.5345702647080206,0.8621791878763234,0.609191035615031,False
PI3KIC50,7,7,0.6000000000000001,0.5269705635389482,0.872002531961491,0.6170360979227919,False
PI3KIC50,7,7,0.7000000000000001,0.5181158366040927,0.8839314173310167,0.6265344149898749,False
PI3KIC50,7,7,0.8,0.5082821723885398,0.8978828746865771,0.6373558833053676,False
PI3KIC50,7,7,0.9,0.4977273896109248,0.9137651228755872,0.6494841391677095,False
PI3KIC50,7,7,1.0,0.4866825788175616,0.9314801451328092,0.6627823165633124,False
PI3KIC50,7,8,0.0,0.5726939188003671,0.828503595480797,0.5898948555661189,False
PI3KIC50,7,8,0.1,0.5765619626611789,0.8255935492378104,0.5872763534383169,False
PI3KIC50,7,8,0.2,0.5780314129929417,0.8250277950767902,0.586959270765903,True
PI3KIC50,7,8,0.3,0.5771911564355673,0.8268109055314812,0.5888477976528914,False
PI3KIC50,7,8,0.4,0.5742047166828947,0.8309273991546536,0.5927754937657482,False
PI3KIC50,7,8,0.5,0.5692931013696078,0.8373424064122892,0.5983656958190253,False
PI3KIC50,7,8,0.6000000000000001,0.5627147598832056,0.846003119914456,0.6056067118888299,False
PI3KIC50,7,8,0.7000000000000001,0.5547456249504237,0.8568408916562171,0.6145613123202459,False
PI3KIC50,7,8,0.8,0.5456615713842783,0.8697737911266399,0.6250376987434949,False
PI3KIC50,7,8,0.9,0.5357246843021152,0.8847094175888637,0.6368184759118753,False
PI3KIC50,7,8,1.0,0.5251737973365721,0.9015477667428088,0.6499122858940063,False
PI3KIC50,7,9,0.0,0.5531254678644448,0.8368948233168263,0.5934013709880878,False
PI3KIC50,7,9,0.1,0.5564090770765792,0.8344684956215541,0.5910199035791611,False
PI3KIC50,7,9,0.2,0.5574154676022618,0.8341755248405244,0.5907267641424074,True
PI3KIC50,7,9,0.3,0.5562107193640463,0.8360170286229389,0.5925041401356644,False
PI3KIC50,7,9,0.4,0.5529348738841724,0.8399778910717475,0.5958871823198241,False
PI3KIC50,7,9,0.5,0.5477870507460856,0.8460273647167584,0.6008235587452843,False
PI3KIC50,7,9,0.6000000000000001,0.5410069617423853,0.8541202246608334,0.6071697457422431,False
PI3KIC50,7,9,0.7000000000000001,0.5328557328878519,0.8641983778990177,0.6150580738336439,False
PI3KIC50,7,9,0.8,0.5235984725161543,0.8761928017241056,0.6242650687021437,False
PI3KIC50,7,9,0.9,0.5134901718978002,0.8900256726832424,0.6347876078724786,False
PI3KIC50,7,9,1.0,0.5027656086411346,0.9056125511885954,0.6465530833958905,False
PI3KIC50,7,10,0.0,0.5509360114512982,0.8413717198995115,0.5988415046857336,False
PI3KIC50,7,10,0.1,0.5542829355860702,0.8388023927195698,0.5963454636881724,False
PI3KIC50,7,10,0.2,0.5553975906548263,0.8384041406787904,0.5956434634352938,True
PI3KIC50,7,10,0.3,0.5543417866231957,0.8401804364705321,0.5968716655647516,False
PI3KIC50,7,10,0.4,0.5512486161390826,0.8441175493821648,0.5999985464509103,False
PI3KIC50,7,10,0.5,0.5463084296129181,0.8501850829668094,0.6050838640050922,False
PI3KIC50,7,10,0.6000000000000001,0.5397513937174967,0.8583371528054811,0.612024057184295,False
PI3KIC50,7,10,0.7000000000000001,0.5318293218939637,0.8685140979233911,0.6204886728336793,False
PI3KIC50,7,10,0.8,0.52279904195207,0.8806445798196201,0.6304387814479647,False
PI3KIC50,7,10,0.9,0.5129087997424056,0.8946479052792965,0.6418613028113336,False
PI3KIC50,7,10,1.0,0.5023883665901304,0.9104364128400724,0.6544919548892307,False
PI3KIC50,8,1,0.0,0.5535258734377833,0.8365059427826615,0.5895193901469679,False
PI3KIC50,8,1,0.1,0.5575882270650492,0.8336009655288471,0.5874304488074463,False
PI3KIC50,8,1,0.2,0.5593363166771701,0.8329064120278262,0.5874465357851947,True
PI3KIC50,8,1,0.3,0.5588539158376687,0.8344278872727411,0.5891959483694416,False
PI3KIC50,8,1,0.4,0.5562964953955793,0.8381533220467643,0.5926342346536572,False
PI3KIC50,8,1,0.5,0.5518747288057357,0.8440534479842174,0.5978628195223037,False
PI3KIC50,8,1,0.6000000000000001,0.5458353063258563,0.8520829298248908,0.6046191742406203,False
PI3KIC50,8,1,0.7000000000000001,0.538441883669003,0.8621820547414275,0.6129513468333102,False
PI3KIC50,8,1,0.8,0.5299583619013459,0.8742788370929715,0.6228968589089179,False
PI3KIC50,8,1,0.9,0.5206357969695474,0.8882913759265127,0.6341671818022807,False
PI3KIC50,8,1,1.0,0.510703359570808,0.9041303025326476,0.6469225677268586,False
PI3KIC50,8,2,0.0,0.566865466161304,0.8367416675639634,0.5924188198444245,False
PI3KIC50,8,2,0.1,0.5706537485688369,0.8338992065438016,0.5901582670781623,False
PI3KIC50,8,2,0.2,0.571957632296081,0.8335611413572732,0.5902842332301718,True
PI3KIC50,8,2,0.3,0.5708754322800631,0.835730459446774,0.5924589388256174,False
PI3KIC50,8,2,0.4,0.5675854002413495,0.8403876986641421,0.5966826317134364,False
PI3KIC50,8,2,0.5,0.562326290194687,0.8474918079702244,0.6026655641209716,False
PI3KIC50,8,2,0.6000000000000001,0.5553750261084416,0.8569819122981158,0.6103641025893174,False
PI3KIC50,8,2,0.7000000000000001,0.5470248453411994,0.8687798098184105,0.6196826388423727,False
PI3KIC50,8,2,0.8,0.5375664622938748,0.8827929741941603,0.6304036084571989,False
PI3KIC50,8,2,0.9,0.5272736718298663,0.89891781397539,0.6425535849991647,False
PI3KIC50,8,2,1.0,0.5163937531807653,0.9170429542012088,0.6560418425799759,False
PI3KIC50,8,3,0.0,0.5771062400922166,0.8218744813772636,0.5905614742528541,False
PI3KIC50,8,3,0.1,0.5811693533187834,0.8189966684789993,0.5883745394028741,False
PI3KIC50,8,3,0.2,0.5826816626998939,0.8186397856721921,0.5883120218362656,True
PI3KIC50,8,3,0.3,0.5817753564988417,0.8208065689331343,0.5903913589572563,False
PI3KIC50,8,3,0.4,0.5786586595042468,0.8254765475058479,0.5946753079051054,False
PI3KIC50,8,3,0.5,0.5735936085289619,0.8326069997261634,0.6008192257180331,False
PI3KIC50,8,3,0.6000000000000001,0.5668725076755925,0.8421348596262936,0.6088222071782327,False
PI3KIC50,8,3,0.7000000000000001,0.5587962779211769,0.853979382093706,0.6185581571114485,False
PI3KIC50,8,3,0.8,0.5496568160320688,0.8680453178196409,0.6298537611437807,False
PI3KIC50,8,3,0.9,0.5397242809420838,0.8842263318777469,0.6425846286320798,False
PI3KIC50,8,3,1.0,0.5292392434750555,0.9024084181863496,0.6566205530511495,False
PI3KIC50,8,4,0.0,0.55978081867474,0.832480915335365,0.591369232324152,False
PI3KIC50,8,4,0.1,0.563861938501321,0.8294286299013309,0.5887272946611344,False
PI3KIC50,8,4,0.2,0.5657299012688991,0.8285236084779688,0.5880588303287685,True
PI3KIC50,8,4,0.3,0.5654501347652227,0.8297735756278455,0.5894045821635185,False
PI3KIC50,8,4,0.4,0.5631554155020593,0.8331691184895046,0.5925342404229679,False
PI3KIC50,8,4,0.5,0.5590318701170303,0.8386840400254829,0.5975655119475162,False
PI3KIC50,8,4,0.6000000000000001,0.5533021863818832,0.8462763691524057,0.6045661284156283,False
PI3KIC50,8,4,0.7000000000000001,0.5462085135145023,0.8558899374986589,0.6132444151170697,False
PI3KIC50,8,4,0.8,0.5379970544054604,0.8674563872663497,0.623309911880553,False
PI3KIC50,8,4,0.9,0.5289056114716061,0.880897449832494,0.6346702901389772,False
PI3KIC50,8,4,1.0,0.5191545925185673,0.8961273317230407,0.647196913769886,False
PI3KIC50,8,5,0.0,0.5603054833100674,0.8354961319341282,0.5967993327088315,False
PI3KIC50,8,5,0.1,0.564502891753074,0.8324976315456587,0.5940482696261753,False
PI3KIC50,8,5,0.2,0.5663414809677951,0.831735677262408,0.5935539204769228,True
PI3KIC50,8,5,0.3,0.5659292655419168,0.8332162804202687,0.5950338172057281,False
PI3KIC50,8,5,0.4,0.5634432582581652,0.8369272341374261,0.5984885509946279,False
PI3KIC50,8,5,0.5,0.5591106864538318,0.8428386129524096,0.6037472421443839,False
PI3KIC50,8,5,0.6000000000000001,0.5531887847240985,0.8509039647314811,0.6107022975566542,False
PI3KIC50,8,5,0.7000000000000001,0.5459458918758416,0.8610620859804863,0.6191329287933399,False
PI3KIC50,8,5,0.8,0.5376457027034377,0.8732392274774895,0.6289052916190687,False
PI3KIC50,8,5,0.9,0.5285355508006722,0.8873515557570186,0.6400654543298513,False
PI3KIC50,8,5,1.0,0.5188387805060991,0.903307697644182,0.6526275745329041,False
PI3KIC50,8,6,0.0,0.5668319825303986,0.8322774833561004,0.5915722304255777,False
PI3KIC50,8,6,0.1,0.5711233514637257,0.8290178099818588,0.5889537434745209,False
PI3KIC50,8,6,0.2,0.5730459905307804,0.8281090378529752,0.5884742494326451,True
PI3KIC50,8,6,0.3,0.5726717731906276,0.8295590121390373,0.5901022605384638,False
PI3KIC50,8,6,0.4,0.5701479349260493,0.8333554670879583,0.5936775525570867,False
PI3KIC50,8,6,0.5,0.5656812718256339,0.8394665397500857,0.5989224701678657,False
PI3KIC50,8,6,0.6000000000000001,0.559519008166067,0.8478420845758439,0.6059771370578455,False
PI3KIC50,8,6,0.7000000000000001,0.5519292384690789,0.8584156651278623,0.6145824039013169,False
PI3KIC50,8,6,0.8,0.5431833243627512,0.8711070452317351,0.624651526338664,False
PI3KIC50,8,6,0.9,0.533541760560327,0.8858249752750279,0.6359857398076232,False
PI3KIC50,8,6,1.0,0.5232441187403039,0.9024700706785564,0.6485592006811931,False
PI3KIC50,8,7,0.0,0.5511646324519303,0.8410489294016642,0.5928780693074429,False
PI3KIC50,8,7,0.1,0.5535027114449125,0.8394502409908512,0.5909563804911706,False
PI3KIC50,8,7,0.2,0.5535644425751334,0.8401252689504339,0.590930777269146,True
PI3KIC50,8,7,0.3,0.5514388826394464,0.843068359812342,0.5931769570016476,False
PI3KIC50,8,7,0.4,0.5472862736902077,0.8482556539868256,0.5973279312370307,False
PI3KIC50,8,7,0.5,0.54132186777093,0.8556460402021117,0.6033961168096285,False
PI3KIC50,8,7,0.6000000000000001,0.5337968136506789,0.865182742764963,0.6110970977677719,False
PI3KIC50,8,7,0.7000000000000001,0.5249789711791362,0.8767954030673822,0.6204225786683086,False
PI3KIC50,8,7,0.8,0.5151359438861044,0.8904024866565308,0.6314012364042305,False
PI3KIC50,8,7,0.9,0.5045217290938082,0.9059138401678072,0.6437011608260761,False
PI3KIC50,8,7,1.0,0.4933674811021375,0.9232332359921848,0.6573033509020666,False
PI3KIC50,8,8,0.0,0.5673221805718693,0.8302595277422895,0.5938822886101415,False
PI3KIC50,8,8,0.1,0.5707317267404054,0.8278465039832948,0.5909373997430707,False
PI3KIC50,8,8,0.2,0.5717772369855849,0.8277647316297532,0.5899649953798789,True
PI3KIC50,8,8,0.3,0.5705619107472337,0.8300144030799326,0.5909693342517434,False
PI3KIC50,8,8,0.4,0.567259959782371,0.8345757023080564,0.593880064692112,False
PI3KIC50,8,8,0.5,0.5620985907599335,0.841409675547054,0.5986094829901777,False
PI3KIC50,8,8,0.6000000000000001,0.5553378465552354,0.8504598778975859,0.6050504507645661,False
PI3KIC50,8,8,0.7000000000000001,0.5472511772618806,0.861654636473698,0.6131129863141325,False
PI3KIC50,8,8,0.8,0.538108848496999,0.8749097267306769,0.6227391000589455,False
PI3KIC50,8,8,0.9,0.5281653211892092,0.8901312458804135,0.6337736100873027,False
PI3KIC50,8,8,1.0,0.5176508472260938,0.907218482919341,0.6458917340519384,False
PI3KIC50,8,9,0.0,0.5495945539604385,0.8427762051596522,0.5964439608964547,False
PI3KIC50,8,9,0.1,0.5530157929027268,0.8404085929306884,0.5936632085405763,False
PI3KIC50,8,9,0.2,0.5539801336529118,0.840454523656654,0.5927876461220922,True
PI3KIC50,8,9,0.3,0.552587192313316,0.8429131526258477,0.5940149385539308,False
PI3KIC50,8,9,0.4,0.5490177323025056,0.8477630116140059,0.5973182154095411,False
PI3KIC50,8,9,0.5,0.5435137132413618,0.8549629348494344,0.6027439781129477,False
PI3KIC50,8,9,0.6000000000000001,0.536355263740248,0.8644537635049959,0.6100789880088637,False
PI3KIC50,8,9,0.7000000000000001,0.5278381643562315,0.8761606689752393,0.619177728537875,False
PI3KIC50,8,9,0.8,0.5182545409296091,0.8899958930315124,0.6299458328732536,False
PI3KIC50,8,9,0.9,0.5078782526417066,0.9058616904433018,0.642112799251443,False
PI3KIC50,8,9,1.0,0.4969553185296288,0.9236532741394246,0.6556307270165902,False
PI3KIC50,8,10,0.0,0.5620682106320996,0.8384181435197812,0.5931969248410276,False
PI3KIC50,8,10,0.1,0.5667166263090011,0.8348257860519126,0.5904473139799196,False
PI3KIC50,8,10,0.2,0.5690514773401076,0.8334949826588762,0.5895538495887571,False
PI3KIC50,8,10,0.3,0.5691408101116603,0.8344364677040723,0.5908538479028648,True
PI3KIC50,8,10,0.4,0.5671253152144343,0.8376423158743089,0.5941046870733624,False
PI3KIC50,8,10,0.5,0.5632027878566269,0.8430862740068921,0.5990004994353484,False
PI3KIC50,8,10,0.6000000000000001,0.5576096537430534,0.8507248251675812,0.6056977215902725,False
PI3KIC50,8,10,0.7000000000000001,0.550602324403608,0.8604988860117044,0.614068861994788,False
PI3KIC50,8,10,0.8,0.5424405656569713,0.872335987733815,0.623877034038955,False
PI3KIC50,8,10,0.9,0.5333742135578676,0.8861527630513543,0.6352229858024951,False
PI3KIC50,8,10,1.0,0.5236337310182113,0.9018575581028924,0.64787168609037,False
PI3KIC50,9,1,0.0,0.5557878406455958,0.8392436976995882,0.5935668899628878,False
PI3KIC50,9,1,0.1,0.5586065560493308,0.8372617124005218,0.5915147455634917,False
PI3KIC50,9,1,0.2,0.5590654809546914,0.8375733922833202,0.5913299749014337,True
PI3KIC50,9,1,0.3,0.5572589505191395,0.840175876369841,0.5933147762636111,False
PI3KIC50,9,1,0.4,0.553356762770427,0.8450473560974764,0.5973824686022714,False
PI3KIC50,9,1,0.5,0.5475863050367995,0.8521479972615739,0.6033204635776108,False
PI3KIC50,9,1,0.6000000000000001,0.5402116870367655,0.8614215564813635,0.6107966714896119,False
PI3KIC50,9,1,0.7000000000000001,0.5315130830060587,0.8727975414950025,0.6196958213581423,False
PI3KIC50,9,1,0.8,0.5217687615243596,0.8861937296599143,0.6301209061193885,False
PI3KIC50,9,1,0.9,0.5112412335173439,0.901518851215976,0.6418634524095574,False
PI3KIC50,9,1,1.0,0.500167932324578,0.9186752598510968,0.6548101560427355,False
PI3KIC50,9,2,0.0,0.5608888895552211,0.8366116123623903,0.5936711362266716,False
PI3KIC50,9,2,0.1,0.563898397357464,0.8346499974290269,0.5917705442344174,False
PI3KIC50,9,2,0.2,0.5645971136459969,0.8349212794951804,0.5917537305631452,True
PI3KIC50,9,2,0.3,0.5630939650406648,0.8374232746013602,0.5936425210954743,False
PI3KIC50,9,2,0.4,0.5595654670209063,0.8421360371242065,0.59725060562988,False
PI3KIC50,9,2,0.5,0.5542379867796635,0.8490226472556511,0.6027063093849919,False
PI3KIC50,9,2,0.6000000000000001,0.5473681798935297,0.8580306254924647,0.6098189078584901,False
PI3KIC50,9,2,0.7000000000000001,0.5392243068543003,0.8690938511724191,0.6185981814191723,False
PI3KIC50,9,2,0.8,0.5300703860791438,0.8821348291802794,0.628833056343396,False
PI3KIC50,9,2,0.9,0.5201542140316135,0.8970671375590035,0.6403197546798796,False
PI3KIC50,9,2,1.0,0.5096994481532242,0.9137978974592202,0.6529846380186871,False
PI3KIC50,9,3,0.0,0.5505319860125798,0.8429855697514499,0.5999851748117924,False
PI3KIC50,9,3,0.1,0.5537941307575943,0.840558556095387,0.5976208595849484,False
PI3KIC50,9,3,0.2,0.5549070712910021,0.8402377334999798,0.5971019779782362,True
PI3KIC50,9,3,0.3,0.5539344584359362,0.8420248612138218,0.5986082107879388,False
PI3KIC50,9,3,0.4,0.5510054815575073,0.8459057353722731,0.6019187054010573,False
PI3KIC50,9,3,0.5,0.5463013982120786,0.8518507469341767,0.6069869966676349,False
PI3KIC50,9,3,0.6000000000000001,0.5400392966090889,0.8598159929051745,0.6136359574150475,False
PI3KIC50,9,3,0.7000000000000001,0.5324555066848629,0.8697448457463924,0.6217192222462122,False
PI3KIC50,9,3,0.8,0.5237906142087227,0.8815698552928781,0.6311158039867536,False
PI3KIC50,9,3,0.9,0.5142773121336909,0.8952148441727312,0.6418249410210308,False
PI3KIC50,9,3,1.0,0.5041315893682,0.9105970611324086,0.6537271653848042,False
PI3KIC50,9,4,0.0,0.5629798978565299,0.828732018552866,0.5912739909120033,False
PI3KIC50,9,4,0.1,0.5664325835062771,0.8263098978089515,0.5894493301061574,False
PI3KIC50,9,4,0.2,0.567644309140956,0.8260797126328857,0.5896088891853791,True
PI3KIC50,9,4,0.3,0.5667106283529613,0.828043140556737,0.5915854288541436,False
PI3KIC50,9,4,0.4,0.5637913458180279,0.8321843645130624,0.5955325336336926,False
PI3KIC50,9,4,0.5,0.5590946676879358,0.8384707059498826,0.6011153373512836,False
PI3KIC50,9,4,0.6000000000000001,0.5528594457438742,0.8468538936245299,0.6083673715065737,False
PI3KIC50,9,4,0.7000000000000001,0.5453379409816776,0.8572718556569209,0.6172678218349302,False
PI3KIC50,9,4,0.8,0.5367809206904496,0.8696508858403755,0.6276181721224999,False
PI3KIC50,9,4,0.9,0.5274261105524821,0.8839080198598583,0.6392420332835795,False
PI3KIC50,9,4,1.0,0.5174902820103502,0.8999534622682723,0.6520628939896254,False
PI3KIC50,9,5,0.0,0.550023678388229,0.8418043925948995,0.5974688526803487,False
PI3KIC50,9,5,0.1,0.5533027839236224,0.8396391612089982,0.5957757317391476,False
PI3KIC50,9,5,0.2,0.5541249200426643,0.8398800926066174,0.5959835845929159,True
PI3KIC50,9,5,0.3,0.5526078224255473,0.8425240776903348,0.5982017073128261,False
PI3KIC50,9,5,0.4,0.5489472205034958,0.8475475776328663,0.6025743529407268,False
PI3KIC50,9,5,0.5,0.5433954873030274,0.8549076522642179,0.6088136961865283,False
PI3KIC50,9,5,0.6000000000000001,0.5362381415492263,0.8645437393575447,0.616800135916638,False
PI3KIC50,9,5,0.7000000000000001,0.5277716889886792,0.8763800193085183,0.6263800962551132,False
PI3KIC50,9,5,0.8,0.5182852337425224,0.8903281628679813,0.6374418796194447,False
PI3KIC50,9,5,0.9,0.5080470294263965,0.9062902516584376,0.6499387254908153,False
PI3KIC50,9,5,1.0,0.4972960507960399,0.9241616787076704,0.6636152681547272,False
PI3KIC50,9,6,0.0,0.5518120783342303,0.8444005197716434,0.5989979884353102,False
PI3KIC50,9,6,0.1,0.5546326715779493,0.8423310099690939,0.5968750143436808,False
PI3KIC50,9,6,0.2,0.5552628751784291,0.8423858206180712,0.5966273067444138,True
PI3KIC50,9,6,0.3,0.5537717186998323,0.844564302952658,0.5982351937123743,False
PI3KIC50,9,6,0.4,0.5502966485843521,0.848849703841912,0.6015817677656414,False
PI3KIC50,9,6,0.5,0.5450292254431905,0.8552098095726587,0.6066271512829078,False
PI3KIC50,9,6,0.6000000000000001,0.5381978444330414,0.8635981406760298,0.6132437131620567,False
PI3KIC50,9,6,0.7000000000000001,0.5300501060172268,0.8739555964878548,0.6213658229778909,False
PI3KIC50,9,6,0.8,0.5208369507529853,0.886212419156059,0.6308099279832451,False
PI3KIC50,9,6,0.9,0.5107998801393965,0.9002903354731202,0.64167044127044,False
PI3KIC50,9,6,1.0,0.5001617864851126,0.9161047403031876,0.6537801404511446,False
PI3KIC50,9,7,0.0,0.5666210892025786,0.8331567926878304,0.5928072493201405,False
PI3KIC50,9,7,0.1,0.5694771305189701,0.8311670908643082,0.590494450808859,False
PI3KIC50,9,7,0.2,0.5698566259570531,0.8316129798615254,0.5904508978158886,True
PI3KIC50,9,7,0.3,0.5678828471674532,0.8344906724976033,0.5925806762532618,False
PI3KIC50,9,7,0.4,0.5637550196172034,0.8397750653221057,0.5967175317893011,False
PI3KIC50,9,7,0.5,0.557727336394772,0.8474208261863458,0.6026355725758791,False
PI3KIC50,9,7,0.6000000000000001,0.5500861098347529,0.8573643001742802,0.6102665375546132,False
PI3KIC50,9,7,0.7000000000000001,0.5411282971888581,0.8695260518845614,0.6195394725030156,False
PI3KIC50,9,7,0.8,0.531143645054296,0.8838138187493673,0.6304176088961455,False
PI3KIC50,9,7,0.9,0.5204015401599447,0.9001256406093997,0.6427487734797619,False
PI3KIC50,9,7,1.0,0.5091426563115935,0.918352951296445,0.6565169703819372,False
PI3KIC50,9,8,0.0,0.5728510071119601,0.8249966790986683,0.5851364379215307,False
PI3KIC50,9,8,0.1,0.5768138998601053,0.8221029440490419,0.5827007770423307,False
PI3KIC50,9,8,0.2,0.578394823394208,0.8215378282995989,0.5823128896337891,True
PI3KIC50,9,8,0.3,0.5776918260460399,0.823305675425279,0.58385194292413,False
PI3KIC50,9,8,0.4,0.574874888625792,0.8273907149016839,0.5871214964091218,False
PI3KIC50,9,8,0.5,0.5701678121839902,0.833757762203434,0.5922341422693542,False
PI3KIC50,9,8,0.6000000000000001,0.5638280044569642,0.842353716874336,0.5992318634253349,False
PI3KIC50,9,8,0.7000000000000001,0.5561270455816386,0.8531097126392755,0.6079646376745766,False
PI3KIC50,9,8,0.8,0.5473341142386332,0.8659437242839335,0.6183631268286927,False
PI3KIC50,9,8,0.9,0.537703372431068,0.880763417048637,0.6301035246535893,False
PI3KIC50,9,8,1.0,0.5274655280291103,0.8974690341625084,0.6430953441613344,False
PI3KIC50,9,9,0.0,0.5628092053600178,0.8284850337653479,0.5895293520907985,False
PI3KIC50,9,9,0.1,0.5668530918515953,0.8254283978480261,0.5868536706395647,False
PI3KIC50,9,9,0.2,0.5686567084546272,0.824495935910687,0.5860956547331985,True
PI3KIC50,9,9,0.3,0.5682819388846359,0.8256945825229053,0.5872781768524448,False
PI3KIC50,9,9,0.4,0.5658600454409393,0.8290146803183598,0.5903298361221916,False
PI3KIC50,9,9,0.5,0.5615780244070157,0.8344303668584964,0.594975547450011,False
PI3KIC50,9,9,0.6000000000000001,0.555661744952137,0.8419005699948625,0.6012399162875491,False
PI3KIC50,9,9,0.7000000000000001,0.5483584040681944,0.8513705239977745,0.6090079331857818,False
PI3KIC50,9,9,0.8,0.5399204415527489,0.8627736802840229,0.6181879929423171,False
PI3KIC50,9,9,0.9,0.5305923462798757,0.8760338662645012,0.628876870582387,False
PI3KIC50,9,9,1.0,0.5206010033097882,0.8910675442966097,0.640914626613411,False
PI3KIC50,9,10,0.0,0.5589961529192068,0.8394155215002932,0.595536841192995,False
PI3KIC50,9,10,0.1,0.5627271905265772,0.8367349128014435,0.5928927609322502,False
PI3KIC50,9,10,0.2,0.5641029348955492,0.8363566473569808,0.5923069068464517,True
PI3KIC50,9,10,0.3,0.5632132872674155,0.8382839254685222,0.5937358940774526,False
PI3KIC50,9,10,0.4,0.5602225059369191,0.8425007967170319,0.5971796186505912,False
PI3KIC50,9,10,0.5,0.5553518178930583,0.8489728191887576,0.6024446715674859,False
PI3KIC50,9,10,0.6000000000000001,0.5488590651661219,0.8576484499960572,0.6094608702713554,False
PI3KIC50,9,10,0.7000000000000001,0.5410184986298455,0.8684610383528539,0.6182306355967951,False
PI3KIC50,9,10,0.8,0.532103149074894,0.8813312478104169,0.6284240720280037,False
PI3KIC50,9,10,0.9,0.5223711927864524,0.8961697155790718,0.6400222277269414,False
PI3KIC50,9,10,1.0,0.5120567353316794,0.9128797633727046,0.6530922684976256,False
PRISM19Q4_independent,0,1,0.0,0.6596140398087893,0.1034483083840897,0.0738833141923794,False
PRISM19Q4_independent,0,1,0.1,0.6692601657956467,0.1022813378347958,0.0729191940757962,False
PRISM19Q4_independent,0,1,0.2,0.6758998282912526,0.1014466411096109,0.0722307535850925,False
PRISM19Q4_independent,0,1,0.3,0.6796890942968089,0.1009524858925592,0.0717996664358033,False
PRISM19Q4_independent,0,1,0.4,0.6808685162482889,0.1008038130527821,0.0716152255364313,True
PRISM19Q4_independent,0,1,0.5,0.6797350728332973,0.1010019872111077,0.0717145317854165,False
PRISM19Q4_independent,0,1,0.6000000000000001,0.6766144937195829,0.1015447317680201,0.0720745249305264,False
PRISM19Q4_independent,0,1,0.7000000000000001,0.6718373798655561,0.102426255781811,0.0726771737621524,False
PRISM19Q4_independent,0,1,0.8,0.6657209134028822,0.1036375566924352,0.0735091090553966,False
PRISM19Q4_independent,0,1,0.9,0.6585565226315466,0.1051668630091832,0.0746021028804055,False
PRISM19Q4_independent,0,1,1.0,0.6506028953170533,0.1070001685885046,0.0759219539644412,False
PRISM19Q4_independent,1,1,0.0,0.6658564748757031,0.1027691342636637,0.0736873646412695,False
PRISM19Q4_independent,1,1,0.1,0.675660865283792,0.1015620861023509,0.072725134800586,False
PRISM19Q4_independent,1,1,0.2,0.6827183180432252,0.1006569721985642,0.0719780198442701,False
PRISM19Q4_independent,1,1,0.3,0.6871686045138067,0.1000616185806837,0.0714613557050958,False
PRISM19Q4_independent,1,1,0.4,0.6892213589455286,0.0997809981077953,0.0711658385633517,True
PRISM19Q4_independent,1,1,0.5,0.6891328574871098,0.0998170176370757,0.0711626553545049,False
PRISM19Q4_independent,1,1,0.6000000000000001,0.6871834694306578,0.1001684594143409,0.0714158610737211,False
PRISM19Q4_independent,1,1,0.7000000000000001,0.6836583291857276,0.1008310799013183,0.0718861546380429,False
PRISM19Q4_independent,1,1,0.8,0.6788325157559857,0.1017978507079774,0.0726021434563741,False
PRISM19Q4_independent,1,1,0.9,0.6729609484534012,0.1030593115971337,0.0735322688082761,False
PRISM19Q4_independent,1,1,1.0,0.6662724918958682,0.1046039971382506,0.0746605986425041,False
PRISM19Q4_independent,2,1,0.0,0.6631307827730695,0.1030333303245618,0.0736505722803375,False
PRISM19Q4_independent,2,1,0.1,0.6727563724255576,0.1018482492027711,0.0727200457659774,False
PRISM19Q4_independent,2,1,0.2,0.6799247330747357,0.1009268897601502,0.0719802622113338,False
PRISM19Q4_independent,2,1,0.3,0.6847487485722291,0.1002764659584259,0.0714740826993963,False
PRISM19Q4_independent,2,1,0.4,0.6873967807131052,0.0999021756685016,0.0711911222627692,False
PRISM19Q4_independent,2,1,0.5,0.6880760746376414,0.0998069951820889,0.0711056855221802,True
PRISM19Q4_independent,2,1,0.6000000000000001,0.6870163550063764,0.0999915604947593,0.0712495373882281,False
PRISM19Q4_independent,2,1,0.7000000000000001,0.6844552680050937,0.1004541463926556,0.071594878210476,False
PRISM19Q4_independent,2,1,0.8,0.680626624074753,0.1011907449147414,0.0721478883709496,False
PRISM19Q4_independent,2,1,0.9,0.6757517589678399,0.1021952350946959,0.0729355292971417,False
PRISM19Q4_independent,2,1,1.0,0.6700338603063603,0.103459627677777,0.0739251626291092,False
PRISM19Q4_independent,3,1,0.0,0.6644731640187498,0.1028601315183325,0.0734750140045014,False
PRISM19Q4_independent,3,1,0.1,0.6742049767913321,0.1016649534570102,0.0725234937427203,False
PRISM19Q4_independent,3,1,0.2,0.681377184652934,0.1007446691580605,0.0717993670105489,False
PRISM19Q4_independent,3,1,0.3,0.6861061665864178,0.10010688139153,0.0713193307633767,False
PRISM19Q4_independent,3,1,0.4,0.6885684135108878,0.0997569924741508,0.0710651327221658,False
PRISM19Q4_independent,3,1,0.5,0.688982974571985,0.0996979781577463,0.0710340417088188,True
PRISM19Q4_independent,3,1,0.6000000000000001,0.6875938140722717,0.099930260804463,0.0712521343946138,False
PRISM19Q4_independent,3,1,0.7000000000000001,0.6846539485630333,0.100451694412049,0.0717009701891258,False
PRISM19Q4_independent,3,1,0.8,0.6804125041058354,0.1012576627144689,0.0723712703948953,False
PRISM19Q4_independent,3,1,0.9,0.6751051339976566,0.1023412800667964,0.0732413512461391,False
PRISM19Q4_independent,3,1,1.0,0.66894769674811,0.1036936752068923,0.0742868380432648,False
PRISM19Q4_independent,4,1,0.0,0.6616800931309209,0.1031406251827838,0.0737599687947897,False
PRISM19Q4_independent,4,1,0.1,0.6709383693765415,0.102006917011235,0.0728170058623521,False
PRISM19Q4_independent,4,1,0.2,0.6774026738289252,0.101181621920114,0.0721336982483917,False
PRISM19Q4_independent,4,1,0.3,0.6812049809812286,0.1006720885193161,0.0716833466271675,False
PRISM19Q4_independent,4,1,0.4,0.6825519319628114,0.1004828233461063,0.0714702881322557,True
PRISM19Q4_independent,4,1,0.5,0.6817022741637156,0.1006152930230271,0.0714696810801279,False
PRISM19Q4_independent,4,1,0.6000000000000001,0.6789439338691323,0.1010678697628327,0.0717270405507683,False
PRISM19Q4_independent,4,1,0.7000000000000001,0.6745735253200645,0.1018359246697993,0.0722877174063707,False
PRISM19Q4_independent,4,1,0.8,0.6688799704153983,0.1029120570646514,0.0731039829671692,False
PRISM19Q4_independent,4,1,0.9,0.662132810694002,0.1042864343707008,0.0741695536548148,False
PRISM19Q4_independent,4,1,1.0,0.6545749710009869,0.1059472082610705,0.0754438623373753,False
PRISM19Q4_independent,5,1,0.0,0.6636486233445134,0.1030048996236778,0.0737964767670256,False
PRISM19Q4_independent,5,1,0.1,0.672871255201154,0.1018850803445055,0.072902284938942,False
PRISM19Q4_independent,5,1,0.2,0.679288900178955,0.1010743330953613,0.0722488961994043,False
PRISM19Q4_independent,5,1,0.3,0.6830428274294139,0.100579935817462,0.0718200620154559,False
PRISM19Q4_independent,5,1,0.4,0.6843472658728665,0.1004062101917921,0.0716084130457181,True
PRISM19Q4_independent,5,1,0.5,0.6834661618049303,0.1005543320608218,0.0716426688740904,False
PRISM19Q4_independent,5,1,0.6000000000000001,0.6806901452540043,0.1010223016646883,0.0719451926494052,False
PRISM19Q4_independent,5,1,0.7000000000000001,0.6763163696698185,0.1018050736577395,0.0725023224618661,False
PRISM19Q4_independent,5,1,0.8,0.6706326962390614,0.1028948279598324,0.0732917888259698,False
PRISM19Q4_independent,5,1,0.9,0.6639066190541025,0.1042813483346368,0.0743060083713527,False
PRISM19Q4_independent,5,1,1.0,0.6563785656113097,0.1059524683940524,0.0755454099816159,False
PRISM19Q4_independent,6,1,0.0,0.6646524237246998,0.1028177438902176,0.0735890886436155,False
PRISM19Q4_independent,6,1,0.1,0.6740872859269287,0.1016600290429818,0.072705772146246,False
PRISM19Q4_independent,6,1,0.2,0.6806403491630061,0.1008189987055039,0.0720287862624663,False
PRISM19Q4_independent,6,1,0.3,0.6844825616024626,0.1003024941595084,0.0715997974937501,False
PRISM19Q4_independent,6,1,0.4,0.6858541576414675,0.1001153902594796,0.0714200012062363,True
PRISM19Q4_independent,6,1,0.5,0.6850396007257453,0.1002593699856245,0.0714797431666778,False
PRISM19Q4_independent,6,1,0.6000000000000001,0.6823440437541943,0.1007328506242695,0.0718111359711951,False
PRISM19Q4_independent,6,1,0.7000000000000001,0.6780736076755511,0.1015310688741757,0.0724016917599006,False
PRISM19Q4_independent,6,1,0.8,0.6725205284038589,0.1026463145001997,0.0732135914878136,False
PRISM19Q4_independent,6,1,0.9,0.6659532192983859,0.1040682866795245,0.0742701101717934,False
PRISM19Q4_independent,6,1,1.0,0.6586106542553773,0.1057845366481953,0.0755502226509066,False
PRISM19Q4_independent,7,1,0.0,0.6635061680907193,0.1029281252538676,0.0735471085652891,False
PRISM19Q4_independent,7,1,0.1,0.6735091004294009,0.1017090006379724,0.0725776272221111,False
PRISM19Q4_independent,7,1,0.2,0.6808888512993676,0.1007701117307367,0.071789680244111,False
PRISM19Q4_independent,7,1,0.3,0.6857703416603478,0.1001192450713137,0.0712062754353061,False
PRISM19Q4_independent,7,1,0.4,0.6883412704333398,0.0997618421775725,0.0708736663571208,False
PRISM19Q4_independent,7,1,0.5,0.6888326739905584,0.0997007719353034,0.0707643152571087,True
PRISM19Q4_independent,7,1,0.6000000000000001,0.6874997639310412,0.0999362164509936,0.0708781963236145,False
PRISM19Q4_independent,7,1,0.7000000000000001,0.6846050847068559,0.1004656808417905,0.0712180781534804,False
PRISM19Q4_independent,7,1,0.8,0.6804051272213884,0.101284123904054,0.0717610194285944,False
PRISM19Q4_independent,7,1,0.9,0.6751407249656494,0.1023841940446356,0.0725313696789668,False
PRISM19Q4_independent,7,1,1.0,0.6690309802135774,0.1037565455534061,0.0735313804002384,False
PRISM19Q4_independent,8,1,0.0,0.6665239872493369,0.1026146031736953,0.0733255396137467,False
PRISM19Q4_independent,8,1,0.1,0.6765311214732173,0.1013735425689417,0.0724023966857144,False
PRISM19Q4_independent,8,1,0.2,0.6837607605073399,0.1004314516301004,0.0717040742808489,False
PRISM19Q4_independent,8,1,0.3,0.6883641022319018,0.0997966812527529,0.0712560613900121,False
PRISM19Q4_independent,8,1,0.4,0.6905588136110152,0.0994749416063158,0.071025633111988,False
PRISM19Q4_independent,8,1,0.5,0.6906062634803048,0.0994690488516922,0.0710051075280979,True
PRISM19Q4_independent,8,1,0.6000000000000001,0.6887897691756751,0.099778803073192,0.0712356487652503,False
PRISM19Q4_independent,8,1,0.7000000000000001,0.6853960794443805,0.1004010095675876,0.0716908549871715,False
PRISM19Q4_independent,8,1,0.8,0.6807011887474805,0.1013296399193396,0.0723766424960771,False
PRISM19Q4_independent,8,1,0.9,0.6749606338445161,0.1025561144955504,0.0732971981015215,False
PRISM19Q4_independent,8,1,1.0,0.6684037958699888,0.1040696768241534,0.0744511120179913,False
PRISM19Q4_independent,9,1,0.0,0.6608737400502313,0.1032995355585861,0.0739064176230356,False
PRISM19Q4_independent,9,1,0.1,0.6702393020070971,0.1021603305991843,0.0729527680394822,False
PRISM19Q4_independent,9,1,0.2,0.6771317766232564,0.1012873465737218,0.0722235727231351,False
PRISM19Q4_independent,9,1,0.3,0.6816722372385671,0.1006875127504245,0.0717073816000234,False
PRISM19Q4_independent,9,1,0.4,0.6840367001882581,0.1003657152317818,0.0713989134519953,False
PRISM19Q4_independent,9,1,0.5,0.684439281406408,0.100324602009663,0.0713185256213356,True
PRISM19Q4_independent,9,1,0.6000000000000001,0.6831156052741336,0.1005644751164956,0.0714458436598658,False
PRISM19Q4_independent,9,1,0.7000000000000001,0.6803081268310371,0.1010832799684587,0.071780268514014,False
PRISM19Q4_independent,9,1,0.8,0.6762543260659545,0.1018766927268611,0.07233263378036,False
PRISM19Q4_independent,9,1,0.9,0.6711780890539432,0.1029382971290839,0.0731090311745627,False
PRISM19Q4_independent,9,1,1.0,0.665284112918782,0.1042598343412656,0.0740897872249318,False
