dataset,seed,fold,method,pcc,rmse,mae,n_test,selected_alpha,inner_pcc
CCLE,0,1,imputer_only,0.7333902021787373,0.6913287411075834,0.4960483422449177,1136,,
CCLE,0,1,ridge_only,0.7455518400359503,0.6775304586559086,0.4868626401603507,1136,,
CCLE,0,1,fixed_fusion,0.744128799535849,0.67916292491417,0.4871300508948223,1136,,
CCLE,0,1,adaptive_fusion,0.7458343967584193,0.6772306606092134,0.4855539203520198,1136,0.3,0.6888399413466832
CCLE,0,2,imputer_only,0.734081057299343,0.6421144651072395,0.4829739156149872,1136,,
CCLE,0,2,ridge_only,0.7256247987533114,0.650342797604696,0.4897172801175516,1136,,
CCLE,0,2,fixed_fusion,0.7345389977904799,0.6407743827007466,0.481816770286943,1136,,
CCLE,0,2,adaptive_fusion,0.7321055776316328,0.6433075558490771,0.4838263877745319,1136,0.3,0.6951934128328506
CCLE,0,3,imputer_only,0.7174936164549971,0.7189065733881056,0.5124974746939982,1136,,
CCLE,0,3,ridge_only,0.7230602739812887,0.713001618877192,0.5095793714498426,1136,,
CCLE,0,3,fixed_fusion,0.7248610539011151,0.7110527962666316,0.5062494417754966,1136,,
CCLE,0,3,adaptive_fusion,0.725234518328746,0.7106514434837777,0.5063267650158951,1136,0.3,0.6945365544515246
CCLE,0,4,imputer_only,0.746634158137449,0.6722235391995566,0.4857625313360214,1136,,
CCLE,0,4,ridge_only,0.7387847399839401,0.681428206755367,0.4916763600174331,1136,,
CCLE,0,4,fixed_fusion,0.7474380148618534,0.6713386707315174,0.4836948472833504,1136,,
CCLE,0,4,adaptive_fusion,0.7450702941233205,0.674073147625199,0.4858356850456633,1136,0.3,0.6939989009203881
CCLE,0,5,imputer_only,0.753515874463673,0.643413315937659,0.4829509025497008,1136,,
CCLE,0,5,ridge_only,0.7469323075646169,0.6512748260999218,0.4871493735761401,1136,,
CCLE,0,5,fixed_fusion,0.755138419666569,0.6413248388077468,0.4791308411859832,1136,,
CCLE,0,5,adaptive_fusion,0.7530145134608728,0.6438763479637334,0.4807450677398149,1136,0.3,0.6878253680719035
CCLE,0,6,imputer_only,0.6741233268206482,0.7033982277151632,0.5089835999614492,1136,,
CCLE,0,6,ridge_only,0.6768017780588916,0.7030401336264605,0.5104750944745217,1136,,
CCLE,0,6,fixed_fusion,0.6800248669572623,0.6977211843065653,0.5048947721002599,1136,,
CCLE,0,6,adaptive_fusion,0.6800941539041565,0.6979058589341639,0.5052869342408728,1136,0.4,0.704060397439871
CCLE,0,7,imputer_only,0.7149174781286477,0.6880892311832939,0.5005410019428792,1136,,
CCLE,0,7,ridge_only,0.7197919753422667,0.6830341264609988,0.4986201914055361,1136,,
CCLE,0,7,fixed_fusion,0.7220687669965986,0.6806451914191951,0.4948046551232091,1136,,
CCLE,0,7,adaptive_fusion,0.722285587192199,0.6804170595251798,0.495060894502798,1136,0.3,0.6943923159864556
CCLE,0,8,imputer_only,0.7332692960078505,0.6473884196415538,0.4770757685113955,1136,,
CCLE,0,8,ridge_only,0.7333630841496412,0.6478261980524062,0.4813133451681212,1136,,
CCLE,0,8,fixed_fusion,0.7374658770301094,0.6427161561617991,0.4745739668716953,1136,,
CCLE,0,8,adaptive_fusion,0.736805923062608,0.6435893554428808,0.4762098281975289,1136,0.3,0.6977566844684235
CCLE,0,9,imputer_only,0.7330968484841289,0.7077017471654471,0.5226596919178199,1136,,
CCLE,0,9,ridge_only,0.7247265014325583,0.7170994593669007,0.5303901472781919,1136,,
CCLE,0,9,fixed_fusion,0.733283290697746,0.7070004957375904,0.5216223517734915,1136,,
CCLE,0,9,adaptive_fusion,0.7309087762658247,0.7097588286632607,0.523868577219718,1136,0.3,0.6919947262321854
CCLE,0,10,imputer_only,0.7595792319798877,0.7074997593511222,0.5152075820939553,1136,,
CCLE,0,10,ridge_only,0.7509930685040991,0.7183063520554555,0.5234190967312443,1136,,
CCLE,0,10,fixed_fusion,0.7593673612127739,0.7078797638620019,0.5152289992016884,1136,,
CCLE,0,10,adaptive_fusion,0.7570114381118419,0.710860024274091,0.5176395778845662,1136,0.3,0.6862191754801271
CCLE,1,1,imputer_only,0.716005324034405,0.6537946331744092,0.4912759564978047,1136,,
CCLE,1,1,ridge_only,0.7135734782987035,0.6591464515730917,0.4944904133159762,1136,,
CCLE,1,1,fixed_fusion,0.7193734557243951,0.6508934515503679,0.4883958132206675,1136,,
CCLE,1,1,adaptive_fusion,0.7181024536072723,0.6528670319349126,0.4896494108369053,1136,0.3,0.7025947999720471
CCLE,1,2,imputer_only,0.713633043571903,0.6897071755749157,0.5029122484923737,1136,,
CCLE,1,2,ridge_only,0.7170012792739074,0.6857879909108501,0.4962986231095758,1136,,
CCLE,1,2,fixed_fusion,0.7200618720830463,0.6824270785437361,0.4956561661652096,1136,,
CCLE,1,2,adaptive_fusion,0.7199843919150677,0.6824921759024711,0.4946562412687213,1136,0.3,0.6920981613202564
CCLE,1,3,imputer_only,0.7260249302314976,0.7164501727053922,0.5162772372563857,1136,,
CCLE,1,3,ridge_only,0.7206648822164653,0.7223454105124663,0.5197057370060834,1136,,
CCLE,1,3,fixed_fusion,0.7280981528354363,0.7142409390415195,0.5132110079158966,1136,,
CCLE,1,3,adaptive_fusion,0.7262387184566645,0.7162547085990744,0.5145241856432003,1136,0.3,0.6936657521696089
CCLE,1,4,imputer_only,0.7363320941881382,0.6366266294248687,0.473274696297062,1136,,
CCLE,1,4,ridge_only,0.7245592537645995,0.6498169900174502,0.4858021996799668,1136,,
CCLE,1,4,fixed_fusion,0.735513996873821,0.6374654547635421,0.4745201939809498,1136,,
CCLE,1,4,adaptive_fusion,0.7323076022330656,0.6410479167110894,0.477728978610544,1136,0.3,0.6932958836240157
CCLE,1,5,imputer_only,0.7362152626017638,0.6750719408341908,0.4992248076963169,1136,,
CCLE,1,5,ridge_only,0.7231731788046946,0.6890357989504562,0.5117963884293485,1136,,
CCLE,1,5,fixed_fusion,0.7345288780006348,0.676378289742133,0.5009582184017783,1136,,
CCLE,1,5,adaptive_fusion,0.7311462498421573,0.6801019148504323,0.504348949579445,1136,0.3,0.6922182319414959
CCLE,1,6,imputer_only,0.7458954259041892,0.6752258640685278,0.4943055948761341,1136,,
CCLE,1,6,ridge_only,0.7402718380980327,0.6817142748027881,0.4983418883867145,1136,,
CCLE,1,6,fixed_fusion,0.7478094073671772,0.6729225942375023,0.4913517387596815,1136,,
CCLE,1,6,adaptive_fusion,0.745910969523565,0.6751198916247856,0.493279037781333,1136,0.3,0.6927731361230517
CCLE,1,7,imputer_only,0.7249862897330266,0.724161139047394,0.5227806229000558,1136,,
CCLE,1,7,ridge_only,0.7216679984975879,0.7278991605856612,0.5232465074768697,1136,,
CCLE,1,7,fixed_fusion,0.7277020701331708,0.7210637315912956,0.5184787701041963,1136,,
CCLE,1,7,adaptive_fusion,0.7263316878576285,0.7226125723098263,0.5195869722213079,1136,0.3,0.6979363736161964
CCLE,1,8,imputer_only,0.7534848162605656,0.7188901051877002,0.5021186291918972,1136,,
CCLE,1,8,ridge_only,0.7472443777136432,0.7255336840299572,0.5139365443061302,1136,,
CCLE,1,8,fixed_fusion,0.7548549773368577,0.7172031966807858,0.5022522743355194,1136,,
CCLE,1,8,adaptive_fusion,0.7540402820344583,0.7180730177718637,0.5038852930969959,1136,0.4,0.6904424221046274
CCLE,1,9,imputer_only,0.6824447427603709,0.7143638562009668,0.5157063929991252,1136,,
CCLE,1,9,ridge_only,0.67794770863054,0.7171662930949168,0.5187252403374656,1136,,
CCLE,1,9,fixed_fusion,0.6853985090902779,0.7100423332412393,0.5121081098299277,1136,,
CCLE,1,9,adaptive_fusion,0.6836928932515416,0.7115253386312385,0.5136509280574744,1136,0.3,0.7025142404152167
CCLE,1,10,imputer_only,0.7067923868992001,0.6807965934830245,0.505258266826248,1136,,
CCLE,1,10,ridge_only,0.6977386979516782,0.6904372146831937,0.5115940911943564,1136,,
CCLE,1,10,fixed_fusion,0.7065115081225852,0.6808643324902549,0.5047299107232313,1136,,
CCLE,1,10,adaptive_fusion,0.7040030417883694,0.6835663501270902,0.5064301948532631,1136,0.3,0.7010142150615165
CCLE,2,1,imputer_only,0.7066697145479988,0.6741153663159306,0.5043783320008105,1136,,
CCLE,2,1,ridge_only,0.7032648588517467,0.6781510181212468,0.5056052140518378,1136,,
CCLE,2,1,fixed_fusion,0.7092228746677741,0.6707241364795461,0.5006654879521641,1136,,
CCLE,2,1,adaptive_fusion,0.7078486513636001,0.6724050953075569,0.5016610955044598,1136,0.3,0.6944761240654704
CCLE,2,2,imputer_only,0.7254885539679217,0.7159169275753815,0.501412202933019,1136,,
CCLE,2,2,ridge_only,0.7316810681699677,0.7091239399258334,0.5056793006250969,1136,,
CCLE,2,2,fixed_fusion,0.7334027105993585,0.7071637845450447,0.4981268212497627,1136,,
CCLE,2,2,adaptive_fusion,0.7338693265983323,0.7066563265522778,0.4998744927259805,1136,0.3,0.6983390861181766
CCLE,2,3,imputer_only,0.6963851943951792,0.6898859014406721,0.5161255964361976,1136,,
CCLE,2,3,ridge_only,0.7108125693120035,0.6732933698192737,0.4996294831408948,1136,,
CCLE,2,3,fixed_fusion,0.7087406435353514,0.675531400110202,0.5028639546517938,1136,,
CCLE,2,3,adaptive_fusion,0.7108398147735899,0.6731607869121594,0.5003775923020878,1136,0.3,0.698140409029639
CCLE,2,4,imputer_only,0.7006830060984232,0.7305279974837483,0.5222201036332964,1136,,
CCLE,2,4,ridge_only,0.6970648159046869,0.7339243664070467,0.5297178900074458,1136,,
CCLE,2,4,fixed_fusion,0.703297152084248,0.7267099676283842,0.5210673457103581,1136,,
CCLE,2,4,adaptive_fusion,0.7018661325598289,0.7282789629038344,0.5234493723379965,1136,0.3,0.7039863073517931
CCLE,2,5,imputer_only,0.7552058928948902,0.6421138567104807,0.4721594761696752,1136,,
CCLE,2,5,ridge_only,0.740727796992091,0.659012286621945,0.4813601696354658,1136,,
CCLE,2,5,fixed_fusion,0.7524262022710692,0.645302028194707,0.4715052267873059,1136,,
CCLE,2,5,adaptive_fusion,0.748780387181057,0.6495493418835466,0.4740598848598688,1136,0.3,0.6898578344731099
CCLE,2,6,imputer_only,0.7342174601150876,0.69854212497392,0.4987176201928531,1136,,
CCLE,2,6,ridge_only,0.7309040360235759,0.7024397022897907,0.5051496538032718,1136,,
CCLE,2,6,fixed_fusion,0.7368631227985308,0.6954436310635665,0.4980153316303163,1136,,
CCLE,2,6,adaptive_fusion,0.7354834599169613,0.6970379095348923,0.499875935266765,1136,0.3,0.6936236447524203
CCLE,2,7,imputer_only,0.7414993344805267,0.6715368823081234,0.4952711284734082,1136,,
CCLE,2,7,ridge_only,0.7360747129789346,0.6777955891943462,0.5016254210013742,1136,,
CCLE,2,7,fixed_fusion,0.7440799471807291,0.6691432904468007,0.4943474113170966,1136,,
CCLE,2,7,adaptive_fusion,0.7421790371203487,0.6712904093072711,0.4964719867835093,1136,0.3,0.6885635580610727
CCLE,2,8,imputer_only,0.738495037552139,0.6805817503244785,0.4968089567822024,1136,,
CCLE,2,8,ridge_only,0.7277957856554127,0.6925939035904661,0.5070488637007452,1136,,
CCLE,2,8,fixed_fusion,0.7379497909573428,0.681108672263982,0.4962406887358848,1136,,
CCLE,2,8,adaptive_fusion,0.7366753062596917,0.6825391557354369,0.4974020297104545,1136,0.4,0.6958143491530501
CCLE,2,9,imputer_only,0.7152385336438185,0.6961453180041047,0.5132819608992526,1136,,
CCLE,2,9,ridge_only,0.713876595480271,0.6974197656334198,0.5163065521308351,1136,,
CCLE,2,9,fixed_fusion,0.7187251265817032,0.6919667850535621,0.5112014439652905,1136,,
CCLE,2,9,adaptive_fusion,0.7177850666489627,0.6929959318770802,0.512295582562242,1136,0.3,0.6927903532210189
CCLE,2,10,imputer_only,0.7192277765188938,0.7142925795603184,0.5178798545136782,1136,,
CCLE,2,10,ridge_only,0.7286954755061904,0.7029572139409196,0.5154121899598156,1136,,
CCLE,2,10,fixed_fusion,0.7281846720814666,0.703604345812633,0.5108548495953354,1136,,
CCLE,2,10,adaptive_fusion,0.729426295431832,0.7021293557231039,0.5112290799801819,1136,0.3,0.6952413076765571
CCLE,3,1,imputer_only,0.7304536191825768,0.661953567387421,0.4959506948189941,1136,,
CCLE,3,1,ridge_only,0.7312863382691285,0.6599943010368388,0.4977005832872851,1136,,
CCLE,3,1,fixed_fusion,0.7354770899358167,0.6550497931454926,0.492448232446971,1136,,
CCLE,3,1,adaptive_fusion,0.734918430339395,0.6556064250805522,0.4936015103690729,1136,0.3,0.6943284492411166
CCLE,3,2,imputer_only,0.7037950150586807,0.706001817969243,0.5045675562580816,1136,,
CCLE,3,2,ridge_only,0.7049853588535476,0.7049278290748638,0.5061834653059917,1136,,
CCLE,3,2,fixed_fusion,0.7087626190214653,0.7005957562831098,0.4998294867620361,1136,,
CCLE,3,2,adaptive_fusion,0.7082897917155102,0.7011610270591552,0.5013751262763755,1136,0.3,0.6973481559176168
CCLE,3,3,imputer_only,0.7414174463817792,0.7082905199454184,0.5058145628787879,1136,,
CCLE,3,3,ridge_only,0.7330486586307097,0.7178499709979168,0.5145422526951683,1136,,
CCLE,3,3,fixed_fusion,0.7421146411215551,0.7077444388090056,0.5058684005356119,1136,,
CCLE,3,3,adaptive_fusion,0.739650198899236,0.7105231793984053,0.5083531467653942,1136,0.3,0.6884893371722518
CCLE,3,4,imputer_only,0.7351812332879213,0.6872935015235255,0.4965882753521084,1136,,
CCLE,3,4,ridge_only,0.7390094513014276,0.6834337308074219,0.4937568904520881,1136,,
CCLE,3,4,fixed_fusion,0.7412391663725083,0.6805639378616956,0.4909919864101693,1136,,
CCLE,3,4,adaptive_fusion,0.741318103896407,0.6805576303462846,0.4909484731318334,1136,0.3,0.6882244323706589
CCLE,3,5,imputer_only,0.748274542321253,0.647317695132522,0.4841536021173249,1136,,
CCLE,3,5,ridge_only,0.7376940133717744,0.6586872572457957,0.4935869733453728,1136,,
CCLE,3,5,fixed_fusion,0.7483143452447423,0.6473338985252499,0.4841059053023214,1136,,
CCLE,3,5,adaptive_fusion,0.7453052114759863,0.6505347452773287,0.4869597554674149,1136,0.3,0.6879674568340898
CCLE,3,6,imputer_only,0.725141387024324,0.6880511500398764,0.5058181662259069,1136,,
CCLE,3,6,ridge_only,0.7231786938561798,0.6902636041235647,0.5054982675991481,1136,,
CCLE,3,6,fixed_fusion,0.7289831409100004,0.6833963467001327,0.5000560601077357,1136,,
CCLE,3,6,adaptive_fusion,0.726642233167823,0.6861431942621949,0.5019840359014575,1136,0.2,0.6942112290599901
CCLE,3,7,imputer_only,0.7224251371217333,0.6998610605858894,0.5181536787804618,1136,,
CCLE,3,7,ridge_only,0.7189413019093887,0.7041578471870001,0.521994015073316,1136,,
CCLE,3,7,fixed_fusion,0.7247539552595788,0.6971462521536623,0.516055482289771,1136,,
CCLE,3,7,adaptive_fusion,0.7233994742959271,0.6987910176224112,0.5174440019240342,1136,0.3,0.6892383714975663
CCLE,3,8,imputer_only,0.7373204134760328,0.6503706789480451,0.4885973027530012,1136,,
CCLE,3,8,ridge_only,0.7287832925834768,0.6609381554849055,0.4976116999394973,1136,,
CCLE,3,8,fixed_fusion,0.7377476243172021,0.6499639954249204,0.4883894233454272,1136,,
CCLE,3,8,adaptive_fusion,0.7352460963672132,0.6530067598032088,0.4910130672713703,1136,0.3,0.7008988233953521
CCLE,3,9,imputer_only,0.7397799405689919,0.71131269939489,0.5091045619947565,1136,,
CCLE,3,9,ridge_only,0.734145111243821,0.7183253007870788,0.5141386015521663,1136,,
CCLE,3,9,fixed_fusion,0.74128105888196,0.7099489243406464,0.506771754017112,1136,,
CCLE,3,9,adaptive_fusion,0.7405463244737146,0.7108502392757693,0.5073734723703983,1136,0.4,0.692100213548603
CCLE,3,10,imputer_only,0.7038920227485161,0.6888781049692058,0.5137339990341273,1136,,
CCLE,3,10,ridge_only,0.7008948177311302,0.6914239603670306,0.5127791068513854,1136,,
CCLE,3,10,fixed_fusion,0.7070886463840906,0.6849317324255895,0.5090095408103364,1136,,
CCLE,3,10,adaptive_fusion,0.7057397668596197,0.6862819115977673,0.5096957949491029,1136,0.3,0.6975111061489214
CCLE,4,1,imputer_only,0.7354141624279756,0.701672754677325,0.5040355579993969,1136,,
CCLE,4,1,ridge_only,0.7254923675694949,0.7127347570466829,0.5110865580459112,1136,,
CCLE,4,1,fixed_fusion,0.7350518813133854,0.7020840148294432,0.5028632253065745,1136,,
CCLE,4,1,adaptive_fusion,0.7338687774940456,0.7034034492644022,0.5036226442874029,1136,0.4,0.6911121293911651
CCLE,4,2,imputer_only,0.7352621627712878,0.6913035463643775,0.5046122044469472,1136,,
CCLE,4,2,ridge_only,0.7243898389517598,0.703806775504574,0.507386323387116,1136,,
CCLE,4,2,fixed_fusion,0.7344842672240647,0.6919701578823664,0.5003079058992177,1136,,
CCLE,4,2,adaptive_fusion,0.7331996291677404,0.6934544129829195,0.5007115579758993,1136,0.4,0.6943628707814444
CCLE,4,3,imputer_only,0.7045237582572624,0.6812303969169975,0.5037702587518217,1136,,
CCLE,4,3,ridge_only,0.7003482467067716,0.6857602327647814,0.5049180911904534,1136,,
CCLE,4,3,fixed_fusion,0.7074897631524666,0.6774850943647478,0.4983537029650211,1136,,
CCLE,4,3,adaptive_fusion,0.7058316095813058,0.6793630032143794,0.4992607396895732,1136,0.3,0.6971244665268188
CCLE,4,4,imputer_only,0.7394121252903895,0.6498653829582501,0.4841626561766377,1136,,
CCLE,4,4,ridge_only,0.7362354851915767,0.6533767871995199,0.4909200249595402,1136,,
CCLE,4,4,fixed_fusion,0.7426775356056472,0.6463743386979203,0.4825250117101462,1136,,
CCLE,4,4,adaptive_fusion,0.7412408617574026,0.6479237320118341,0.484793227750371,1136,0.3,0.6872262359208198
CCLE,4,5,imputer_only,0.7083517002125518,0.6970029370738344,0.5099095929531807,1136,,
CCLE,4,5,ridge_only,0.7129289541890266,0.6920429509010614,0.5090002442958637,1136,,
CCLE,4,5,fixed_fusion,0.7155878358613564,0.6889896595936795,0.5051210675694908,1136,,
CCLE,4,5,adaptive_fusion,0.7157170061167666,0.688879281310437,0.505584687228011,1136,0.3,0.7006714230835507
CCLE,4,6,imputer_only,0.7475956465907583,0.7136094893682663,0.5076234748542793,1136,,
CCLE,4,6,ridge_only,0.7405370055875855,0.721680641478724,0.5154338811433673,1136,,
CCLE,4,6,fixed_fusion,0.7487359939510826,0.7122544143424436,0.5066728381347865,1136,,
CCLE,4,6,adaptive_fusion,0.7465419448025595,0.7147441090841586,0.508759130844007,1136,0.3,0.6919828587105304
CCLE,4,7,imputer_only,0.7288792334385613,0.6545809036906635,0.4941758934281763,1136,,
CCLE,4,7,ridge_only,0.7305603883002849,0.6536276211709524,0.4934602144432933,1136,,
CCLE,4,7,fixed_fusion,0.7338138800163412,0.6492532575254883,0.4891552721868797,1136,,
CCLE,4,7,adaptive_fusion,0.7328260701490026,0.6507164380857182,0.49063279123794,1136,0.2,0.6902066055209821
CCLE,4,8,imputer_only,0.7574057048903905,0.6560240868095529,0.4825074703541349,1136,,
CCLE,4,8,ridge_only,0.7506417245915028,0.6642085559198168,0.4884803565966111,1136,,
CCLE,4,8,fixed_fusion,0.7582123404342108,0.6546281169803903,0.4807775550331095,1136,,
CCLE,4,8,adaptive_fusion,0.7561803964517089,0.6571576880035277,0.4827527214305083,1136,0.3,0.6831490244653372
CCLE,4,9,imputer_only,0.7068778221500435,0.701198681639829,0.5129023185364646,1136,,
CCLE,4,9,ridge_only,0.700820587534894,0.7086931498386143,0.5130521852705909,1136,,
CCLE,4,9,fixed_fusion,0.7083037245063081,0.6997159375125362,0.5078183520977996,1136,,
CCLE,4,9,adaptive_fusion,0.7063442293416865,0.7020636259785603,0.5083008600426773,1136,0.3,0.6909212700206925
CCLE,4,10,imputer_only,0.6999059914703943,0.720436239832788,0.5058594584814939,1136,,
CCLE,4,10,ridge_only,0.7078014264002851,0.7122078294001678,0.5043991023716264,1136,,
CCLE,4,10,fixed_fusion,0.7079523593167425,0.711909265551435,0.5002659802818451,1136,,
CCLE,4,10,adaptive_fusion,0.7085812604321223,0.7112585615285325,0.5002413194140669,1136,0.4,0.7083723723110845
CCLE,5,1,imputer_only,0.7267273657481025,0.7044736697762717,0.5061738346724103,1136,,
CCLE,5,1,ridge_only,0.7210390299174028,0.7114013226688604,0.5176685308028617,1136,,
CCLE,5,1,fixed_fusion,0.7281475005752485,0.702995248540801,0.5085425295602478,1136,,
CCLE,5,1,adaptive_fusion,0.726294840271175,0.7051820214211287,0.5112759388047264,1136,0.3,0.6998243618003511
CCLE,5,2,imputer_only,0.714905601412848,0.700069956130583,0.4998110866510077,1136,,
CCLE,5,2,ridge_only,0.7085897549964768,0.7065013426072942,0.5113071488127824,1136,,
CCLE,5,2,fixed_fusion,0.7161269467295273,0.6978688986051602,0.5015727591257992,1136,,
CCLE,5,2,adaptive_fusion,0.7141603959278456,0.7000330313208943,0.5045068874087647,1136,0.3,0.6888367335961172
CCLE,5,3,imputer_only,0.7506007023327598,0.6540494323256267,0.4720993483493196,1136,,
CCLE,5,3,ridge_only,0.7505961843980695,0.6544182308950045,0.476129207682622,1136,,
CCLE,5,3,fixed_fusion,0.7548292633048868,0.6492487576417408,0.4699483063538447,1136,,
CCLE,5,3,adaptive_fusion,0.7546423891801219,0.6494860434273276,0.4703854081019247,1136,0.4,0.6893986332998041
CCLE,5,4,imputer_only,0.7223032064053578,0.7030924849340291,0.5149884503821532,1136,,
CCLE,5,4,ridge_only,0.7108415951580043,0.714229982777459,0.5225718098181844,1136,,
CCLE,5,4,fixed_fusion,0.7215212006722698,0.7036714991319791,0.5146695693420299,1136,,
CCLE,5,4,adaptive_fusion,0.7184170050855829,0.7067129321920808,0.5169511165524813,1136,0.3,0.6943009771826739
CCLE,5,5,imputer_only,0.7367624836440096,0.6898476943038883,0.5004507757039007,1136,,
CCLE,5,5,ridge_only,0.7334809511353612,0.6936949627072196,0.5059989926930171,1136,,
CCLE,5,5,fixed_fusion,0.7396478570984766,0.6865274626495159,0.4974811086478926,1136,,
CCLE,5,5,adaptive_fusion,0.738244396223637,0.6881435463794314,0.4997470249065091,1136,0.3,0.6943520091506138
CCLE,5,6,imputer_only,0.7102002768670591,0.6784528933154726,0.4965986251755938,1136,,
CCLE,5,6,ridge_only,0.7046298418965514,0.6845687535192929,0.5023961946710802,1136,,
CCLE,5,6,fixed_fusion,0.7123888944882171,0.6753134611453023,0.4937166973290465,1136,,
CCLE,5,6,adaptive_fusion,0.7104646202731648,0.6775414198955431,0.4960890763883891,1136,0.3,0.6923955265155465
CCLE,5,7,imputer_only,0.727518878625226,0.6856444895335813,0.508461173280293,1136,,
CCLE,5,7,ridge_only,0.7256536657339309,0.6877984088199295,0.5118708485076663,1136,,
CCLE,5,7,fixed_fusion,0.7311149928409062,0.6814472128066417,0.5055519508302021,1136,,
CCLE,5,7,adaptive_fusion,0.7300043333682885,0.6827274068672843,0.5071213450549256,1136,0.3,0.6935067023835615
CCLE,5,8,imputer_only,0.7371581638421186,0.6542239977472306,0.4844848094486531,1136,,
CCLE,5,8,ridge_only,0.7452088553936455,0.6453990143843327,0.4830628117966805,1136,,
CCLE,5,8,fixed_fusion,0.7458428005017257,0.6444557249795535,0.4786507047647831,1136,,
CCLE,5,8,adaptive_fusion,0.7466963637559373,0.643538309518246,0.4793219135722275,1136,0.3,0.6900993434475626
CCLE,5,9,imputer_only,0.7293681777640293,0.703062919035355,0.4978200636567789,1136,,
CCLE,5,9,ridge_only,0.7197621715615308,0.7134585182146913,0.5039125443558155,1136,,
CCLE,5,9,fixed_fusion,0.7300219363122545,0.702203717398745,0.4950041547662563,1136,,
CCLE,5,9,adaptive_fusion,0.7271850363091257,0.705270451681185,0.4972222939052276,1136,0.3,0.6904793602551207
CCLE,5,10,imputer_only,0.7151452005846675,0.6986426693650466,0.5130529545420128,1136,,
CCLE,5,10,ridge_only,0.7087749837743808,0.7044864346391128,0.5184644016608986,1136,,
CCLE,5,10,fixed_fusion,0.7169547661720493,0.6958216736784694,0.5110230084242624,1136,,
CCLE,5,10,adaptive_fusion,0.714899229848051,0.6979205412424097,0.513148230327331,1136,0.3,0.6943750896703558
CCLE,6,1,imputer_only,0.7169544375740056,0.6814739020631052,0.5050930384192763,1136,,
CCLE,6,1,ridge_only,0.7112123894617203,0.6874586654577352,0.5066022691138591,1136,,
CCLE,6,1,fixed_fusion,0.7190265762341751,0.678788406248971,0.5001722681789059,1136,,
CCLE,6,1,adaptive_fusion,0.717079741833189,0.68090538455334,0.5012744804071574,1136,0.3,0.6977651329914517
CCLE,6,2,imputer_only,0.68894036081306,0.7428245931992451,0.5455687326878395,1136,,
CCLE,6,2,ridge_only,0.6902369546773507,0.741656768652037,0.5488040405641225,1136,,
CCLE,6,2,fixed_fusion,0.6941131207372093,0.737857932369859,0.5431527287279531,1136,,
CCLE,6,2,adaptive_fusion,0.693644270717752,0.7383261892652938,0.5446229348963243,1136,0.3,0.7100974765321557
CCLE,6,3,imputer_only,0.720098662478897,0.7260336411805497,0.5093443182052743,1136,,
CCLE,6,3,ridge_only,0.71328073349365,0.7337321912470979,0.5133419109706793,1136,,
CCLE,6,3,fixed_fusion,0.7214072420677078,0.7244323302483219,0.5056294602182904,1136,,
CCLE,6,3,adaptive_fusion,0.7192766394076159,0.726856579331449,0.5073469101552176,1136,0.3,0.7020217556436287
CCLE,6,4,imputer_only,0.747761797405183,0.6443725423511439,0.477851337238949,1136,,
CCLE,6,4,ridge_only,0.7393564197336782,0.6543314082274981,0.4879418656720946,1136,,
CCLE,6,4,fixed_fusion,0.7483184111643479,0.643445570296589,0.4774250399415495,1136,,
CCLE,6,4,adaptive_fusion,0.7458522527338839,0.646401282732963,0.4805429525126463,1136,0.3,0.6904534811561857
CCLE,6,5,imputer_only,0.708587615852612,0.6945701129031293,0.506327725300688,1136,,
CCLE,6,5,ridge_only,0.7141141669934947,0.6887920362776513,0.5068233079458698,1136,,
CCLE,6,5,fixed_fusion,0.7159769989080954,0.6865398576465174,0.5016463746121741,1136,,
CCLE,6,5,adaptive_fusion,0.716354102563441,0.6862021526926614,0.5027361994229785,1136,0.3,0.6971045585275049
CCLE,6,6,imputer_only,0.725528989093513,0.6462164509236811,0.4836771437801129,1136,,
CCLE,6,6,ridge_only,0.7203960321669205,0.6499767963629786,0.489180191904331,1136,,
CCLE,6,6,fixed_fusion,0.7282913906716527,0.6420451356849552,0.4810573911615303,1136,,
CCLE,6,6,adaptive_fusion,0.72644794378362,0.6437752031521743,0.4832653883907331,1136,0.3,0.7017620108607019
CCLE,6,7,imputer_only,0.7482098710928767,0.6663203093290955,0.4843155047909047,1136,,
CCLE,6,7,ridge_only,0.7489244291144787,0.6659556349025758,0.4823247942663905,1136,,
CCLE,6,7,fixed_fusion,0.7527299005783844,0.6607147082550412,0.4793712817026203,1136,,
CCLE,6,7,adaptive_fusion,0.7521925974663106,0.661511980241519,0.4795274852518739,1136,0.3,0.6886452263739476
CCLE,6,8,imputer_only,0.7369991809513295,0.7109589370035764,0.4962871035584382,1136,,
CCLE,6,8,ridge_only,0.7277730087310615,0.7219444670134533,0.5105337340571591,1136,,
CCLE,6,8,fixed_fusion,0.736785202009952,0.7110930930470432,0.4981352889662701,1136,,
CCLE,6,8,adaptive_fusion,0.7356611696541758,0.7124146996350439,0.4996994796462312,1136,0.4,0.6949007604384381
CCLE,6,9,imputer_only,0.7321191465082477,0.6851695185667023,0.4988615085827071,1136,,
CCLE,6,9,ridge_only,0.7283893876205962,0.6894289691684637,0.5042839947160297,1136,,
CCLE,6,9,fixed_fusion,0.7347155742167915,0.682381924844194,0.4970241730647821,1136,,
CCLE,6,9,adaptive_fusion,0.7332286941274762,0.6840281063812723,0.4989128484051268,1136,0.3,0.6985663949803114
CCLE,6,10,imputer_only,0.7243240261386,0.6873754364634457,0.5102992054556087,1136,,
CCLE,6,10,ridge_only,0.7211336699599864,0.6910403425931518,0.5126095026648535,1136,,
CCLE,6,10,fixed_fusion,0.7271894345788767,0.6840465874166434,0.5073266110170486,1136,,
CCLE,6,10,adaptive_fusion,0.7258202449972828,0.6856126244350208,0.5086800188417098,1136,0.3,0.689823620321398
CCLE,7,1,imputer_only,0.7100589167620254,0.6797352786035539,0.4961537126506864,1136,,
CCLE,7,1,ridge_only,0.7107763530673594,0.6787486422751956,0.5028821949212292,1136,,
CCLE,7,1,fixed_fusion,0.7151439371337394,0.6736620263007156,0.4941691931852174,1136,,
CCLE,7,1,adaptive_fusion,0.7145242979793149,0.674359218499297,0.496687281720523,1136,0.3,0.6970758185589878
CCLE,7,2,imputer_only,0.7494825935651699,0.693469485387477,0.4886796183111048,1136,,
CCLE,7,2,ridge_only,0.7458765291528316,0.6971128856189158,0.5039595150106757,1136,,
CCLE,7,2,fixed_fusion,0.7522695861424521,0.6901882036996893,0.4924178008960796,1136,,
CCLE,7,2,adaptive_fusion,0.7507703039826682,0.6917404031035138,0.4960767224641733,1136,0.3,0.6887738354498328
CCLE,7,3,imputer_only,0.6990504484128152,0.6719460477449154,0.500928304408813,1136,,
CCLE,7,3,ridge_only,0.7058680371025217,0.6652522677116884,0.4945947919616846,1136,,
CCLE,7,3,fixed_fusion,0.7071694695950216,0.6632255100491228,0.4925867353955818,1136,,
CCLE,7,3,adaptive_fusion,0.7077744923781687,0.6627403468494364,0.4922717288987052,1136,0.3,0.7052135603503603
CCLE,7,4,imputer_only,0.7289724318679678,0.7238849527487332,0.5291996878107786,1136,,
CCLE,7,4,ridge_only,0.7300703472664432,0.7228073512953871,0.5291501679342948,1136,,
CCLE,7,4,fixed_fusion,0.7342933373982142,0.7177044797370548,0.5233976172306247,1136,,
CCLE,7,4,adaptive_fusion,0.7337398314615905,0.7183931831835176,0.5243880716019268,1136,0.3,0.6998756901209349
CCLE,7,5,imputer_only,0.7364622929683893,0.6871375199458032,0.493500223498698,1136,,
CCLE,7,5,ridge_only,0.7341148275303782,0.6898631564511187,0.4981389234238468,1136,,
CCLE,7,5,fixed_fusion,0.7402869088520705,0.6828599924718138,0.4898649913112921,1136,,
CCLE,7,5,adaptive_fusion,0.7398377544580635,0.6833612223343624,0.4905306827637669,1136,0.4,0.6948431599971103
CCLE,7,6,imputer_only,0.7370720402029928,0.7202364108481779,0.5136536801657943,1136,,
CCLE,7,6,ridge_only,0.7227873413261007,0.736026004059983,0.5263101765136833,1136,,
CCLE,7,6,fixed_fusion,0.7348791134210317,0.7228856131147877,0.5164642953933881,1136,,
CCLE,7,6,adaptive_fusion,0.7312107220794547,0.7269045133485679,0.5195386695314214,1136,0.3,0.686915598248732
CCLE,7,7,imputer_only,0.717563585219784,0.6704809665789194,0.5017792721746446,1136,,
CCLE,7,7,ridge_only,0.7138156760840302,0.6746529352509913,0.502395569847695,1136,,
CCLE,7,7,fixed_fusion,0.720963002447897,0.6662184815240979,0.4967937029329387,1136,,
CCLE,7,7,adaptive_fusion,0.7193546476779022,0.6680793430516454,0.4978606842353489,1136,0.3,0.6945714625551405
CCLE,7,8,imputer_only,0.72428745066977,0.6909972190895525,0.5081324623082714,1136,,
CCLE,7,8,ridge_only,0.7277791118576014,0.685721987662423,0.4998735911648138,1136,,
CCLE,7,8,fixed_fusion,0.7302939706131215,0.6829208139376868,0.4987184854797331,1136,,
CCLE,7,8,adaptive_fusion,0.7303304271258956,0.682731828831543,0.4980611861278383,1136,0.3,0.690188375194701
CCLE,7,9,imputer_only,0.7449183021058056,0.6543777873428229,0.4829316798775476,1136,,
CCLE,7,9,ridge_only,0.7408948279742558,0.6597104947472564,0.4906056265032713,1136,,
CCLE,7,9,fixed_fusion,0.7470608911506299,0.6520425570082883,0.4819037445093682,1136,,
CCLE,7,9,adaptive_fusion,0.7455677052400599,0.6539187743432902,0.4842678549376474,1136,0.3,0.6920453249297115
CCLE,7,10,imputer_only,0.724881273838415,0.6734547932633279,0.4971423643027534,1136,,
CCLE,7,10,ridge_only,0.7233692274001676,0.6744222763312916,0.4992371547102688,1136,,
CCLE,7,10,fixed_fusion,0.728669779564787,0.6684503941032313,0.4928648876865364,1136,,
CCLE,7,10,adaptive_fusion,0.7276435142433355,0.6695263472575622,0.4941536728917821,1136,0.3,0.6950796282504333
CCLE,8,1,imputer_only,0.7342616781083009,0.7093548026538664,0.5041766182402824,1136,,
CCLE,8,1,ridge_only,0.724276967973046,0.7203737346725799,0.5132118689197738,1136,,
CCLE,8,1,fixed_fusion,0.7340000751720832,0.7095194496644034,0.5039601619715848,1136,,
CCLE,8,1,adaptive_fusion,0.7312368056862995,0.7125949874808224,0.5065125508195116,1136,0.3,0.6930457689791224
CCLE,8,2,imputer_only,0.7308659221863554,0.6460704497111197,0.4778248479477708,1136,,
CCLE,8,2,ridge_only,0.7239857910392192,0.6549289358471695,0.4840952090989318,1136,,
CCLE,8,2,fixed_fusion,0.731728786990097,0.6453965521978524,0.4759190887712642,1136,,
CCLE,8,2,adaptive_fusion,0.7296408132997046,0.6479991722125871,0.4782973087459768,1136,0.3,0.6835202442715461
CCLE,8,3,imputer_only,0.7266212225044099,0.6782362202658221,0.5058922974561246,1136,,
CCLE,8,3,ridge_only,0.7285059363397922,0.6765994516112162,0.5074990421234757,1136,,
CCLE,8,3,fixed_fusion,0.7324898997851284,0.6716689630620816,0.5008001450757072,1136,,
CCLE,8,3,adaptive_fusion,0.7320572466217568,0.6722623808799315,0.502204224135043,1136,0.3,0.6953652034436913
CCLE,8,4,imputer_only,0.7335204873536572,0.6821908746535839,0.4956391787887748,1136,,
CCLE,8,4,ridge_only,0.735874268784787,0.6797852913087526,0.4971434678169111,1136,,
CCLE,8,4,fixed_fusion,0.7395890648819461,0.6754580542787201,0.4917542513994447,1136,,
CCLE,8,4,adaptive_fusion,0.7396142497718858,0.6754376762145551,0.4921555405967986,1136,0.4,0.695509539457208
CCLE,8,5,imputer_only,0.7497623723080294,0.6738421499590114,0.5087657562910697,1136,,
CCLE,8,5,ridge_only,0.7407122927916933,0.684317882390866,0.51621491691477,1136,,
CCLE,8,5,fixed_fusion,0.7493130560821122,0.6743635365618301,0.508154889777076,1136,,
CCLE,8,5,adaptive_fusion,0.745111141680485,0.6792219305226006,0.5120511592328807,1136,0.2,0.6859975919416522
CCLE,8,6,imputer_only,0.7289865995541309,0.663171703789266,0.5001448866499321,1136,,
CCLE,8,6,ridge_only,0.7218447185966218,0.6709957072194551,0.5106865970136708,1136,,
CCLE,8,6,fixed_fusion,0.7304696020526561,0.66121088063235,0.5003595704445257,1136,,
CCLE,8,6,adaptive_fusion,0.7282138533990504,0.663730455820116,0.5034071968403995,1136,0.3,0.6930245429620494
CCLE,8,7,imputer_only,0.6876707519217242,0.6895134318694108,0.4997959217246934,1136,,
CCLE,8,7,ridge_only,0.6853023499896905,0.6919107512004862,0.5046865434862258,1136,,
CCLE,8,7,fixed_fusion,0.6907516161168448,0.6861318987750157,0.4973358488775413,1136,,
CCLE,8,7,adaptive_fusion,0.6903403015702854,0.6865569632368491,0.4978049333426305,1136,0.4,0.7080103187544466
CCLE,8,8,imputer_only,0.7347889982435479,0.7123719515472661,0.5134323886627434,1136,,
CCLE,8,8,ridge_only,0.738790650453271,0.7075390994827555,0.5084104950417409,1136,,
CCLE,8,8,fixed_fusion,0.7412356644800063,0.7045465825167461,0.506234283128923,1136,,
CCLE,8,8,adaptive_fusion,0.7413335093474744,0.7044420005831902,0.5061459874788186,1136,0.3,0.6941009553740729
CCLE,8,9,imputer_only,0.7140879238624935,0.7192836491277156,0.5143613965333764,1136,,
CCLE,8,9,ridge_only,0.7175975744683615,0.7155010160815558,0.5116007265386427,1136,,
CCLE,8,9,fixed_fusion,0.7199981610619082,0.7122052854587061,0.5073252957106017,1136,,
CCLE,8,9,adaptive_fusion,0.72003072086142,0.712276595517281,0.5073595502207623,1136,0.3,0.6956849223130005
CCLE,8,10,imputer_only,0.7345828038969776,0.682795289808835,0.480226518072977,1136,,
CCLE,8,10,ridge_only,0.7280873376447331,0.6901568686704442,0.4838578005174498,1136,,
CCLE,8,10,fixed_fusion,0.7358073522468406,0.6815308788542189,0.4764798133318321,1136,,
CCLE,8,10,adaptive_fusion,0.7337744996768113,0.6838057714813044,0.4781529584010776,1136,0.3,0.6957765999867351
CCLE,9,1,imputer_only,0.715815372831494,0.682620309246135,0.5140440544272563,1136,,
CCLE,9,1,ridge_only,0.7022206387821358,0.6986681570648506,0.5184334975172943,1136,,
CCLE,9,1,fixed_fusion,0.7136056100070074,0.6848852901570319,0.511596573986077,1136,,
CCLE,9,1,adaptive_fusion,0.7120460977653187,0.6867342836460502,0.5123307421228777,1136,0.4,0.6941098758935077
CCLE,9,2,imputer_only,0.7522445656824194,0.662809243796734,0.4963865386994449,1136,,
CCLE,9,2,ridge_only,0.7437104052587804,0.673048600381116,0.5088911992162894,1136,,
CCLE,9,2,fixed_fusion,0.7525255203639405,0.6624880400088393,0.4979402847197056,1136,,
CCLE,9,2,adaptive_fusion,0.7500562849240836,0.665423505286138,0.5009721130700456,1136,0.3,0.6978761287221671
CCLE,9,3,imputer_only,0.7253000643196666,0.6843533633804539,0.4980181859545424,1136,,
CCLE,9,3,ridge_only,0.7294154810410233,0.6800503851519281,0.4963518247234237,1136,,
CCLE,9,3,fixed_fusion,0.7320406827259063,0.6769990114988352,0.4930038242093335,1136,,
CCLE,9,3,adaptive_fusion,0.7321031502607287,0.6769680065756332,0.4932496643987819,1136,0.3,0.701038494202805
CCLE,9,4,imputer_only,0.7314624973805697,0.6738112064584239,0.502497119572927,1136,,
CCLE,9,4,ridge_only,0.7210224448669497,0.6847838787730608,0.5087199670933074,1136,,
CCLE,9,4,fixed_fusion,0.7305946975312345,0.674416317384522,0.5009435330519051,1136,,
CCLE,9,4,adaptive_fusion,0.7278072482432234,0.6774074940348743,0.5031044010643776,1136,0.3,0.6944065974723139
CCLE,9,5,imputer_only,0.7166406505604251,0.7110998244354244,0.4947673871379073,1136,,
CCLE,9,5,ridge_only,0.7181129045459298,0.7103088709783405,0.4984548693962647,1136,,
CCLE,9,5,fixed_fusion,0.7218750165555812,0.7055790519480971,0.4911571319526943,1136,,
CCLE,9,5,adaptive_fusion,0.7206477244291802,0.7071900503013465,0.4939065573646434,1136,0.2,0.6990733059365587
CCLE,9,6,imputer_only,0.7314141131724353,0.7179590922855875,0.50136847549635,1136,,
CCLE,9,6,ridge_only,0.7350978657120281,0.7132533494903679,0.5002644127174355,1136,,
CCLE,9,6,fixed_fusion,0.7379761172899657,0.7105826269148484,0.4962982807016782,1136,,
CCLE,9,6,adaptive_fusion,0.7381463065971622,0.710310481792436,0.4966143291033878,1136,0.4,0.7032671537568868
CCLE,9,7,imputer_only,0.7338355191134731,0.6849002846200369,0.5035654422251137,1136,,
CCLE,9,7,ridge_only,0.7322741309012867,0.6864561802352489,0.5055070052488665,1136,,
CCLE,9,7,fixed_fusion,0.7373557514091715,0.6808492429153761,0.5008625118797694,1136,,
CCLE,9,7,adaptive_fusion,0.7363621128721387,0.6819372113126532,0.5018396511508733,1136,0.3,0.6947670788948588
CCLE,9,8,imputer_only,0.7666835272215896,0.6728091450328688,0.4891442590743396,1136,,
CCLE,9,8,ridge_only,0.7611755324436841,0.6791850908227088,0.4961398172891792,1136,,
CCLE,9,8,fixed_fusion,0.7687772142161496,0.6705383360437696,0.4877435076535182,1136,,
CCLE,9,8,adaptive_fusion,0.7668788482216731,0.6726985973756024,0.4898769733829884,1136,0.3,0.683877632096521
CCLE,9,9,imputer_only,0.7058923181591786,0.669803365934765,0.5038447078139809,1136,,
CCLE,9,9,ridge_only,0.7024329959074163,0.6741820560347207,0.5042090843667659,1136,,
CCLE,9,9,fixed_fusion,0.7087051291451476,0.6664685532693484,0.4995048336252143,1136,,
CCLE,9,9,adaptive_fusion,0.7072674542710831,0.6682373072558337,0.5003432224077418,1136,0.3,0.7080217042953888
CCLE,9,10,imputer_only,0.7112614958305363,0.6840023284769343,0.5070154193243992,1136,,
CCLE,9,10,ridge_only,0.7127528191476064,0.6822025336080447,0.5039284531956352,1136,,
CCLE,9,10,fixed_fusion,0.7168797913805542,0.6774023871552483,0.50118993647117,1136,,
CCLE,9,10,adaptive_fusion,0.7163962036253986,0.6779551125721727,0.5010735618348584,1136,0.3,0.7056370381874186
ERKAUC30,0,1,imputer_only,0.660858393344751,0.7247147766274781,0.5026023190018901,1454,,
ERKAUC30,0,1,ridge_only,0.6783649607469124,0.6867908863242834,0.4828160402692977,1454,,
ERKAUC30,0,1,fixed_fusion,0.6798276167469818,0.6910887026410318,0.4810252677651822,1454,,
ERKAUC30,0,1,adaptive_fusion,0.6821053963549105,0.6857350249734896,0.478393761725024,1454,0.3,0.605638529329406
ERKAUC30,0,2,imputer_only,0.6477192100144401,0.7729179546803521,0.544807767933992,1454,,
ERKAUC30,0,2,ridge_only,0.6503190598302235,0.7613418561303779,0.5336283141452236,1454,,
ERKAUC30,0,2,fixed_fusion,0.6594248285502663,0.754775828686354,0.5284216367403648,1454,,
ERKAUC30,0,2,adaptive_fusion,0.6585977439916018,0.7544190078308591,0.5278903661783612,1454,0.3,0.623011378519728
ERKAUC30,0,3,imputer_only,0.6631014123948339,0.7759521539368511,0.5461554387312105,1454,,
ERKAUC30,0,3,ridge_only,0.6684319711431002,0.7646946160883075,0.529200864308533,1454,,
ERKAUC30,0,3,fixed_fusion,0.6772077780208319,0.7569538574104527,0.5283534433945701,1454,,
ERKAUC30,0,3,adaptive_fusion,0.6767079638367449,0.7568239337059504,0.526602232146898,1454,0.3,0.6089260592430613
ERKAUC30,0,4,imputer_only,0.606906814335212,0.7548525156718485,0.5102544591896315,1454,,
ERKAUC30,0,4,ridge_only,0.6199664077749095,0.734177100376182,0.4951402461474909,1454,,
ERKAUC30,0,4,fixed_fusion,0.6229085068200065,0.7336293386450039,0.4927380064134377,1454,,
ERKAUC30,0,4,adaptive_fusion,0.6236718482002603,0.7313050662286381,0.491184737257425,1454,0.2,0.6215037429802373
ERKAUC30,0,5,imputer_only,0.6873799852744312,0.7413643339205261,0.5251384035387445,1454,,
ERKAUC30,0,5,ridge_only,0.6992600019886246,0.7226537040870268,0.5016397948888773,1454,,
ERKAUC30,0,5,fixed_fusion,0.7067223018875476,0.7155868078777009,0.5012075024018189,1454,,
ERKAUC30,0,5,adaptive_fusion,0.7075113414633549,0.7144253496895273,0.4984491735419285,1454,0.3,0.5995110034852723
ERKAUC30,0,6,imputer_only,0.6389601409450159,0.8442253253452406,0.5424123169659664,1454,,
ERKAUC30,0,6,ridge_only,0.6366182894470834,0.8363207200642792,0.5310495106748148,1454,,
ERKAUC30,0,6,fixed_fusion,0.6489423559537113,0.8261319132160526,0.5241549603296531,1454,,
ERKAUC30,0,6,adaptive_fusion,0.6470049018849459,0.8268071088269081,0.5238798117829507,1454,0.3,0.6268439536756956
ERKAUC30,0,7,imputer_only,0.6578130125829209,0.7604764108838076,0.5179945070896538,1454,,
ERKAUC30,0,7,ridge_only,0.6680803380393657,0.7409567788547536,0.5010945859548195,1454,,
ERKAUC30,0,7,fixed_fusion,0.6741271482898191,0.7370466172895171,0.4961081557048701,1454,,
ERKAUC30,0,7,adaptive_fusion,0.6747747109903994,0.7352860007416776,0.4942128981276738,1454,0.3,0.6148970152674725
ERKAUC30,0,8,imputer_only,0.6524416633475476,0.795543890026963,0.5352458151438795,1454,,
ERKAUC30,0,8,ridge_only,0.689648152636898,0.7493177322273776,0.5005360672048945,1454,,
ERKAUC30,0,8,fixed_fusion,0.6829217847898154,0.7573490762865502,0.5075874773289386,1454,,
ERKAUC30,0,8,adaptive_fusion,0.6889771974112842,0.7503812197656005,0.5019794975577481,1454,0.3,0.6167370504566951
ERKAUC30,0,9,imputer_only,0.6633787928204258,0.7364497778904565,0.4966855227122553,1453,,
ERKAUC30,0,9,ridge_only,0.6725205798103454,0.7239760729325981,0.4935471013485049,1453,,
ERKAUC30,0,9,fixed_fusion,0.6779588027488792,0.719133454909241,0.4858145307509067,1453,,
ERKAUC30,0,9,adaptive_fusion,0.6783297557703998,0.7183905934277842,0.486718224361659,1453,0.3,0.6092098692753255
ERKAUC30,0,10,imputer_only,0.6642889764722333,0.7621600225804145,0.521977856655907,1453,,
ERKAUC30,0,10,ridge_only,0.6750279195587053,0.7489621193565762,0.5026535452748934,1453,,
ERKAUC30,0,10,fixed_fusion,0.6827143064443907,0.7417902750610962,0.5027760926615485,1453,,
ERKAUC30,0,10,adaptive_fusion,0.6815332753645715,0.7427708228220958,0.5001073728445488,1453,0.2,0.6155770676417549
ERKAUC30,1,1,imputer_only,0.6573424999160026,0.7627049180017752,0.5310947599020457,1454,,
ERKAUC30,1,1,ridge_only,0.6587273824675085,0.7547310695371615,0.5168747912899897,1454,,
ERKAUC30,1,1,fixed_fusion,0.6688701803470379,0.746355229841806,0.5144256883596443,1454,,
ERKAUC30,1,1,adaptive_fusion,0.6677001895579073,0.7467300780060216,0.513397064829723,1454,0.3,0.6090889219808051
ERKAUC30,1,2,imputer_only,0.6766895816850056,0.7351738919875906,0.5233321313451552,1454,,
ERKAUC30,1,2,ridge_only,0.6858331332015837,0.7219378009393178,0.508790159774017,1454,,
ERKAUC30,1,2,fixed_fusion,0.6925943666711223,0.7156992920202083,0.5054769878029651,1454,,
ERKAUC30,1,2,adaptive_fusion,0.6928466650474873,0.7150846781194754,0.5046302276313835,1454,0.3,0.6034902301264649
ERKAUC30,1,3,imputer_only,0.6655079275097597,0.7763215545260231,0.5150730067709454,1454,,
ERKAUC30,1,3,ridge_only,0.6671176225894476,0.770158411090365,0.5129136596400015,1454,,
ERKAUC30,1,3,fixed_fusion,0.677472693707273,0.7601601767726962,0.5029369944500711,1454,,
ERKAUC30,1,3,adaptive_fusion,0.6761633381839491,0.7610176275822488,0.5046264205212904,1454,0.3,0.6122473908732033
ERKAUC30,1,4,imputer_only,0.6777117600489226,0.7020675433025654,0.5031996580234942,1454,,
ERKAUC30,1,4,ridge_only,0.6890122018286255,0.6807636667286547,0.4895458539642898,1454,,
ERKAUC30,1,4,fixed_fusion,0.6958423151143411,0.6752679778634346,0.4848252954455896,1454,,
ERKAUC30,1,4,adaptive_fusion,0.6950309264717194,0.6746365871065341,0.4844631284741224,1454,0.2,0.6003811947892086
ERKAUC30,1,5,imputer_only,0.6086694305280156,0.8221731858742697,0.5410818563042189,1454,,
ERKAUC30,1,5,ridge_only,0.6497812184261749,0.7659812464960488,0.5085323288637784,1454,,
ERKAUC30,1,5,fixed_fusion,0.6404870508144236,0.7785298203235328,0.5138759384198934,1454,,
ERKAUC30,1,5,adaptive_fusion,0.6475749870091447,0.7696094328383818,0.5095107517875888,1454,0.3,0.6156481574527688
ERKAUC30,1,6,imputer_only,0.5757183933497032,0.8292200145571571,0.5696336993553863,1454,,
ERKAUC30,1,6,ridge_only,0.5884253849035921,0.802535199588905,0.5475147970540717,1454,,
ERKAUC30,1,6,fixed_fusion,0.5935718377554262,0.8014749926055956,0.5473731387802272,1454,,
ERKAUC30,1,6,adaptive_fusion,0.5946323929379492,0.7983790382560226,0.5440746926995759,1454,0.3,0.6335426661082613
ERKAUC30,1,7,imputer_only,0.6602962924145377,0.8201163590974917,0.5369912537929001,1454,,
ERKAUC30,1,7,ridge_only,0.6683635214090753,0.8060955551591296,0.5224755593401634,1454,,
ERKAUC30,1,7,fixed_fusion,0.6740201583281727,0.8012396775998026,0.5203509178634559,1454,,
ERKAUC30,1,7,adaptive_fusion,0.6743584768360465,0.8003110189694607,0.5190321574544219,1454,0.3,0.6161255839828585
ERKAUC30,1,8,imputer_only,0.6436338699893014,0.8230647179665757,0.5235336727517634,1454,,
ERKAUC30,1,8,ridge_only,0.6472606628841135,0.8168206166985662,0.5110062147777155,1454,,
ERKAUC30,1,8,fixed_fusion,0.6551809125119195,0.8094228797312073,0.5095061977443406,1454,,
ERKAUC30,1,8,adaptive_fusion,0.6544813197139874,0.809852782816898,0.5079166460348334,1454,0.3,0.6201694741427053
ERKAUC30,1,9,imputer_only,0.6684515890245818,0.6863733854560107,0.4848736091772597,1453,,
ERKAUC30,1,9,ridge_only,0.6764690879497794,0.6710623210761721,0.4761646353248453,1453,,
ERKAUC30,1,9,fixed_fusion,0.6855609781761656,0.6636549221201167,0.4686083739070054,1453,,
ERKAUC30,1,9,adaptive_fusion,0.6853288189845318,0.662967334442342,0.4689500737952711,1453,0.3,0.6114026675475245
ERKAUC30,1,10,imputer_only,0.6772964636380974,0.7394501037386533,0.5268531136251748,1453,,
ERKAUC30,1,10,ridge_only,0.6865310869129955,0.7225968775889601,0.512333878048943,1453,,
ERKAUC30,1,10,fixed_fusion,0.6920826830214974,0.7184141264708307,0.5095813191739883,1453,,
ERKAUC30,1,10,adaptive_fusion,0.6925510511604857,0.7170260912923621,0.508365855493688,1453,0.3,0.601503237538058
ERKAUC30,2,1,imputer_only,0.6779768002321537,0.7300263559539519,0.5018028306690406,1454,,
ERKAUC30,2,1,ridge_only,0.6819017301042715,0.7152197662432007,0.4948086145685754,1454,,
ERKAUC30,2,1,fixed_fusion,0.6904528476715657,0.7087144761291723,0.4859899302005052,1454,,
ERKAUC30,2,1,adaptive_fusion,0.6898338030415384,0.7079480239470157,0.4870475607254335,1454,0.3,0.5987977348493627
ERKAUC30,2,2,imputer_only,0.6538862216255169,0.724022466166587,0.500881896435925,1454,,
ERKAUC30,2,2,ridge_only,0.6647620615777158,0.7027205550335414,0.4887301714295339,1454,,
ERKAUC30,2,2,fixed_fusion,0.6686157645733285,0.7014428716424547,0.4864168530102675,1454,,
ERKAUC30,2,2,adaptive_fusion,0.669539641803606,0.6990436852978563,0.4851295943355938,1454,0.3,0.6121613548628171
ERKAUC30,2,3,imputer_only,0.6296037938864301,0.8232073888406551,0.5327291050090767,1454,,
ERKAUC30,2,3,ridge_only,0.6554291267781129,0.7946199923080399,0.5141059230202636,1454,,
ERKAUC30,2,3,fixed_fusion,0.6535976956350082,0.7967368018139037,0.513869165648092,1454,,
ERKAUC30,2,3,adaptive_fusion,0.657244555353493,0.7929064361395823,0.5113247949228894,1454,0.3,0.6237524738166804
ERKAUC30,2,4,imputer_only,0.5903903326209996,0.7779527155930523,0.5464990250020066,1454,,
ERKAUC30,2,4,ridge_only,0.6178630633240295,0.7404191811060886,0.5213090357735133,1454,,
ERKAUC30,2,4,fixed_fusion,0.6162648748034448,0.7449916693316628,0.5259128816155499,1454,,
ERKAUC30,2,4,adaptive_fusion,0.6203221353800544,0.7396533518298661,0.522076936827478,1454,0.3,0.6327164757151262
ERKAUC30,2,5,imputer_only,0.6451060631459332,0.7335678819484822,0.5152405848059844,1454,,
ERKAUC30,2,5,ridge_only,0.6534400140248044,0.7163325511250404,0.4994137062091621,1454,,
ERKAUC30,2,5,fixed_fusion,0.6611982948882572,0.7112470159734642,0.4974841088885403,1454,,
ERKAUC30,2,5,adaptive_fusion,0.6597906013150281,0.7109762163647971,0.4962384274606196,1454,0.2,0.6185297789720992
ERKAUC30,2,6,imputer_only,0.6921413809823694,0.7206551480907221,0.5047775094576392,1454,,
ERKAUC30,2,6,ridge_only,0.7028958447659939,0.704336704469789,0.4945021836838763,1454,,
ERKAUC30,2,6,fixed_fusion,0.7100245428178394,0.6975538460772336,0.4883331835407321,1454,,
ERKAUC30,2,6,adaptive_fusion,0.7090614410545435,0.6980072396580982,0.4887246189178115,1454,0.2,0.6090121098380565
ERKAUC30,2,7,imputer_only,0.6779422385101265,0.7822654526009301,0.5411075979247904,1454,,
ERKAUC30,2,7,ridge_only,0.6727004987985024,0.7795488949251503,0.5257878089089448,1454,,
ERKAUC30,2,7,fixed_fusion,0.6887372102188886,0.7644320301243455,0.5198284538761483,1454,,
ERKAUC30,2,7,adaptive_fusion,0.6859718828321061,0.7665387276757675,0.5185333542544424,1454,0.3,0.6001130937398733
ERKAUC30,2,8,imputer_only,0.6292116220942472,0.8047851981842435,0.5467206176891389,1454,,
ERKAUC30,2,8,ridge_only,0.6219795214439119,0.8066460262541028,0.538968308051905,1454,,
ERKAUC30,2,8,fixed_fusion,0.6368403653642211,0.7927383343419051,0.5324681024714935,1454,,
ERKAUC30,2,8,adaptive_fusion,0.6336948197957618,0.7952061960038341,0.5325900211553587,1454,0.3,0.6246876750965112
ERKAUC30,2,9,imputer_only,0.6412114818706888,0.8120576063676775,0.5199307413642834,1453,,
ERKAUC30,2,9,ridge_only,0.6566062236194076,0.7935606456731819,0.5093540440318566,1453,,
ERKAUC30,2,9,fixed_fusion,0.6594418267970042,0.7915584908200418,0.5036933770034631,1453,,
ERKAUC30,2,9,adaptive_fusion,0.6610570288534441,0.7896256978815173,0.5034316119226994,1453,0.3,0.6191059981484337
ERKAUC30,2,10,imputer_only,0.653383169442916,0.7977952380695231,0.531177507864785,1453,,
ERKAUC30,2,10,ridge_only,0.6592252946247991,0.7877720784655767,0.5261613302054114,1453,,
ERKAUC30,2,10,fixed_fusion,0.6663156530972625,0.7816550610160199,0.5195199078615051,1453,,
ERKAUC30,2,10,adaptive_fusion,0.6646406974668052,0.782645274043388,0.5214735227282058,1453,0.2,0.6151838891038202
ERKAUC30,3,1,imputer_only,0.674158416563038,0.7387986395764193,0.5192412054033689,1454,,
ERKAUC30,3,1,ridge_only,0.6912854211047981,0.7123107829831371,0.494597660601605,1454,,
ERKAUC30,3,1,fixed_fusion,0.6933564141004209,0.7120187496083331,0.4967999892846788,1454,,
ERKAUC30,3,1,adaptive_fusion,0.6954165032021353,0.7088193272697686,0.4932218434088053,1454,0.3,0.6190648858018782
ERKAUC30,3,2,imputer_only,0.6224263035131514,0.7576859711035078,0.5148320345362896,1454,,
ERKAUC30,3,2,ridge_only,0.6251326973760458,0.7407027060963667,0.4978372400008914,1454,,
ERKAUC30,3,2,fixed_fusion,0.6337640161496583,0.7370259039860414,0.4959952668257236,1454,,
ERKAUC30,3,2,adaptive_fusion,0.6330367592944168,0.7355425283424142,0.4936338086694029,1454,0.3,0.6206640616275698
ERKAUC30,3,3,imputer_only,0.6087241439058549,0.8456403840861368,0.5391120601031818,1454,,
ERKAUC30,3,3,ridge_only,0.6310792044867775,0.8125177732010797,0.5184169597836484,1454,,
ERKAUC30,3,3,fixed_fusion,0.6304867573176897,0.8156297537390726,0.5169385222943425,1454,,
ERKAUC30,3,3,adaptive_fusion,0.6336312578766985,0.811079841686481,0.5146925450712436,1454,0.3,0.6241920340293481
ERKAUC30,3,4,imputer_only,0.6765022643828587,0.7903537943578789,0.5453048840040156,1454,,
ERKAUC30,3,4,ridge_only,0.675687569218661,0.787487470474975,0.5267641369802727,1454,,
ERKAUC30,3,4,fixed_fusion,0.6870360802382345,0.7762312360350202,0.5275276179623261,1454,,
ERKAUC30,3,4,adaptive_fusion,0.6853253220144009,0.7776943326832567,0.5245770700279501,1454,0.3,0.6172771233316003
ERKAUC30,3,5,imputer_only,0.6707287437098165,0.732805001974089,0.5120244624192937,1454,,
ERKAUC30,3,5,ridge_only,0.6844773243533934,0.7113288743410017,0.4952968604150267,1454,,
ERKAUC30,3,5,fixed_fusion,0.6892478565342134,0.7080273088116221,0.4913095582267455,1454,,
ERKAUC30,3,5,adaptive_fusion,0.6904579591534153,0.7059254326919332,0.4896366456791757,1454,0.3,0.6105438101797759
ERKAUC30,3,6,imputer_only,0.6562536235851832,0.7607411221943766,0.5320747941348092,1454,,
ERKAUC30,3,6,ridge_only,0.6764080533768864,0.7241212255100233,0.4953670439917589,1454,,
ERKAUC30,3,6,fixed_fusion,0.6792724751085238,0.7248572380920526,0.5001812993191398,1454,,
ERKAUC30,3,6,adaptive_fusion,0.6818249114231085,0.720223799728272,0.4943750613097465,1454,0.3,0.6206739752579399
ERKAUC30,3,7,imputer_only,0.632495795266715,0.797183866501085,0.5368065622496292,1454,,
ERKAUC30,3,7,ridge_only,0.6575652262189179,0.7659168647142248,0.5139560347192148,1454,,
ERKAUC30,3,7,fixed_fusion,0.6575012608656479,0.7671879097734846,0.513757837431719,1454,,
ERKAUC30,3,7,adaptive_fusion,0.6610737525915362,0.7631518134924964,0.511128334868024,1454,0.3,0.6219698821101196
ERKAUC30,3,8,imputer_only,0.6211549650960779,0.8396010216872127,0.5453070186268624,1454,,
ERKAUC30,3,8,ridge_only,0.6306530639728327,0.8194642583461447,0.5265419141589913,1454,,
ERKAUC30,3,8,fixed_fusion,0.6353938259535534,0.817246801157418,0.5263537032787683,1454,,
ERKAUC30,3,8,adaptive_fusion,0.636017129376101,0.815146640942457,0.5237760844011439,1454,0.3,0.6219851641752465
ERKAUC30,3,9,imputer_only,0.7075280367812024,0.6856654614082531,0.4963874600437346,1453,,
ERKAUC30,3,9,ridge_only,0.7079450093202304,0.6827411448296589,0.489078469277364,1453,,
ERKAUC30,3,9,fixed_fusion,0.7192292833633451,0.6715457773974816,0.4834679185989052,1453,,
ERKAUC30,3,9,adaptive_fusion,0.7176945738693541,0.6729928758003799,0.4834676205245643,1453,0.3,0.6206633969858493
ERKAUC30,3,10,imputer_only,0.693757414058575,0.7209712790116489,0.524407428792176,1453,,
ERKAUC30,3,10,ridge_only,0.7059337490335981,0.6977606097138481,0.5060567257029157,1453,,
ERKAUC30,3,10,fixed_fusion,0.7111130558790054,0.6936899266507398,0.5045077311758308,1453,,
ERKAUC30,3,10,adaptive_fusion,0.7119731427496333,0.6914914410751841,0.5027869112135205,1453,0.3,0.6135026722507446
ERKAUC30,4,1,imputer_only,0.6407048957589246,0.7509251856733581,0.5130081776632195,1454,,
ERKAUC30,4,1,ridge_only,0.6343767890263724,0.7474587820483221,0.5100785979890281,1454,,
ERKAUC30,4,1,fixed_fusion,0.6485578158455977,0.736675254789817,0.502142455819959,1454,,
ERKAUC30,4,1,adaptive_fusion,0.6457616231975151,0.7379890392063265,0.5035663073447064,1454,0.3,0.6152711860326079
ERKAUC30,4,2,imputer_only,0.6322657860685369,0.7919874305023574,0.536854357397481,1454,,
ERKAUC30,4,2,ridge_only,0.6455845674690397,0.7613271017533335,0.5081139134042647,1454,,
ERKAUC30,4,2,fixed_fusion,0.6517680770209512,0.759275291070171,0.5099542421174135,1454,,
ERKAUC30,4,2,adaptive_fusion,0.6528481260764349,0.7558327514111106,0.5061260402667627,1454,0.3,0.6209929998850967
ERKAUC30,4,3,imputer_only,0.6558838993633762,0.7884427552065678,0.5358829221714653,1454,,
ERKAUC30,4,3,ridge_only,0.6762503859964972,0.7618800697275839,0.5209480362009319,1454,,
ERKAUC30,4,3,fixed_fusion,0.6767922222449866,0.7622608570970033,0.5180151207317641,1454,,
ERKAUC30,4,3,adaptive_fusion,0.6794180518700381,0.7589512920522677,0.5169021828150867,1454,0.3,0.5963137041439402
ERKAUC30,4,4,imputer_only,0.6775791250963923,0.7952754790071966,0.5423751963328755,1454,,
ERKAUC30,4,4,ridge_only,0.6649137132521796,0.8043354451962725,0.5346605947175213,1454,,
ERKAUC30,4,4,fixed_fusion,0.6832136065618083,0.786108999382016,0.5286375134939935,1454,,
ERKAUC30,4,4,adaptive_fusion,0.678959205304961,0.7901547658153697,0.5282592504276309,1454,0.3,0.6110322932384062
ERKAUC30,4,5,imputer_only,0.6383677662142957,0.7033193659072705,0.503078682035236,1454,,
ERKAUC30,4,5,ridge_only,0.6684022340751984,0.66270237604073,0.4743277649725038,1454,,
ERKAUC30,4,5,fixed_fusion,0.6653604748261427,0.6681400710045051,0.4759581485289844,1454,,
ERKAUC30,4,5,adaptive_fusion,0.6698557009309564,0.6622652331380237,0.4718940630126002,1454,0.3,0.6201502003314531
ERKAUC30,4,6,imputer_only,0.6808617961712039,0.7305412302784386,0.5096325540685824,1454,,
ERKAUC30,4,6,ridge_only,0.6919370235580592,0.7157768716778008,0.4955875148101257,1454,,
ERKAUC30,4,6,fixed_fusion,0.6959484345628449,0.712401012688143,0.4936439403908601,1454,,
ERKAUC30,4,6,adaptive_fusion,0.6968325126525496,0.711142841338746,0.4928433710841803,1454,0.3,0.6235292381851152
ERKAUC30,4,7,imputer_only,0.6709064662089526,0.8112898753499693,0.5401236582024598,1454,,
ERKAUC30,4,7,ridge_only,0.6792401348298959,0.7990135212408351,0.5265687351577667,1454,,
ERKAUC30,4,7,fixed_fusion,0.685576860871881,0.7928273922132882,0.5223241806103294,1454,,
ERKAUC30,4,7,adaptive_fusion,0.6858122222505115,0.7923248133844316,0.5208464080863023,1454,0.3,0.613078962856481
ERKAUC30,4,8,imputer_only,0.614873851357683,0.7834252735105147,0.5141627908832195,1454,,
ERKAUC30,4,8,ridge_only,0.6638543482102842,0.7237068192517732,0.4817724892924597,1454,,
ERKAUC30,4,8,fixed_fusion,0.6495998798798368,0.7400313566770695,0.4882373412507935,1454,,
ERKAUC30,4,8,adaptive_fusion,0.6544051862013504,0.7345000560888237,0.485301945419805,1454,0.4,0.6264452745608577
ERKAUC30,4,9,imputer_only,0.662795833329747,0.7635294782221206,0.5080826043642298,1453,,
ERKAUC30,4,9,ridge_only,0.6776056482955711,0.7408875381733405,0.498287149229717,1453,,
ERKAUC30,4,9,fixed_fusion,0.6808651951578241,0.7388600248622093,0.4926764753211933,1453,,
ERKAUC30,4,9,adaptive_fusion,0.6823532732077281,0.7364147062060564,0.4925185735611448,1453,0.3,0.6142360023943603
ERKAUC30,4,10,imputer_only,0.647496126570443,0.7726111719211822,0.5450024489008585,1453,,
ERKAUC30,4,10,ridge_only,0.6548297426659808,0.7580852768709971,0.5296431732418801,1453,,
ERKAUC30,4,10,fixed_fusion,0.6625601044292835,0.7522364634745331,0.5283816909817793,1453,,
ERKAUC30,4,10,adaptive_fusion,0.662547616844122,0.7514019568667342,0.5264310657425866,1453,0.3,0.6232408832997604
ERKAUC30,5,1,imputer_only,0.6367402591850188,0.8010624303737746,0.5275084037611795,1454,,
ERKAUC30,5,1,ridge_only,0.6550633528815862,0.7763605981670074,0.5087930563419107,1454,,
ERKAUC30,5,1,fixed_fusion,0.6574807574454301,0.7750877324992701,0.5063926826468256,1454,,
ERKAUC30,5,1,adaptive_fusion,0.6591319353226173,0.7725257871305757,0.5050958508687957,1454,0.2,0.6072120027609643
ERKAUC30,5,2,imputer_only,0.6549838977274207,0.7342699710130067,0.5272268720933648,1454,,
ERKAUC30,5,2,ridge_only,0.6701410483053791,0.706372357479173,0.4911978016684726,1454,,
ERKAUC30,5,2,fixed_fusion,0.6740260125798814,0.7057450354522609,0.496873049493381,1454,,
ERKAUC30,5,2,adaptive_fusion,0.6756752827927891,0.702420768040255,0.4913940693279731,1454,0.3,0.6162096688178508
ERKAUC30,5,3,imputer_only,0.6355289962665118,0.7355081255919446,0.5066707065589009,1454,,
ERKAUC30,5,3,ridge_only,0.6444967148275071,0.7215997599627312,0.4904688475967386,1454,,
ERKAUC30,5,3,fixed_fusion,0.6504378700856441,0.7170391287890773,0.4905091030648083,1454,,
ERKAUC30,5,3,adaptive_fusion,0.6507377364503815,0.7160746956569772,0.4878870309218431,1454,0.3,0.6225318118641916
ERKAUC30,5,4,imputer_only,0.6451101629574367,0.7811832372295263,0.5252802981822505,1454,,
ERKAUC30,5,4,ridge_only,0.661979202539441,0.7588475337830883,0.5104769008813257,1454,,
ERKAUC30,5,4,fixed_fusion,0.6665451756836805,0.7552462184544774,0.503850472598483,1454,,
ERKAUC30,5,4,adaptive_fusion,0.6681536646981739,0.7530880203883907,0.5031874684570165,1454,0.3,0.6198194149706407
ERKAUC30,5,5,imputer_only,0.6811174450040666,0.772623968603295,0.5084121034265575,1454,,
ERKAUC30,5,5,ridge_only,0.6788793714426552,0.7730984750344027,0.5121561766105213,1454,,
ERKAUC30,5,5,fixed_fusion,0.6902029474044694,0.761703357469147,0.4993489032696601,1454,,
ERKAUC30,5,5,adaptive_fusion,0.6883091433908424,0.7635956381414498,0.5016124355255247,1454,0.3,0.610317770555957
ERKAUC30,5,6,imputer_only,0.6835388284166988,0.7712555769595529,0.5418414634546669,1454,,
ERKAUC30,5,6,ridge_only,0.6960909530363398,0.7507065415097607,0.528145034078621,1454,,
ERKAUC30,5,6,fixed_fusion,0.6987804463864065,0.7492083333660812,0.5269342326958093,1454,,
ERKAUC30,5,6,adaptive_fusion,0.7000840815375297,0.7469402205437433,0.525248281366057,1454,0.3,0.6021577707922174
ERKAUC30,5,7,imputer_only,0.6595792001262514,0.7538456562878231,0.5224048565026562,1454,,
ERKAUC30,5,7,ridge_only,0.6871986499316308,0.7133224717171122,0.498988748913659,1454,,
ERKAUC30,5,7,fixed_fusion,0.683415932159615,0.719987973001945,0.5011853747764164,1454,,
ERKAUC30,5,7,adaptive_fusion,0.6877722463291438,0.7139464724515788,0.4979249432335826,1454,0.3,0.6161076860258909
ERKAUC30,5,8,imputer_only,0.6538913171714276,0.7673066915412291,0.5023996393392285,1454,,
ERKAUC30,5,8,ridge_only,0.6734825416342993,0.7450967813231735,0.4907385539844763,1454,,
ERKAUC30,5,8,fixed_fusion,0.6744249077179573,0.7445713004300566,0.4857023223545056,1454,,
ERKAUC30,5,8,adaptive_fusion,0.6768541776031071,0.7419439508931565,0.4849093336571313,1454,0.3,0.6148941107841692
ERKAUC30,5,9,imputer_only,0.6119823051327161,0.78956898260182,0.5519734859934137,1453,,
ERKAUC30,5,9,ridge_only,0.6401934651355887,0.73760034418929,0.5122750258316457,1453,,
ERKAUC30,5,9,fixed_fusion,0.6386654026688628,0.7456132152214193,0.5215798876037102,1453,,
ERKAUC30,5,9,adaptive_fusion,0.6430046900324605,0.7379117226001647,0.5151392950300455,1453,0.3,0.6251265711550589
ERKAUC30,5,10,imputer_only,0.6454643588110299,0.8048138174863346,0.5417932278753332,1453,,
ERKAUC30,5,10,ridge_only,0.6598624982808026,0.780514566540221,0.5217300013952244,1453,,
ERKAUC30,5,10,fixed_fusion,0.6634101970681806,0.7789551732168883,0.5206057431738211,1453,,
ERKAUC30,5,10,adaptive_fusion,0.6648817735098017,0.7762329419435038,0.5181216411460906,1453,0.3,0.6050846931105338
ERKAUC30,6,1,imputer_only,0.6862842105112666,0.7097281080011467,0.5024808817948221,1454,,
ERKAUC30,6,1,ridge_only,0.6945682465556765,0.6963053805103062,0.4887552229625761,1454,,
ERKAUC30,6,1,fixed_fusion,0.7010963423165247,0.6905237221100412,0.4839839644624725,1454,,
ERKAUC30,6,1,adaptive_fusion,0.7012554496743783,0.6898124245277598,0.4835886351984862,1454,0.3,0.6120808192572978
ERKAUC30,6,2,imputer_only,0.6809901109425441,0.7070545727712895,0.50458172950848,1454,,
ERKAUC30,6,2,ridge_only,0.6762698000578582,0.7054026910891988,0.4927482292572266,1454,,
ERKAUC30,6,2,fixed_fusion,0.6911522176353168,0.6921946938309829,0.4877582697293153,1454,,
ERKAUC30,6,2,adaptive_fusion,0.6884833166640301,0.6941232050592028,0.4870481182617488,1454,0.3,0.6151653429392225
ERKAUC30,6,3,imputer_only,0.6383576633658127,0.7882684108022968,0.5217273687019699,1454,,
ERKAUC30,6,3,ridge_only,0.6409831966101748,0.7710210619728253,0.5051675125977513,1454,,
ERKAUC30,6,3,fixed_fusion,0.6503389137393872,0.7658037877363651,0.5025299826664613,1454,,
ERKAUC30,6,3,adaptive_fusion,0.6495269566969583,0.7645332539964272,0.5008088157878468,1454,0.3,0.6210010731767347
ERKAUC30,6,4,imputer_only,0.7186611459966806,0.7282575755807238,0.5172715851974781,1454,,
ERKAUC30,6,4,ridge_only,0.704540336152586,0.7407878572924906,0.5159972912664436,1454,,
ERKAUC30,6,4,fixed_fusion,0.7235657766241158,0.7205177869130073,0.5059829610200539,1454,,
ERKAUC30,6,4,adaptive_fusion,0.7190618121509228,0.7253234523437851,0.5077433442543043,1454,0.3,0.6117964258098916
ERKAUC30,6,5,imputer_only,0.6844201286835851,0.7858665135864621,0.5329157474414817,1454,,
ERKAUC30,6,5,ridge_only,0.687315435652423,0.7790369297001803,0.5245825153900976,1454,,
ERKAUC30,6,5,fixed_fusion,0.6953606226491563,0.7710038897385664,0.5192377068266254,1454,,
ERKAUC30,6,5,adaptive_fusion,0.6946181831775575,0.7714640128513842,0.5187021773879783,1454,0.3,0.6136374363758207
ERKAUC30,6,6,imputer_only,0.6579011031739799,0.7286763961367252,0.5044626818261345,1454,,
ERKAUC30,6,6,ridge_only,0.6826030161228177,0.690778774958419,0.4844536735220096,1454,,
ERKAUC30,6,6,fixed_fusion,0.680905342915519,0.6955729835986787,0.4823771719399252,1454,,
ERKAUC30,6,6,adaptive_fusion,0.6845150747871914,0.6901471327390319,0.4801484475306128,1454,0.3,0.613342975239388
ERKAUC30,6,7,imputer_only,0.6361518118647925,0.8252521310534439,0.5440094567307059,1454,,
ERKAUC30,6,7,ridge_only,0.6655980051829551,0.7859554752420288,0.5228379302161894,1454,,
ERKAUC30,6,7,fixed_fusion,0.6638088829939107,0.7893323942618702,0.5241337586486516,1454,,
ERKAUC30,6,7,adaptive_fusion,0.6681345189320386,0.7839621658395619,0.5207886234553694,1454,0.3,0.6094700292788083
ERKAUC30,6,8,imputer_only,0.6482592471548566,0.734589537981152,0.5164119812323423,1454,,
ERKAUC30,6,8,ridge_only,0.657344001535206,0.718054229542771,0.4931112631248856,1454,,
ERKAUC30,6,8,fixed_fusion,0.6642867569190959,0.7134890862632648,0.4955484744917606,1454,,
ERKAUC30,6,8,adaptive_fusion,0.6646739318080015,0.712200759876552,0.4919067975324314,1454,0.3,0.6154783239847635
ERKAUC30,6,9,imputer_only,0.6014833344366238,0.8340670186411813,0.5390092530559812,1453,,
ERKAUC30,6,9,ridge_only,0.6218720752187279,0.8081701909193416,0.5220923618725899,1453,,
ERKAUC30,6,9,fixed_fusion,0.6215597924885327,0.8099439481128156,0.5203864861632498,1453,,
ERKAUC30,6,9,adaptive_fusion,0.6243724917072802,0.8065026522554625,0.5183557162808619,1453,0.3,0.6236500364345323
ERKAUC30,6,10,imputer_only,0.6323418869440159,0.7717845299155608,0.5131926998831441,1453,,
ERKAUC30,6,10,ridge_only,0.648229065150813,0.7489353769617298,0.5004759484650285,1453,,
ERKAUC30,6,10,fixed_fusion,0.650979058087652,0.7477999205431418,0.4976695571701264,1453,,
ERKAUC30,6,10,adaptive_fusion,0.6527004307186505,0.7451892230371124,0.4969061483163226,1453,0.3,0.6199845704022195
ERKAUC30,7,1,imputer_only,0.6446868834786728,0.7710004706728834,0.4928063159501304,1454,,
ERKAUC30,7,1,ridge_only,0.6601402998919583,0.7520688303366656,0.4836937896868498,1454,,
ERKAUC30,7,1,fixed_fusion,0.6635806881280479,0.7494856575443286,0.4777996222455515,1454,,
ERKAUC30,7,1,adaptive_fusion,0.6652204762272949,0.747588958020529,0.4776133490625709,1454,0.3,0.610658108620743
ERKAUC30,7,2,imputer_only,0.6791354938448737,0.7668206966264549,0.5390752991837574,1454,,
ERKAUC30,7,2,ridge_only,0.6785029971251204,0.7614720689650673,0.5236825257660809,1454,,
ERKAUC30,7,2,fixed_fusion,0.6889857732723348,0.7519127131210904,0.5219700327293596,1454,,
ERKAUC30,7,2,adaptive_fusion,0.6875087472312497,0.7527991328737071,0.5199888406345106,1454,0.3,0.6131931821789433
ERKAUC30,7,3,imputer_only,0.6497961446879118,0.7673715021554253,0.5304059654638312,1454,,
ERKAUC30,7,3,ridge_only,0.654588117861455,0.7560682938448768,0.524104370477014,1454,,
ERKAUC30,7,3,fixed_fusion,0.6621408142165353,0.7502401318528691,0.5166303865226678,1454,,
ERKAUC30,7,3,adaptive_fusion,0.6617525557703884,0.749798989695701,0.5173246457328027,1454,0.3,0.624618884303875
ERKAUC30,7,4,imputer_only,0.6500182293718892,0.7925463660758966,0.5413187620611292,1454,,
ERKAUC30,7,4,ridge_only,0.6772101107104264,0.746301123151191,0.514666554568085,1454,,
ERKAUC30,7,4,fixed_fusion,0.6740373246461967,0.7541246151393799,0.5141275200139804,1454,,
ERKAUC30,7,4,adaptive_fusion,0.6782405049869579,0.747185414141121,0.5105836966384537,1454,0.3,0.607600053660175
ERKAUC30,7,5,imputer_only,0.6185077432797327,0.7863323395634109,0.5366506704885978,1454,,
ERKAUC30,7,5,ridge_only,0.6386021953434676,0.7608680777766499,0.5094107401102415,1454,,
ERKAUC30,7,5,fixed_fusion,0.638815152392055,0.7621237023461493,0.5133415176705703,1454,,
ERKAUC30,7,5,adaptive_fusion,0.6415107788213438,0.7588140537271102,0.5093865763436297,1454,0.3,0.6273742115160709
ERKAUC30,7,6,imputer_only,0.6771959977064292,0.712980520232433,0.5024714839310236,1454,,
ERKAUC30,7,6,ridge_only,0.6621036624823192,0.7191986998591443,0.5024684411115379,1454,,
ERKAUC30,7,6,fixed_fusion,0.6807513859873824,0.7031568273095454,0.4943592531726833,1454,,
ERKAUC30,7,6,adaptive_fusion,0.6724720236575611,0.7097269882069271,0.497186587640215,1454,0.2,0.6121205786670831
ERKAUC30,7,7,imputer_only,0.5848327815303119,0.8385623096261138,0.5352235690586011,1454,,
ERKAUC30,7,7,ridge_only,0.5969489534442965,0.8209824601689202,0.5244956912591822,1454,,
ERKAUC30,7,7,fixed_fusion,0.6010353272078893,0.8185912905587853,0.5190229502139373,1454,,
ERKAUC30,7,7,adaptive_fusion,0.6020642788764411,0.8168341520667514,0.5185394155746614,1454,0.3,0.6326844798978084
ERKAUC30,7,8,imputer_only,0.6823379451690289,0.7601532466102655,0.5141829584897022,1454,,
ERKAUC30,7,8,ridge_only,0.6772516633280168,0.7606255637955096,0.5027512050557407,1454,,
ERKAUC30,7,8,fixed_fusion,0.6912576812696103,0.7470462077026655,0.4977365751736195,1454,,
ERKAUC30,7,8,adaptive_fusion,0.6886295085846031,0.7492929608303515,0.4973764402090964,1454,0.3,0.5968995092068428
ERKAUC30,7,9,imputer_only,0.6905991594359829,0.7033488716064391,0.5062575751785138,1453,,
ERKAUC30,7,9,ridge_only,0.6725344664687267,0.7148756995430544,0.5048564391643968,1453,,
ERKAUC30,7,9,fixed_fusion,0.6932952366612068,0.695880174320031,0.4957743262487841,1453,,
ERKAUC30,7,9,adaptive_fusion,0.6880129099967441,0.7003560672910586,0.4965904079826647,1453,0.3,0.6115766704810529
ERKAUC30,7,10,imputer_only,0.6759798127748471,0.7600471077251082,0.5429036787322339,1453,,
ERKAUC30,7,10,ridge_only,0.6877640420931861,0.7300831510740579,0.5148315831676897,1453,,
ERKAUC30,7,10,fixed_fusion,0.6964231248222927,0.7246340099952187,0.5127499163080602,1453,,
ERKAUC30,7,10,adaptive_fusion,0.6971424252987423,0.7218065790438453,0.5087831729924638,1453,0.3,0.602500096474276
ERKAUC30,8,1,imputer_only,0.6735087163212743,0.7208024582096441,0.5132773220101935,1454,,
ERKAUC30,8,1,ridge_only,0.6882998029833839,0.6948359740450922,0.4929856239906749,1454,,
ERKAUC30,8,1,fixed_fusion,0.6914320709926868,0.6942343960417469,0.4928932151216898,1454,,
ERKAUC30,8,1,adaptive_fusion,0.6930432683112164,0.6911468724083272,0.4902304308335239,1454,0.3,0.6037885519232462
ERKAUC30,8,2,imputer_only,0.6506166200058504,0.7616163357300243,0.5342607993982521,1454,,
ERKAUC30,8,2,ridge_only,0.6470648271991842,0.7501674778063158,0.5209458850392931,1454,,
ERKAUC30,8,2,fixed_fusion,0.6608555898679072,0.7406311729689271,0.5149864566946281,1454,,
ERKAUC30,8,2,adaptive_fusion,0.6586269028841547,0.7407646226837594,0.5139855321430992,1454,0.3,0.6132668524976397
ERKAUC30,8,3,imputer_only,0.6419791712106373,0.7678196048687026,0.5210253424726556,1454,,
ERKAUC30,8,3,ridge_only,0.6433111781381191,0.7581804830795542,0.5049959910183455,1454,,
ERKAUC30,8,3,fixed_fusion,0.6545290984813822,0.7483627077074793,0.5024635417120992,1454,,
ERKAUC30,8,3,adaptive_fusion,0.6530980441326022,0.7487644310270044,0.5007982366535242,1454,0.3,0.6162035498291327
ERKAUC30,8,4,imputer_only,0.6364627807653304,0.7921701197256391,0.5370275616560383,1454,,
ERKAUC30,8,4,ridge_only,0.6502271235500617,0.7681008144721796,0.5190690832494478,1454,,
ERKAUC30,8,4,fixed_fusion,0.6569882008493816,0.7633964376768787,0.5185276187075692,1454,,
ERKAUC30,8,4,adaptive_fusion,0.6579738603812209,0.7611966393714217,0.5163844424600382,1454,0.3,0.6163943665630222
ERKAUC30,8,5,imputer_only,0.6391314110315688,0.8101467679636916,0.5341073054232778,1454,,
ERKAUC30,8,5,ridge_only,0.6448411732423113,0.8005277416378112,0.5238872324299878,1454,,
ERKAUC30,8,5,fixed_fusion,0.6521673267905466,0.7936147140575011,0.5174981441578259,1454,,
ERKAUC30,8,5,adaptive_fusion,0.6518129183054189,0.7935542828015343,0.5173487218979655,1454,0.3,0.6168882888974901
ERKAUC30,8,6,imputer_only,0.6500165236414394,0.8038686038106801,0.5387194845775793,1454,,
ERKAUC30,8,6,ridge_only,0.6576919488605081,0.7921952115890607,0.5176826573438664,1454,,
ERKAUC30,8,6,fixed_fusion,0.6668451168726214,0.7837921619935896,0.5170947109338503,1454,,
ERKAUC30,8,6,adaptive_fusion,0.6667784853929553,0.7837175963842768,0.5141027546402879,1454,0.3,0.6108548341719746
ERKAUC30,8,7,imputer_only,0.6540370862770775,0.7763465050776784,0.5143922776754202,1454,,
ERKAUC30,8,7,ridge_only,0.6517772168185612,0.7768244110452134,0.5106413698005952,1454,,
ERKAUC30,8,7,fixed_fusion,0.66401422238341,0.765612929405056,0.5021227690479475,1454,,
ERKAUC30,8,7,adaptive_fusion,0.6618974470868075,0.7674758045454736,0.5026416201518363,1454,0.3,0.6193225147595056
ERKAUC30,8,8,imputer_only,0.6814630753774992,0.7171421942862279,0.5103285148320131,1454,,
ERKAUC30,8,8,ridge_only,0.6992969379030596,0.6936986082368166,0.4926524128518125,1454,,
ERKAUC30,8,8,fixed_fusion,0.7020237209384935,0.6916845107181698,0.4918749940170903,1454,,
ERKAUC30,8,8,adaptive_fusion,0.7041051995173504,0.689133435553979,0.4895848868600371,1454,0.3,0.6123618055747386
ERKAUC30,8,9,imputer_only,0.6456343581215388,0.7886959747831067,0.5269867915576657,1453,,
ERKAUC30,8,9,ridge_only,0.6624950447394332,0.7596263291220321,0.5099264564205259,1453,,
ERKAUC30,8,9,fixed_fusion,0.6637004094942782,0.7612584409203692,0.5083643942362297,1453,,
ERKAUC30,8,9,adaptive_fusion,0.6658160548093737,0.7574405263811004,0.5066260562180743,1453,0.3,0.623326674161649
ERKAUC30,8,10,imputer_only,0.6364849423421658,0.7811500362293411,0.5334207525468241,1453,,
ERKAUC30,8,10,ridge_only,0.6575875899942291,0.7445452010416374,0.5089869879317391,1453,,
ERKAUC30,8,10,fixed_fusion,0.6582967443902195,0.7477552895900724,0.5103121118328239,1453,,
ERKAUC30,8,10,adaptive_fusion,0.6612212984567697,0.7427447518380246,0.5068910694375848,1453,0.3,0.623029280860085
ERKAUC30,9,1,imputer_only,0.6675622328419772,0.74744039075495,0.5201038061915382,1454,,
ERKAUC30,9,1,ridge_only,0.6597694265120374,0.744211221710282,0.5116361501927157,1454,,
ERKAUC30,9,1,fixed_fusion,0.6735667438937006,0.7333895620868597,0.5058681129936614,1454,,
ERKAUC30,9,1,adaptive_fusion,0.670681328261051,0.7347384877735862,0.5054844478855023,1454,0.3,0.6236092230416818
ERKAUC30,9,2,imputer_only,0.6052658354005475,0.8251911717712067,0.540215612823663,1454,,
ERKAUC30,9,2,ridge_only,0.6525674445686795,0.7665142702960539,0.4989300487127297,1454,,
ERKAUC30,9,2,fixed_fusion,0.6403976007055007,0.780705509238931,0.5078409727232209,1454,,
ERKAUC30,9,2,adaptive_fusion,0.6486897477526342,0.7712200817332773,0.5015861737535289,1454,0.3,0.6179050244562017
ERKAUC30,9,3,imputer_only,0.649670797926092,0.759755770703098,0.5102521277858989,1454,,
ERKAUC30,9,3,ridge_only,0.6738009176057423,0.7255545566312296,0.4936459572042836,1454,,
ERKAUC30,9,3,fixed_fusion,0.6730558740365059,0.728311157383037,0.4882859952234681,1454,,
ERKAUC30,9,3,adaptive_fusion,0.676429191033878,0.7236711789438501,0.487253323285557,1454,0.3,0.610078265824432
ERKAUC30,9,4,imputer_only,0.6622463436982315,0.7346292660733375,0.5210179323917803,1454,,
ERKAUC30,9,4,ridge_only,0.6706870943036589,0.7181904242552384,0.5092751961852763,1454,,
ERKAUC30,9,4,fixed_fusion,0.67914915852537,0.7112538065447567,0.5051007216251112,1454,,
ERKAUC30,9,4,adaptive_fusion,0.6790985058594662,0.7103538123540843,0.5043817539623714,1454,0.3,0.6091929656389012
ERKAUC30,9,5,imputer_only,0.6719383197597308,0.781565543715479,0.5295182693435669,1454,,
ERKAUC30,9,5,ridge_only,0.6884295308553574,0.7493340227571644,0.5068561442141144,1454,,
ERKAUC30,9,5,fixed_fusion,0.6912001781230301,0.7491756607324604,0.5065964237366826,1454,,
ERKAUC30,9,5,adaptive_fusion,0.6930406070294248,0.7452388612653016,0.5039079024100169,1454,0.3,0.6069094387026321
ERKAUC30,9,6,imputer_only,0.6050248887783684,0.7999283445293865,0.5156429920240979,1454,,
ERKAUC30,9,6,ridge_only,0.6046391112359535,0.7971504227116226,0.5187837505043597,1454,,
ERKAUC30,9,6,fixed_fusion,0.6146722254147247,0.7882740470335938,0.507042937139174,1454,,
ERKAUC30,9,6,adaptive_fusion,0.6130935456249789,0.7893638176821587,0.509544778125155,1454,0.3,0.6278573283837178
ERKAUC30,9,7,imputer_only,0.675677908486948,0.7370270266528924,0.5162663361183902,1454,,
ERKAUC30,9,7,ridge_only,0.6862582868728231,0.7185254397936074,0.4992008780240465,1454,,
ERKAUC30,9,7,fixed_fusion,0.6920261114759627,0.7142435381115142,0.4981423342787258,1454,,
ERKAUC30,9,7,adaptive_fusion,0.6927191240812229,0.7126666976994838,0.4966231850270926,1454,0.3,0.6134803051282978
ERKAUC30,9,8,imputer_only,0.7074454523803615,0.7117681233560351,0.4902844295052022,1454,,
ERKAUC30,9,8,ridge_only,0.6942463169683754,0.7218261783045354,0.4878362337615087,1454,,
ERKAUC30,9,8,fixed_fusion,0.7107573574988441,0.7054058544337327,0.4805934207945962,1454,,
ERKAUC30,9,8,adaptive_fusion,0.7066977407453972,0.7092795073310111,0.4815324433852484,1454,0.3,0.6178848670164385
ERKAUC30,9,9,imputer_only,0.6988635832320186,0.745270806009371,0.5291917211080805,1453,,
ERKAUC30,9,9,ridge_only,0.7065334729472372,0.7331677707940765,0.5146078932393408,1453,,
ERKAUC30,9,9,fixed_fusion,0.7127325228763843,0.7270229536707788,0.5117639295032687,1453,,
ERKAUC30,9,9,adaptive_fusion,0.7129249060945934,0.7265333874754732,0.510351054595262,1453,0.3,0.6109793410411382
ERKAUC30,9,10,imputer_only,0.62534913518486,0.8171639591262738,0.5362331336300454,1453,,
ERKAUC30,9,10,ridge_only,0.6427542618901874,0.7901006088578759,0.5230793325298662,1453,,
ERKAUC30,9,10,fixed_fusion,0.6439527068343526,0.7913209658140712,0.5187010404234256,1453,,
ERKAUC30,9,10,adaptive_fusion,0.6460008964976953,0.7875749844891212,0.5180669715451361,1453,0.2,0.6176592776879197
ERKIC50,0,1,imputer_only,0.6351440693830221,0.8097922139181756,0.602099913909363,1545,,
ERKIC50,0,1,ridge_only,0.6309579982303173,0.8124248597843519,0.6042378394970177,1545,,
ERKIC50,0,1,fixed_fusion,0.6397094143367317,0.8042854043924189,0.5972615136611419,1545,,
ERKIC50,0,1,adaptive_fusion,0.6360727923388606,0.8075424385836271,0.6000300730853816,1545,0.2,0.6022493494873382
ERKIC50,0,2,imputer_only,0.6396662426178216,0.7383343618989816,0.5680479652671034,1545,,
ERKIC50,0,2,ridge_only,0.6429365509862681,0.7307603139522824,0.5660017330929619,1545,,
ERKIC50,0,2,fixed_fusion,0.6483726111719601,0.7264599914123032,0.5608777578339179,1545,,
ERKIC50,0,2,adaptive_fusion,0.6468820797938214,0.7270934112551021,0.5625906054769163,1545,0.2,0.6058702053637344
ERKIC50,0,3,imputer_only,0.6326609066897573,0.7703242672475432,0.5692462078048124,1545,,
ERKIC50,0,3,ridge_only,0.6293863428966411,0.7700766883307293,0.5692007277024876,1545,,
ERKIC50,0,3,fixed_fusion,0.6383530164711287,0.762279753929123,0.5629058803642292,1545,,
ERKIC50,0,3,adaptive_fusion,0.6347900121535192,0.7650658965957648,0.5647113055403308,1545,0.2,0.6017834200859934
ERKIC50,0,4,imputer_only,0.6450982091247975,0.7746649905688343,0.5880486322135493,1544,,
ERKIC50,0,4,ridge_only,0.6419431032281144,0.7754416254889405,0.5901909854207065,1544,,
ERKIC50,0,4,fixed_fusion,0.6511133425663069,0.767177545778356,0.5833318491705903,1544,,
ERKIC50,0,4,adaptive_fusion,0.647494955884108,0.7702566147408734,0.5859265340232249,1544,0.2,0.5937952098511657
ERKIC50,0,5,imputer_only,0.5878170345756648,0.8299294202292212,0.5880334168032277,1544,,
ERKIC50,0,5,ridge_only,0.6146351706546638,0.8031498554556978,0.5749120099053517,1544,,
ERKIC50,0,5,fixed_fusion,0.6089120934887274,0.8086676240063323,0.57598285027282,1544,,
ERKIC50,0,5,adaptive_fusion,0.6143503244964275,0.8034261880064355,0.5733377091226788,1544,0.2,0.6039855836198884
ERKIC50,0,6,imputer_only,0.6411137142820413,0.766662011099025,0.5757877815645543,1544,,
ERKIC50,0,6,ridge_only,0.6398462442446581,0.766617772246128,0.5784910469788092,1544,,
ERKIC50,0,6,fixed_fusion,0.6482836740223326,0.7584882870316086,0.5703857769384236,1544,,
ERKIC50,0,6,adaptive_fusion,0.6451051463714498,0.7614195571524073,0.573934277675734,1544,0.2,0.6011853107381541
ERKIC50,0,7,imputer_only,0.5915184098226379,0.8320676847759255,0.6217367329984651,1544,,
ERKIC50,0,7,ridge_only,0.5999060442870797,0.8220312445414165,0.6089992477879977,1544,,
ERKIC50,0,7,fixed_fusion,0.6034761864582339,0.8190041120920782,0.6087266240632593,1544,,
ERKIC50,0,7,adaptive_fusion,0.6032590166677387,0.818879680978445,0.6071376733594529,1544,0.2,0.6078969521137645
ERKIC50,0,8,imputer_only,0.6527571968551149,0.777468308503277,0.6032946982710021,1544,,
ERKIC50,0,8,ridge_only,0.6626218119526295,0.7645825462362259,0.5978803563345013,1544,,
ERKIC50,0,8,fixed_fusion,0.6658138205573436,0.761759073677092,0.5935182606222443,1544,,
ERKIC50,0,8,adaptive_fusion,0.6659453136758622,0.7612121111368283,0.5945300246023058,1544,0.2,0.6037736973384187
ERKIC50,0,9,imputer_only,0.6554238338021974,0.7495222583374244,0.5790699954365424,1544,,
ERKIC50,0,9,ridge_only,0.6591489447506405,0.7450561474365496,0.5739377853436483,1544,,
ERKIC50,0,9,fixed_fusion,0.6649159377498464,0.7390587238947621,0.5703357758043922,1544,,
ERKIC50,0,9,adaptive_fusion,0.6633027643285744,0.7406828721299684,0.5709735645842919,1544,0.2,0.6035455594688297
ERKIC50,0,10,imputer_only,0.6633103973454353,0.7393085792685049,0.5742332977564625,1544,,
ERKIC50,0,10,ridge_only,0.655880398145408,0.745359918982864,0.5731270883006517,1544,,
ERKIC50,0,10,fixed_fusion,0.666997243987887,0.734675208406085,0.56847442106237,1544,,
ERKIC50,0,10,adaptive_fusion,0.6621259592221025,0.7392690442023924,0.5705454661906633,1544,0.2,0.601269086575582
ERKIC50,1,1,imputer_only,0.6316925402523279,0.7830524503824827,0.5910523579646076,1545,,
ERKIC50,1,1,ridge_only,0.6434840975520346,0.7707160440775549,0.5878122355596334,1545,,
ERKIC50,1,1,fixed_fusion,0.644291587015716,0.769949755813199,0.584259219524934,1545,,
ERKIC50,1,1,adaptive_fusion,0.6454843284490231,0.7687310922434138,0.5849624849250371,1545,0.2,0.6071563170437899
ERKIC50,1,2,imputer_only,0.6583906807511942,0.7443431195604636,0.5622870304282682,1545,,
ERKIC50,1,2,ridge_only,0.6536883406046231,0.7450736862124269,0.5708825813324574,1545,,
ERKIC50,1,2,fixed_fusion,0.6641002254659545,0.7357733215865628,0.5588882630770803,1545,,
ERKIC50,1,2,adaptive_fusion,0.6598573347867032,0.7392232586126645,0.5646331120347212,1545,0.2,0.5978510334005962
ERKIC50,1,3,imputer_only,0.6331371125620567,0.7639507337560285,0.5837528224258561,1545,,
ERKIC50,1,3,ridge_only,0.6359162082707035,0.7580236621155327,0.5741409428576105,1545,,
ERKIC50,1,3,fixed_fusion,0.6433746610235447,0.7517705631732351,0.5716417338366245,1545,,
ERKIC50,1,3,adaptive_fusion,0.6411360502018867,0.7533094983572934,0.5712879642350094,1545,0.2,0.6029709583858971
ERKIC50,1,4,imputer_only,0.6254845908040352,0.8001726368993375,0.5917437072957769,1544,,
ERKIC50,1,4,ridge_only,0.640421000685867,0.7850169808777531,0.5866789000343026,1544,,
ERKIC50,1,4,fixed_fusion,0.6398430378411052,0.7853952431368311,0.5842092786126177,1544,,
ERKIC50,1,4,adaptive_fusion,0.6418934480391485,0.7834212703605216,0.5846539514981195,1544,0.2,0.5996514133869393
ERKIC50,1,5,imputer_only,0.62478917795416,0.8329357174747486,0.6173946100956188,1544,,
ERKIC50,1,5,ridge_only,0.6279128784689447,0.8267358510537134,0.609533052967325,1544,,
ERKIC50,1,5,fixed_fusion,0.633552725359026,0.8220997132639493,0.6068158438053564,1544,,
ERKIC50,1,5,adaptive_fusion,0.6320107042685004,0.8230219280727346,0.6069260697416263,1544,0.2,0.6109305217063123
ERKIC50,1,6,imputer_only,0.6358794258117102,0.7772100780178711,0.5955729427230345,1544,,
ERKIC50,1,6,ridge_only,0.6320625018444667,0.7784959349836715,0.5907910440221623,1544,,
ERKIC50,1,6,fixed_fusion,0.6419188463452454,0.769174753644968,0.5857009073523195,1544,,
ERKIC50,1,6,adaptive_fusion,0.6379458212111561,0.772698682851205,0.5869396285412843,1544,0.2,0.6105003087906203
ERKIC50,1,7,imputer_only,0.646538896628335,0.7749162544170717,0.5942475201921962,1544,,
ERKIC50,1,7,ridge_only,0.6502486665580564,0.7713411521380052,0.5945339123698649,1544,,
ERKIC50,1,7,fixed_fusion,0.6563376084770112,0.7652093530847212,0.5878799399594561,1544,,
ERKIC50,1,7,adaptive_fusion,0.654570178231503,0.7669901206673997,0.5901367035710819,1544,0.2,0.595024152561298
ERKIC50,1,8,imputer_only,0.6632836276888714,0.7447113083616691,0.5740013995208676,1544,,
ERKIC50,1,8,ridge_only,0.6583223584585017,0.7486270956489334,0.5757744953254889,1544,,
ERKIC50,1,8,fixed_fusion,0.6678764221161086,0.7397442014504975,0.569210051225311,1544,,
ERKIC50,1,8,adaptive_fusion,0.6638552936937092,0.7434263730443834,0.5719518381329793,1544,0.2,0.6042306067758266
ERKIC50,1,9,imputer_only,0.6094642568259839,0.7819982263735188,0.5727184610289022,1544,,
ERKIC50,1,9,ridge_only,0.6140525120302016,0.7771844050828994,0.569605517663017,1544,,
ERKIC50,1,9,fixed_fusion,0.6179473827797703,0.7723227478074989,0.5651050059417675,1544,,
ERKIC50,1,9,adaptive_fusion,0.6170936064793233,0.7734944738534859,0.566472006545051,1544,0.2,0.6090140893702799
ERKIC50,1,10,imputer_only,0.6668775995375583,0.7351137841711592,0.5552450368326899,1544,,
ERKIC50,1,10,ridge_only,0.6640430140483436,0.7370225612776464,0.5610903914960785,1544,,
ERKIC50,1,10,fixed_fusion,0.673819967835067,0.7274358238332446,0.5510095233542279,1544,,
ERKIC50,1,10,adaptive_fusion,0.6699599179541526,0.7311321729169622,0.5554117392496103,1544,0.2,0.5992609970822782
ERKIC50,2,1,imputer_only,0.614558509033453,0.8162277075679948,0.6037104072752084,1545,,
ERKIC50,2,1,ridge_only,0.6298897385675977,0.8005232235294604,0.5934669579459696,1545,,
ERKIC50,2,1,fixed_fusion,0.6300686206933541,0.8008305984485569,0.5926583738779629,1545,,
ERKIC50,2,1,adaptive_fusion,0.6319382416387556,0.798815136242509,0.5916074313813162,1545,0.2,0.6038610288088526
ERKIC50,2,2,imputer_only,0.6592392685685716,0.7442758718997626,0.5784806067536172,1545,,
ERKIC50,2,2,ridge_only,0.6631247249978763,0.7359460403293827,0.5729716726168116,1545,,
ERKIC50,2,2,fixed_fusion,0.6682331286989752,0.7321461928264522,0.5687877702315015,1545,,
ERKIC50,2,2,adaptive_fusion,0.6669990281636338,0.7325071464119903,0.5697054984500861,1545,0.2,0.5984340137485569
ERKIC50,2,3,imputer_only,0.6005639760404701,0.8008353281734873,0.6136418690932384,1545,,
ERKIC50,2,3,ridge_only,0.6092622468955674,0.7869018179317282,0.6029188132442215,1545,,
ERKIC50,2,3,fixed_fusion,0.6122214594672433,0.7854559931351203,0.6009718088767981,1545,,
ERKIC50,2,3,adaptive_fusion,0.6123202390105429,0.7842861693670453,0.6007407602672009,1545,0.2,0.610315181950748
ERKIC50,2,4,imputer_only,0.6386252541022923,0.7478207586688737,0.5707329459933393,1544,,
ERKIC50,2,4,ridge_only,0.6285582732185668,0.7561141082270522,0.5786122442153011,1544,,
ERKIC50,2,4,fixed_fusion,0.6398139348205263,0.7455401199846716,0.5700941887807669,1544,,
ERKIC50,2,4,adaptive_fusion,0.6345356407355472,0.7503619399631904,0.5744206413039015,1544,0.2,0.6032964769828872
ERKIC50,2,5,imputer_only,0.6379599930741291,0.7485184690474628,0.5656767205480417,1544,,
ERKIC50,2,5,ridge_only,0.6343819292770552,0.748700737298949,0.5655945593680749,1544,,
ERKIC50,2,5,fixed_fusion,0.6432709751210975,0.7410421932132318,0.5608658697517194,1544,,
ERKIC50,2,5,adaptive_fusion,0.639694730039373,0.7438303678340916,0.562384859551674,1544,0.2,0.6174431435424146
ERKIC50,2,6,imputer_only,0.6621486331094812,0.7225755615144404,0.5620662656809314,1544,,
ERKIC50,2,6,ridge_only,0.6532183156849773,0.7307636855941854,0.5673854384269098,1544,,
ERKIC50,2,6,fixed_fusion,0.665300082636808,0.7188501781009015,0.5594620653188652,1544,,
ERKIC50,2,6,adaptive_fusion,0.65981864011839,0.7241483200165763,0.5629039410871605,1544,0.2,0.598740891078995
ERKIC50,2,7,imputer_only,0.6525874307832115,0.770448077942648,0.5864226719084004,1544,,
ERKIC50,2,7,ridge_only,0.6618168661027082,0.7609594604476737,0.5828627066777341,1544,,
ERKIC50,2,7,fixed_fusion,0.6649738208929813,0.7574443144970874,0.5782206753796288,1544,,
ERKIC50,2,7,adaptive_fusion,0.6649571031498588,0.7575616433160743,0.5796517003785089,1544,0.2,0.604052236344157
ERKIC50,2,8,imputer_only,0.6436474588864634,0.7943084533313383,0.5979277939828826,1544,,
ERKIC50,2,8,ridge_only,0.6526795049737182,0.7842730930923003,0.5918727008929872,1544,,
ERKIC50,2,8,fixed_fusion,0.6564867196862448,0.7809247379423233,0.5880329889740549,1544,,
ERKIC50,2,8,adaptive_fusion,0.6570747267318627,0.7802441814223526,0.5879575953177367,1544,0.3,0.6038367259351728
ERKIC50,2,9,imputer_only,0.6353094387292929,0.810446294466967,0.5992311223244872,1544,,
ERKIC50,2,9,ridge_only,0.6344849334544217,0.8053788250541751,0.5940442402894461,1544,,
ERKIC50,2,9,fixed_fusion,0.6431532578201306,0.7984719119509874,0.5908033109463509,1544,,
ERKIC50,2,9,adaptive_fusion,0.6418429783684314,0.7989663593031696,0.5906212450507419,1544,0.3,0.6070200554337742
ERKIC50,2,10,imputer_only,0.664883862595499,0.7694556601285925,0.5779667839748835,1544,,
ERKIC50,2,10,ridge_only,0.6671492706304294,0.7668080032612711,0.57658853793501,1544,,
ERKIC50,2,10,fixed_fusion,0.673874181143157,0.7601748128290815,0.5709823434172465,1544,,
ERKIC50,2,10,adaptive_fusion,0.6717393696835321,0.762249304936097,0.5724933222821216,1544,0.2,0.5950419811877744
ERKIC50,3,1,imputer_only,0.6493556553328489,0.7598725571965728,0.5851330300595635,1545,,
ERKIC50,3,1,ridge_only,0.6471536501173197,0.7613262751288489,0.5838122178696421,1545,,
ERKIC50,3,1,fixed_fusion,0.6535948424383058,0.754991714354852,0.5800637843733816,1545,,
ERKIC50,3,1,adaptive_fusion,0.6510129970096727,0.757453452939215,0.5813282377874738,1545,0.2,0.5970526453507353
ERKIC50,3,2,imputer_only,0.6773365588669144,0.7336247686624098,0.5667405585457743,1545,,
ERKIC50,3,2,ridge_only,0.6830859237829414,0.7268413051538619,0.559303889786267,1545,,
ERKIC50,3,2,fixed_fusion,0.6884177874125488,0.7214681535029969,0.5573419758655933,1545,,
ERKIC50,3,2,adaptive_fusion,0.6872029511792302,0.7225849212551286,0.5565365093311861,1545,0.2,0.5937804308827697
ERKIC50,3,3,imputer_only,0.6354626145168074,0.7742008708673351,0.5913312928600035,1545,,
ERKIC50,3,3,ridge_only,0.6422299428142849,0.7644812644996674,0.5841273513717146,1545,,
ERKIC50,3,3,fixed_fusion,0.6484458152051586,0.7589265909863072,0.5788660741235961,1545,,
ERKIC50,3,3,adaptive_fusion,0.6471353466524785,0.7597507866898738,0.5800932900324196,1545,0.2,0.6081612542761975
ERKIC50,3,4,imputer_only,0.6280517514746905,0.8808285170968669,0.6163509776647633,1544,,
ERKIC50,3,4,ridge_only,0.6397680932950869,0.8691353491819156,0.6129756504709747,1544,,
ERKIC50,3,4,fixed_fusion,0.6411291056935055,0.8678011378607288,0.608055151008034,1544,,
ERKIC50,3,4,adaptive_fusion,0.6421493892349701,0.8668665284364369,0.6093640842565022,1544,0.2,0.6029977033774392
ERKIC50,3,5,imputer_only,0.5972640755939789,0.7654321606495098,0.5713197810251359,1544,,
ERKIC50,3,5,ridge_only,0.6087835248063804,0.7533209453476726,0.5650415670065245,1544,,
ERKIC50,3,5,fixed_fusion,0.6110311648057182,0.7504079450832455,0.5615719053918314,1544,,
ERKIC50,3,5,adaptive_fusion,0.6116357505273281,0.7499878290075249,0.5618689406876162,1544,0.2,0.6094741699986681
ERKIC50,3,6,imputer_only,0.6267103507117842,0.7738824777536105,0.5831353023309421,1544,,
ERKIC50,3,6,ridge_only,0.6277921437641535,0.7683839158513066,0.5850044679038565,1544,,
ERKIC50,3,6,fixed_fusion,0.6340047220331486,0.763362376357061,0.5772937784648356,1544,,
ERKIC50,3,6,adaptive_fusion,0.631969896436905,0.7645086738483469,0.5799823966203167,1544,0.2,0.5986318332792028
ERKIC50,3,7,imputer_only,0.652736254156816,0.7662114334249703,0.5831671069400147,1544,,
ERKIC50,3,7,ridge_only,0.6525938973531558,0.7644484030414794,0.5807948178774406,1544,,
ERKIC50,3,7,fixed_fusion,0.661877987319995,0.7559287999623913,0.5742161667706244,1544,,
ERKIC50,3,7,adaptive_fusion,0.6585994584123153,0.7587935184124749,0.575782539145258,1544,0.2,0.606524630128362
ERKIC50,3,8,imputer_only,0.7014125776538616,0.7345045593177247,0.5553485159935809,1544,,
ERKIC50,3,8,ridge_only,0.7009397104207306,0.7339155000011852,0.5611812739029722,1544,,
ERKIC50,3,8,fixed_fusion,0.7080629374904849,0.726474839887345,0.5525027821472506,1544,,
ERKIC50,3,8,adaptive_fusion,0.7054729053004634,0.729091044103606,0.5567476136964172,1544,0.2,0.5960408846622036
ERKIC50,3,9,imputer_only,0.6316854977283348,0.7471944848374451,0.5734381376432464,1544,,
ERKIC50,3,9,ridge_only,0.6322819479360474,0.7456481319228367,0.5670037293754591,1544,,
ERKIC50,3,9,fixed_fusion,0.6401842034581636,0.7378639475690529,0.56423892446232,1544,,
ERKIC50,3,9,adaptive_fusion,0.637419753019927,0.7404886546230877,0.5643023529318991,1544,0.2,0.6037169330621059
ERKIC50,3,10,imputer_only,0.6240643284625416,0.7687091141072262,0.5906096666860104,1544,,
ERKIC50,3,10,ridge_only,0.6297929353019348,0.7606516653521515,0.5876199797177664,1544,,
ERKIC50,3,10,fixed_fusion,0.6356321259545163,0.7555391684303396,0.5825912996787588,1544,,
ERKIC50,3,10,adaptive_fusion,0.6342972720203327,0.7564068054636892,0.583766496470958,1544,0.2,0.6092447510458229
ERKIC50,4,1,imputer_only,0.635957173471993,0.7592396019660017,0.5747740108720599,1545,,
ERKIC50,4,1,ridge_only,0.6444037046135932,0.7478956597906121,0.565552586158715,1545,,
ERKIC50,4,1,fixed_fusion,0.648720853507434,0.7444779967632539,0.5625011338965747,1545,,
ERKIC50,4,1,adaptive_fusion,0.6491660805174796,0.7436477197964991,0.5617179556047879,1545,0.3,0.6038526906750328
ERKIC50,4,2,imputer_only,0.6456058392772601,0.7681716977527876,0.5850584450376771,1545,,
ERKIC50,4,2,ridge_only,0.6499670936419207,0.7621724872524002,0.5870334018730109,1545,,
ERKIC50,4,2,fixed_fusion,0.6545448849021306,0.7581366842331629,0.5807099324337608,1545,,
ERKIC50,4,2,adaptive_fusion,0.6534808231040132,0.7588665043170748,0.5832277333663782,1545,0.2,0.6020740355247665
ERKIC50,4,3,imputer_only,0.644097779101973,0.7754185243118398,0.5733702894063436,1545,,
ERKIC50,4,3,ridge_only,0.6432180391110298,0.7737574803840602,0.5722734901346349,1545,,
ERKIC50,4,3,fixed_fusion,0.6507203667111334,0.7669859671206902,0.5667265119499558,1545,,
ERKIC50,4,3,adaptive_fusion,0.6479642002361821,0.7692298899157581,0.5681637783934743,1545,0.2,0.6026149291303429
ERKIC50,4,4,imputer_only,0.6465734993926737,0.751477216188768,0.5769837108086173,1544,,
ERKIC50,4,4,ridge_only,0.646509292569148,0.7487489589332375,0.5708154411171412,1544,,
ERKIC50,4,4,fixed_fusion,0.654437255918284,0.7414590677709085,0.5673399131278082,1544,,
ERKIC50,4,4,adaptive_fusion,0.6516294461638719,0.7437615420510135,0.5678616830341878,1544,0.2,0.6070866662611489
ERKIC50,4,5,imputer_only,0.6531534496150729,0.76123969817766,0.5892560669294535,1544,,
ERKIC50,4,5,ridge_only,0.6449491734402,0.767344546074563,0.5934584866392442,1544,,
ERKIC50,4,5,fixed_fusion,0.6562338411304165,0.7569354030440122,0.5861642192018306,1544,,
ERKIC50,4,5,adaptive_fusion,0.6512137983196368,0.761434791372017,0.5894885306668471,1544,0.2,0.6079545288411772
ERKIC50,4,6,imputer_only,0.6434668732014075,0.7673817504959453,0.5961642007714922,1544,,
ERKIC50,4,6,ridge_only,0.6538883356503109,0.7568899420601782,0.5897077373395032,1544,,
ERKIC50,4,6,fixed_fusion,0.6565808715267321,0.7541936231920879,0.5873026935923116,1544,,
ERKIC50,4,6,adaptive_fusion,0.6569014730052135,0.7538936987459328,0.5874114373707765,1544,0.2,0.6007082372394855
ERKIC50,4,7,imputer_only,0.6556815314549697,0.7445771575730326,0.5704230430402969,1544,,
ERKIC50,4,7,ridge_only,0.6708106616161597,0.7291873340099948,0.5608659189840154,1544,,
ERKIC50,4,7,fixed_fusion,0.6704819526472471,0.7293991080217397,0.5594763452028241,1544,,
ERKIC50,4,7,adaptive_fusion,0.6724119197790325,0.7274970232646237,0.55880952037363,1544,0.3,0.590225505633097
ERKIC50,4,8,imputer_only,0.6608289945084685,0.7773835533517498,0.580971435078875,1544,,
ERKIC50,4,8,ridge_only,0.6666906811201289,0.770178494170649,0.5772125202072791,1544,,
ERKIC50,4,8,fixed_fusion,0.6718612579981366,0.7651384906780504,0.5720256848486936,1544,,
ERKIC50,4,8,adaptive_fusion,0.6717942449852584,0.7650731727085559,0.5723570113996788,1544,0.3,0.6083756179862388
ERKIC50,4,9,imputer_only,0.6414866673283189,0.7827524769910511,0.58358782910077,1544,,
ERKIC50,4,9,ridge_only,0.6318532876520568,0.7894320902868247,0.5862016235381335,1544,,
ERKIC50,4,9,fixed_fusion,0.6434740528245388,0.7789066269865831,0.5776694616214405,1544,,
ERKIC50,4,9,adaptive_fusion,0.6381701122414308,0.7835167031482886,0.58137651686577,1544,0.2,0.6050013109415342
ERKIC50,4,10,imputer_only,0.6595104020836864,0.7620911556521626,0.5830096364248872,1544,,
ERKIC50,4,10,ridge_only,0.6431895009340078,0.7765194344668997,0.5959774804815646,1544,,
ERKIC50,4,10,fixed_fusion,0.6587241301800467,0.7619900946683515,0.5838471500019814,1544,,
ERKIC50,4,10,adaptive_fusion,0.6511559474253551,0.7689864215483546,0.5899090699459271,1544,0.2,0.5982824114121815
ERKIC50,5,1,imputer_only,0.6323124604122943,0.7620730039989275,0.5765331908558649,1545,,
ERKIC50,5,1,ridge_only,0.6382195574981365,0.7521207248204268,0.5733070352450796,1545,,
ERKIC50,5,1,fixed_fusion,0.6424261470358041,0.7489819545600045,0.5688275937221546,1545,,
ERKIC50,5,1,adaptive_fusion,0.6425612097542298,0.7482776674948067,0.5692218324238838,1545,0.3,0.6083352959484365
ERKIC50,5,2,imputer_only,0.6879855048659045,0.7374049564795409,0.5654685680516378,1545,,
ERKIC50,5,2,ridge_only,0.6780064967229641,0.7459068995302905,0.5693987486941263,1545,,
ERKIC50,5,2,fixed_fusion,0.6897712544386324,0.7343761360781782,0.5619704258640246,1545,,
ERKIC50,5,2,adaptive_fusion,0.6843842948422797,0.7395717673533984,0.5648135090319132,1545,0.2,0.5945484787382406
ERKIC50,5,3,imputer_only,0.6293414363053137,0.7631296938707257,0.5841172680855145,1545,,
ERKIC50,5,3,ridge_only,0.635540859159618,0.7546486489831825,0.5751989147033991,1545,,
ERKIC50,5,3,fixed_fusion,0.640397741652626,0.7503771544776329,0.5726898925615893,1545,,
ERKIC50,5,3,adaptive_fusion,0.6394602287811665,0.7508898267654988,0.5722150224083538,1545,0.2,0.6086183264521617
ERKIC50,5,4,imputer_only,0.59282593209181,0.7980005408858546,0.6021560486564519,1544,,
ERKIC50,5,4,ridge_only,0.6048452093115103,0.7819611324992,0.5872318137612237,1544,,
ERKIC50,5,4,fixed_fusion,0.6063342039399325,0.7815291961293142,0.5875487631922864,1544,,
ERKIC50,5,4,adaptive_fusion,0.607378980569348,0.7797371413988355,0.5859032199447133,1544,0.2,0.6071691724459001
ERKIC50,5,5,imputer_only,0.6423068847084946,0.7832621039257903,0.5856516374927814,1544,,
ERKIC50,5,5,ridge_only,0.6372815736689005,0.7867336256913613,0.5876511151514,1544,,
ERKIC50,5,5,fixed_fusion,0.6466861587916599,0.7780021985571766,0.5811012726151725,1544,,
ERKIC50,5,5,adaptive_fusion,0.6427089577136627,0.7815752750536716,0.5835657869630395,1544,0.2,0.5973292317612205
ERKIC50,5,6,imputer_only,0.6399684439399818,0.7753128598265423,0.5887984124674215,1544,,
ERKIC50,5,6,ridge_only,0.6492317501591994,0.7646175875340588,0.5864124441587766,1544,,
ERKIC50,5,6,fixed_fusion,0.6527277094726593,0.7613112143155764,0.5821813631463428,1544,,
ERKIC50,5,6,adaptive_fusion,0.6526435730828521,0.761206065496842,0.5835877473066411,1544,0.2,0.606990318021215
ERKIC50,5,7,imputer_only,0.6545462353329954,0.7701222862753258,0.5895377957040465,1544,,
ERKIC50,5,7,ridge_only,0.662022591072438,0.7620027406212757,0.5799569845798589,1544,,
ERKIC50,5,7,fixed_fusion,0.6675721953735176,0.7565620988714409,0.5781439822371677,1544,,
ERKIC50,5,7,adaptive_fusion,0.6665452994074613,0.7575405574860169,0.5774012547190257,1544,0.2,0.6000755458044748
ERKIC50,5,8,imputer_only,0.6365785460665271,0.7872063138272517,0.5772169700895843,1544,,
ERKIC50,5,8,ridge_only,0.6252943538168052,0.795346879444166,0.5830973019653068,1544,,
ERKIC50,5,8,fixed_fusion,0.6379666625011734,0.7841869795174868,0.5745034437525603,1544,,
ERKIC50,5,8,adaptive_fusion,0.6320847697405131,0.789202791371206,0.5784863316487509,1544,0.2,0.5997544915443699
ERKIC50,5,9,imputer_only,0.6584973792373092,0.7671292602863385,0.5923762450144745,1544,,
ERKIC50,5,9,ridge_only,0.6617155917706594,0.7625931417030551,0.5801240422014242,1544,,
ERKIC50,5,9,fixed_fusion,0.6677659468531963,0.7569869935526704,0.579807242657011,1544,,
ERKIC50,5,9,adaptive_fusion,0.6660398743427224,0.7584612499309626,0.5781930383722651,1544,0.2,0.5978758550151404
ERKIC50,5,10,imputer_only,0.6846999380360758,0.7328740226755369,0.5664796696845501,1544,,
ERKIC50,5,10,ridge_only,0.6821882949201087,0.7352482478397991,0.5694418509121599,1544,,
ERKIC50,5,10,fixed_fusion,0.689911543165238,0.727283389613222,0.5621752979513702,1544,,
ERKIC50,5,10,adaptive_fusion,0.6868312358924586,0.7304471224448417,0.5653895841975486,1544,0.2,0.5961071118713174
ERKIC50,6,1,imputer_only,0.6450496613832014,0.7795726292172178,0.587338578946132,1545,,
ERKIC50,6,1,ridge_only,0.6479099540090176,0.7755545200625619,0.5811850934941171,1545,,
ERKIC50,6,1,fixed_fusion,0.6541409214895787,0.7693738263785738,0.577430361491616,1545,,
ERKIC50,6,1,adaptive_fusion,0.6522625256116044,0.771118530978861,0.578078896115522,1545,0.2,0.5992067586064437
ERKIC50,6,2,imputer_only,0.6425406064022564,0.7888323015780805,0.5912765216468878,1545,,
ERKIC50,6,2,ridge_only,0.6387359307213544,0.7888079623712269,0.5918064308015956,1545,,
ERKIC50,6,2,fixed_fusion,0.6482166341483386,0.7807325695683922,0.5863338441374745,1545,,
ERKIC50,6,2,adaptive_fusion,0.6444682248330436,0.7836463592520672,0.5883787190781237,1545,0.2,0.6070262417271219
ERKIC50,6,3,imputer_only,0.6763045203693926,0.7417632493891378,0.5596291377263661,1545,,
ERKIC50,6,3,ridge_only,0.674209550025254,0.7416014567387694,0.5626468250075597,1545,,
ERKIC50,6,3,fixed_fusion,0.6829460316365624,0.7335240758890111,0.5531683259387707,1545,,
ERKIC50,6,3,adaptive_fusion,0.679641916667676,0.7364225860206466,0.5571377882450909,1545,0.2,0.5948131425526124
ERKIC50,6,4,imputer_only,0.6485169936002596,0.7554749349154989,0.585209394164227,1544,,
ERKIC50,6,4,ridge_only,0.6596605706064667,0.740941355908547,0.5732733778283776,1544,,
ERKIC50,6,4,fixed_fusion,0.6624465652725657,0.7389986449031669,0.5720559785135114,1544,,
ERKIC50,6,4,adaptive_fusion,0.6629288671355281,0.7379324081402957,0.5711847730384327,1544,0.2,0.6053765850193725
ERKIC50,6,5,imputer_only,0.6177950877241573,0.7707064962391229,0.5942678556517902,1544,,
ERKIC50,6,5,ridge_only,0.6148317530699022,0.7709105321902706,0.5912972781903882,1544,,
ERKIC50,6,5,fixed_fusion,0.6238934405625659,0.7627881025620629,0.5862248289086737,1544,,
ERKIC50,6,5,adaptive_fusion,0.6203026653215199,0.7657467526097512,0.5877058126193592,1544,0.2,0.611095292220827
ERKIC50,6,6,imputer_only,0.6249701733355826,0.7841673537306333,0.5955714051230168,1544,,
ERKIC50,6,6,ridge_only,0.6274938864914583,0.77949597168587,0.5892503163257985,1544,,
ERKIC50,6,6,fixed_fusion,0.6330593712578042,0.7748479404740828,0.5875671326897824,1544,,
ERKIC50,6,6,adaptive_fusion,0.6314236123695576,0.7759598341002811,0.5871193121265841,1544,0.2,0.6045505490102161
ERKIC50,6,7,imputer_only,0.6693221527756518,0.73716940896116,0.5674513297849845,1544,,
ERKIC50,6,7,ridge_only,0.6558320750456017,0.7480922996235141,0.5729818971744461,1544,,
ERKIC50,6,7,fixed_fusion,0.67022314977758,0.7345685402150829,0.5637418202945551,1544,,
ERKIC50,6,7,adaptive_fusion,0.663434620518784,0.7407807752424644,0.5673513946419662,1544,0.2,0.594301488225048
ERKIC50,6,8,imputer_only,0.640336072955965,0.7577573031871255,0.5709565320738466,1544,,
ERKIC50,6,8,ridge_only,0.6439403405745772,0.7515793788735258,0.5685822756161594,1544,,
ERKIC50,6,8,fixed_fusion,0.6504047660075898,0.7459361764173134,0.5635289036397836,1544,,
ERKIC50,6,8,adaptive_fusion,0.6486117602966828,0.7472242752474382,0.5651062855122856,1544,0.2,0.6031871072255687
ERKIC50,6,9,imputer_only,0.6676666700947504,0.7827430239389004,0.5808765118628911,1544,,
ERKIC50,6,9,ridge_only,0.6616241120025371,0.7879859002368992,0.5826879352274763,1544,,
ERKIC50,6,9,fixed_fusion,0.6710255166457004,0.7790911128830312,0.5770709502094225,1544,,
ERKIC50,6,9,adaptive_fusion,0.6669578694750449,0.7829362395995845,0.5792612671281948,1544,0.2,0.5944857826308693
ERKIC50,6,10,imputer_only,0.6181115088084932,0.7894128106542451,0.6050957954124935,1544,,
ERKIC50,6,10,ridge_only,0.6270612746193587,0.7762047293796096,0.5898609354289167,1544,,
ERKIC50,6,10,fixed_fusion,0.6308662652563037,0.7737016850024693,0.5898917417707237,1544,,
ERKIC50,6,10,adaptive_fusion,0.6307188665484389,0.7730002951072041,0.5878198873197955,1544,0.2,0.6130596924307266
ERKIC50,7,1,imputer_only,0.6531820235005927,0.7568315192080709,0.577716351187265,1545,,
ERKIC50,7,1,ridge_only,0.655186722298065,0.7541960771695427,0.5784281661388506,1545,,
ERKIC50,7,1,fixed_fusion,0.662094964486184,0.7475739537303429,0.5715560834958447,1545,,
ERKIC50,7,1,adaptive_fusion,0.6598749252395755,0.7496459947797547,0.5742966926428731,1545,0.2,0.6062402637414313
ERKIC50,7,2,imputer_only,0.6369848039179669,0.7852479375531357,0.5879872922041125,1545,,
ERKIC50,7,2,ridge_only,0.6316771058368343,0.7886394232394769,0.5925300672225364,1545,,
ERKIC50,7,2,fixed_fusion,0.6421415748690307,0.7787894748498303,0.5835651317400358,1545,,
ERKIC50,7,2,adaptive_fusion,0.6377524710772398,0.7827590036589359,0.5876275848185125,1545,0.2,0.6101565024652539
ERKIC50,7,3,imputer_only,0.6475559721449651,0.7724557498886852,0.5810945306707009,1545,,
ERKIC50,7,3,ridge_only,0.657923604547244,0.7598416579329123,0.5696820182507084,1545,,
ERKIC50,7,3,fixed_fusion,0.6601416963320227,0.7582385009285989,0.5689166715270485,1545,,
ERKIC50,7,3,adaptive_fusion,0.6606974244310978,0.757286167471374,0.567624132481647,1545,0.2,0.6040785017320169
ERKIC50,7,4,imputer_only,0.6547534557174018,0.7888969684850858,0.5984275004419485,1544,,
ERKIC50,7,4,ridge_only,0.6573857991970398,0.7835974532679402,0.5932874602813502,1544,,
ERKIC50,7,4,fixed_fusion,0.6636483758093332,0.7782334138654458,0.5905682514965265,1544,,
ERKIC50,7,4,adaptive_fusion,0.6618233728495798,0.7795275584795075,0.5903855794082788,1544,0.2,0.595525847377196
ERKIC50,7,5,imputer_only,0.6429943661710944,0.7708900247985238,0.5861579105740539,1544,,
ERKIC50,7,5,ridge_only,0.647971839122675,0.7633905657661653,0.5762807016234985,1544,,
ERKIC50,7,5,fixed_fusion,0.6532398359794495,0.7581895537197971,0.5744868413001719,1544,,
ERKIC50,7,5,adaptive_fusion,0.6519884921327372,0.7591571638642671,0.5733541820148232,1544,0.2,0.6132086776703028
ERKIC50,7,6,imputer_only,0.6522603163879691,0.7388251625268298,0.5679814927179669,1544,,
ERKIC50,7,6,ridge_only,0.6530451244714137,0.7373408546458531,0.563875758179528,1544,,
ERKIC50,7,6,fixed_fusion,0.6603994213743963,0.7297933742712196,0.5594253836143394,1544,,
ERKIC50,7,6,adaptive_fusion,0.6578412799019762,0.7323399347017246,0.5607489169964481,1544,0.2,0.6118949824055429
ERKIC50,7,7,imputer_only,0.6479336365227094,0.8125863041823637,0.5990620941195351,1544,,
ERKIC50,7,7,ridge_only,0.6407939824140076,0.8181749235165666,0.6016467079516682,1544,,
ERKIC50,7,7,fixed_fusion,0.6529497980798278,0.8069628090642196,0.5941217710007898,1544,,
ERKIC50,7,7,adaptive_fusion,0.6477823827401322,0.8116909898505336,0.597136023541001,1544,0.2,0.5989829690300379
ERKIC50,7,8,imputer_only,0.6416597426533129,0.7571962351953094,0.5762688380638858,1544,,
ERKIC50,7,8,ridge_only,0.6365204673326452,0.7598908230692732,0.5827593302217821,1544,,
ERKIC50,7,8,fixed_fusion,0.6467193745834833,0.7507504149058319,0.5739363999000959,1544,,
ERKIC50,7,8,adaptive_fusion,0.6424685929566467,0.7543789330435177,0.5784537565837952,1544,0.2,0.6111157197123541
ERKIC50,7,9,imputer_only,0.6439790260256818,0.7411084276892151,0.5687916794163804,1544,,
ERKIC50,7,9,ridge_only,0.6452006416368936,0.7391103435957358,0.5706401574051329,1544,,
ERKIC50,7,9,fixed_fusion,0.6515972942908527,0.7326332767075883,0.5632340584008696,1544,,
ERKIC50,7,9,adaptive_fusion,0.6494565892075872,0.7347301135889693,0.566413489086746,1544,0.2,0.5952508416396871
ERKIC50,7,10,imputer_only,0.647812679395505,0.7448046466525058,0.5731040406619022,1544,,
ERKIC50,7,10,ridge_only,0.6482275254389278,0.7405987892131236,0.5653886518014404,1544,,
ERKIC50,7,10,fixed_fusion,0.6559050680683984,0.7342011988577737,0.5627530129714176,1544,,
ERKIC50,7,10,adaptive_fusion,0.653290740169964,0.7360016140286458,0.5627303474355951,1544,0.2,0.603297416917737
ERKIC50,8,1,imputer_only,0.6418627127011435,0.7772093981465413,0.5916968420460598,1545,,
ERKIC50,8,1,ridge_only,0.648654004336623,0.7665561801157719,0.5864492873224946,1545,,
ERKIC50,8,1,fixed_fusion,0.652916224025656,0.7636019717777577,0.5826207288321632,1545,,
ERKIC50,8,1,adaptive_fusion,0.6523885695665691,0.7633752601261294,0.5832662796979532,1545,0.2,0.603393986382307
ERKIC50,8,2,imputer_only,0.6419617130717372,0.7565483207326331,0.5825655779533064,1545,,
ERKIC50,8,2,ridge_only,0.6433782820802038,0.7524773174342091,0.575298999733605,1545,,
ERKIC50,8,2,fixed_fusion,0.6515084088769971,0.745032158597315,0.5718630693849888,1545,,
ERKIC50,8,2,adaptive_fusion,0.6488138050706715,0.7472278360864671,0.5720597134386174,1545,0.2,0.6045085585191047
ERKIC50,8,3,imputer_only,0.620318346252609,0.7821218052076864,0.5940042280654565,1545,,
ERKIC50,8,3,ridge_only,0.6274687943458838,0.7711650699787674,0.5876588687179369,1545,,
ERKIC50,8,3,fixed_fusion,0.6312052263793156,0.7685206378924816,0.5853662644117366,1545,,
ERKIC50,8,3,adaptive_fusion,0.6308199571000624,0.7681454748797284,0.5853997478303032,1545,0.2,0.6014086651893019
ERKIC50,8,4,imputer_only,0.6309287377961597,0.7416934486558824,0.5699292931151836,1544,,
ERKIC50,8,4,ridge_only,0.6388658290619889,0.7313233990482247,0.5649044544013353,1544,,
ERKIC50,8,4,fixed_fusion,0.6425133845316126,0.7278631224927918,0.5605876062865642,1544,,
ERKIC50,8,4,adaptive_fusion,0.6422124671808032,0.7278525981481102,0.5612657135382652,1544,0.2,0.604989100440266
ERKIC50,8,5,imputer_only,0.6523485576494605,0.807268139121044,0.5831329519600321,1544,,
ERKIC50,8,5,ridge_only,0.6511063504677229,0.8072653319416323,0.5811669016963601,1544,,
ERKIC50,8,5,fixed_fusion,0.6590457261421494,0.7993874894491984,0.5759148607056146,1544,,
ERKIC50,8,5,adaptive_fusion,0.6560603470811156,0.8022320865245033,0.5771688132801425,1544,0.2,0.6023535135338289
ERKIC50,8,6,imputer_only,0.6582084313354963,0.7705265133797367,0.5791087790302314,1544,,
ERKIC50,8,6,ridge_only,0.6476643909261448,0.7789258797527668,0.5842983496813146,1544,,
ERKIC50,8,6,fixed_fusion,0.6614888884498275,0.7658560397371639,0.5751251724063524,1544,,
ERKIC50,8,6,adaptive_fusion,0.6552657415322749,0.7715993934729201,0.5791393179334718,1544,0.2,0.601831891998913
ERKIC50,8,7,imputer_only,0.6456802441019858,0.7616699282029841,0.5839690045702273,1544,,
ERKIC50,8,7,ridge_only,0.649968535491944,0.7563803884849665,0.5781637043484825,1544,,
ERKIC50,8,7,fixed_fusion,0.6549712338826904,0.7513317260933322,0.5750451667320708,1544,,
ERKIC50,8,7,adaptive_fusion,0.6537069968086292,0.7525131795419717,0.5757321768864498,1544,0.2,0.6104242606459506
ERKIC50,8,8,imputer_only,0.6303870231338152,0.7729863364128503,0.5775829387841789,1544,,
ERKIC50,8,8,ridge_only,0.6349186868937517,0.7671481712977163,0.5765634449295164,1544,,
ERKIC50,8,8,fixed_fusion,0.640312953672965,0.7620723068588426,0.5712858868082266,1544,,
ERKIC50,8,8,adaptive_fusion,0.6389550446335679,0.7631969453547601,0.5731382696995313,1544,0.2,0.6134809441205661
ERKIC50,8,9,imputer_only,0.6213660151991285,0.8077600850566233,0.6066423738455229,1544,,
ERKIC50,8,9,ridge_only,0.6270006111627623,0.8021513642425828,0.6065515108701202,1544,,
ERKIC50,8,9,fixed_fusion,0.6319518466070327,0.7971046827715844,0.6004608601165532,1544,,
ERKIC50,8,9,adaptive_fusion,0.6308457443331689,0.798246746368641,0.6022519067738391,1544,0.2,0.6092526617046035
ERKIC50,8,10,imputer_only,0.622291305813324,0.7883794148634197,0.5970378413387878,1544,,
ERKIC50,8,10,ridge_only,0.6256898050392121,0.7821852852430047,0.5938656858407819,1544,,
ERKIC50,8,10,fixed_fusion,0.6308001811558878,0.7782139817494904,0.5900752526708362,1544,,
ERKIC50,8,10,adaptive_fusion,0.6294555097107699,0.7788969526402759,0.5908195774726396,1544,0.2,0.6010002508681478
ERKIC50,9,1,imputer_only,0.6329709989567116,0.7736047632432227,0.5714464339795733,1545,,
ERKIC50,9,1,ridge_only,0.6072300371241036,0.7963345108107908,0.5878429521846097,1545,,
ERKIC50,9,1,fixed_fusion,0.6276389969757816,0.7769114369483503,0.5738957485494891,1545,,
ERKIC50,9,1,adaptive_fusion,0.6212378042084775,0.7827915833057834,0.5782418208285295,1545,0.3,0.6098527278731882
ERKIC50,9,2,imputer_only,0.6425807289397472,0.7883578618787882,0.5870068464760478,1545,,
ERKIC50,9,2,ridge_only,0.6511853961979982,0.778712802259583,0.5770538597751234,1545,,
ERKIC50,9,2,fixed_fusion,0.6558260541450117,0.774502196375504,0.5748595648913111,1545,,
ERKIC50,9,2,adaptive_fusion,0.6552674594772581,0.7748511493377972,0.5744710236169175,1545,0.2,0.6059641482975453
ERKIC50,9,3,imputer_only,0.6573446511855087,0.779659563158026,0.5917009196473808,1545,,
ERKIC50,9,3,ridge_only,0.6582972433330049,0.7770465060853559,0.5906153693271335,1545,,
ERKIC50,9,3,fixed_fusion,0.6658678741563917,0.7699369692899458,0.5848549683503528,1545,,
ERKIC50,9,3,adaptive_fusion,0.6633456098378689,0.7721879341272395,0.5868172213055975,1545,0.2,0.6049154688614513
ERKIC50,9,4,imputer_only,0.6102597742140359,0.749017747987071,0.584563597139222,1544,,
ERKIC50,9,4,ridge_only,0.6025209977024605,0.7482524710635604,0.5843945640773233,1544,,
ERKIC50,9,4,fixed_fusion,0.6138513326515495,0.7404570279771936,0.5776446534705546,1544,,
ERKIC50,9,4,adaptive_fusion,0.6089440936286281,0.7431803053583422,0.5801075996633214,1544,0.2,0.59986922354335
ERKIC50,9,5,imputer_only,0.6229781493183144,0.8063492463251007,0.5868818823237894,1544,,
ERKIC50,9,5,ridge_only,0.6140027588093868,0.8126019059439412,0.5847073198118793,1544,,
ERKIC50,9,5,fixed_fusion,0.6261948154430573,0.8020049617569284,0.5801131483987746,1544,,
ERKIC50,9,5,adaptive_fusion,0.6207603864584609,0.806589272713933,0.581528150768006,1544,0.2,0.6068790030024941
ERKIC50,9,6,imputer_only,0.639388627084942,0.7625638436558161,0.5783162852651776,1544,,
ERKIC50,9,6,ridge_only,0.6458306667343238,0.7528589767040047,0.5711609027570695,1544,,
ERKIC50,9,6,fixed_fusion,0.6507241627232341,0.7487696783945269,0.567858662863935,1544,,
ERKIC50,9,6,adaptive_fusion,0.6498336506184302,0.7490672968446354,0.5684191867843331,1544,0.2,0.6004360772168813
ERKIC50,9,7,imputer_only,0.6329690929308499,0.7886329740179512,0.5948234899274141,1544,,
ERKIC50,9,7,ridge_only,0.6383692726990945,0.7815640064261964,0.5882996996348046,1544,,
ERKIC50,9,7,fixed_fusion,0.6436938142813828,0.7771390834986374,0.5853061271954142,1544,,
ERKIC50,9,7,adaptive_fusion,0.6425143037833692,0.7778792757238955,0.5855842214411726,1544,0.2,0.603835480949483
ERKIC50,9,8,imputer_only,0.6678141253360561,0.7716412494107514,0.5859616626686133,1544,,
ERKIC50,9,8,ridge_only,0.6658194803250831,0.7733169046659385,0.5906308657278545,1544,,
ERKIC50,9,8,fixed_fusion,0.6737873181483696,0.7649365111572564,0.5827839219193472,1544,,
ERKIC50,9,8,adaptive_fusion,0.6706650638535996,0.768166223011206,0.5862539745329756,1544,0.2,0.5871923627205484
ERKIC50,9,9,imputer_only,0.6444360271844732,0.7565186099823643,0.5891193832405897,1544,,
ERKIC50,9,9,ridge_only,0.6522706602773641,0.7468876417285155,0.5834257582200122,1544,,
ERKIC50,9,9,fixed_fusion,0.6566504848769367,0.742570284176624,0.5789072379927672,1544,,
ERKIC50,9,9,adaptive_fusion,0.656066731186623,0.7429590204171901,0.5798405575214316,1544,0.2,0.6031139653211912
ERKIC50,9,10,imputer_only,0.6455459676269565,0.7548546049500148,0.5832527462037768,1544,,
ERKIC50,9,10,ridge_only,0.639481090782954,0.7592088999416308,0.5840571050555083,1544,,
ERKIC50,9,10,fixed_fusion,0.6495453721418968,0.7501476696049934,0.5783796345035743,1544,,
ERKIC50,9,10,adaptive_fusion,0.6452095366678088,0.7539471036269464,0.5803705278471585,1544,0.2,0.6094016605690609
PI3KAUC,0,1,imputer_only,0.5898293654337123,0.7943220986578831,0.5883210534284853,1334,,
PI3KAUC,0,1,ridge_only,0.6269600163349557,0.743807701508605,0.5468563553926917,1334,,
PI3KAUC,0,1,fixed_fusion,0.6206895120053969,0.7534075281074273,0.5566885248743761,1334,,
PI3KAUC,0,1,adaptive_fusion,0.6281571176386057,0.7437236707714969,0.5466185948402883,1334,0.2,0.5694729635159874
PI3KAUC,0,2,imputer_only,0.5761221412246897,0.8298169794641154,0.5847893629143373,1333,,
PI3KAUC,0,2,ridge_only,0.585710379381734,0.8113717194282413,0.567044293099694,1333,,
PI3KAUC,0,2,fixed_fusion,0.5912421783601823,0.808904180492142,0.5657081113827718,1333,,
PI3KAUC,0,2,adaptive_fusion,0.5906903495255078,0.8075472940001635,0.5644345997436834,1333,0.2,0.5687164359721966
PI3KAUC,0,3,imputer_only,0.6127540275706121,0.7597865443010047,0.5502868949503597,1333,,
PI3KAUC,0,3,ridge_only,0.6218892476400633,0.7472025402467243,0.5457864122713105,1333,,
PI3KAUC,0,3,fixed_fusion,0.6275866099139634,0.7426104295481414,0.5389222758657083,1333,,
PI3KAUC,0,3,adaptive_fusion,0.6267777688444003,0.7427364793761747,0.5412752913308154,1333,0.2,0.5641657589399249
PI3KAUC,0,4,imputer_only,0.6435087816973357,0.8027382794948267,0.5538546605063959,1333,,
PI3KAUC,0,4,ridge_only,0.6381268233056304,0.8036975616332963,0.5530327526771792,1333,,
PI3KAUC,0,4,fixed_fusion,0.6506273742142046,0.7926621605306494,0.5459972140304143,1333,,
PI3KAUC,0,4,adaptive_fusion,0.6456564495412633,0.796768568828106,0.5484883164881644,1333,0.2,0.5590309293683473
PI3KAUC,0,5,imputer_only,0.6135919327116444,0.8638666093620022,0.5939006446766629,1333,,
PI3KAUC,0,5,ridge_only,0.6220179008036443,0.8540901634372146,0.5799638248577832,1333,,
PI3KAUC,0,5,fixed_fusion,0.6294992721164794,0.84761941088056,0.5773842737542799,1333,,
PI3KAUC,0,5,adaptive_fusion,0.6295312793560155,0.8474697738671061,0.5757082568136641,1333,0.3,0.5742087693582588
PI3KAUC,0,6,imputer_only,0.5783749948053893,0.7768516965433773,0.5473326511675578,1333,,
PI3KAUC,0,6,ridge_only,0.5864893234809037,0.7508417806674388,0.533951202227791,1333,,
PI3KAUC,0,6,fixed_fusion,0.5927347271137295,0.7512607092406488,0.5314437750923351,1333,,
PI3KAUC,0,6,adaptive_fusion,0.5919529019055723,0.7479290724412374,0.5306159491048248,1333,0.2,0.5684546071919625
PI3KAUC,0,7,imputer_only,0.5670993480087573,0.8332363379293438,0.5925331495240972,1333,,
PI3KAUC,0,7,ridge_only,0.5731773252261593,0.8183170311952587,0.5775638451345267,1333,,
PI3KAUC,0,7,fixed_fusion,0.5795051365929944,0.8152604836386476,0.575606985161277,1333,,
PI3KAUC,0,7,adaptive_fusion,0.5782012613735178,0.8145491843755722,0.5744121567563965,1333,0.2,0.5770268197073681
PI3KAUC,0,8,imputer_only,0.5828475533076087,0.8736455901488535,0.5920492226760261,1333,,
PI3KAUC,0,8,ridge_only,0.6172511218395765,0.8431675845912336,0.567742787079015,1333,,
PI3KAUC,0,8,fixed_fusion,0.6108574947592418,0.8487334544236448,0.5707661299463236,1333,,
PI3KAUC,0,8,adaptive_fusion,0.6174546930334883,0.8430180236942031,0.5660343676688819,1333,0.2,0.572163819586234
PI3KAUC,0,9,imputer_only,0.6167223891559332,0.8196707972488594,0.5671362572379236,1333,,
PI3KAUC,0,9,ridge_only,0.6147665277941571,0.8177440913043094,0.56301699031157,1333,,
PI3KAUC,0,9,fixed_fusion,0.6252952924224084,0.8090381513904309,0.5567538703087825,1333,,
PI3KAUC,0,9,adaptive_fusion,0.6214144035263583,0.8119499460437645,0.5580106917986286,1333,0.2,0.5599438803351979
PI3KAUC,0,10,imputer_only,0.6093172922534228,0.7674112178475674,0.562174583041882,1333,,
PI3KAUC,0,10,ridge_only,0.6395983253241663,0.7324636304585559,0.5360479138376826,1333,,
PI3KAUC,0,10,fixed_fusion,0.6349419265775188,0.7382143344240233,0.5403844396467331,1333,,
PI3KAUC,0,10,adaptive_fusion,0.6406385421559162,0.7318645293773239,0.5353880206029646,1333,0.2,0.5746179031812396
PI3KAUC,1,1,imputer_only,0.6030137023476503,0.7853487436843719,0.5764588381453855,1334,,
PI3KAUC,1,1,ridge_only,0.6132333596472154,0.7667625582263863,0.5560987644919265,1334,,
PI3KAUC,1,1,fixed_fusion,0.6158596215807801,0.766933458352411,0.559189523662918,1334,,
PI3KAUC,1,1,adaptive_fusion,0.6163370719833867,0.764611557275665,0.5552517300827018,1334,0.2,0.5805806494704399
PI3KAUC,1,2,imputer_only,0.6126784927224878,0.7671190516616454,0.5566740645596475,1333,,
PI3KAUC,1,2,ridge_only,0.6285145541353736,0.7471508603796799,0.5416189980828877,1333,,
PI3KAUC,1,2,fixed_fusion,0.6332534125514514,0.744094024005119,0.5391929089019232,1333,,
PI3KAUC,1,2,adaptive_fusion,0.6338193367146443,0.7427573691319529,0.538745483740555,1333,0.2,0.5626849144795737
PI3KAUC,1,3,imputer_only,0.5973942568419521,0.8273886715103017,0.5848326167117142,1333,,
PI3KAUC,1,3,ridge_only,0.6111361886113362,0.8010629275519239,0.5634299952854104,1333,,
PI3KAUC,1,3,fixed_fusion,0.6152662707521307,0.8007493347277975,0.5644813971576073,1333,,
PI3KAUC,1,3,adaptive_fusion,0.6158912549703687,0.7976439730338267,0.5611760761648286,1333,0.2,0.5729941584705192
PI3KAUC,1,4,imputer_only,0.5848088837128026,0.8455865527867051,0.5885667167919516,1333,,
PI3KAUC,1,4,ridge_only,0.5708725041676026,0.8566626889500893,0.5902378139323363,1333,,
PI3KAUC,1,4,fixed_fusion,0.586661889548441,0.8422044669755732,0.5820264311652416,1333,,
PI3KAUC,1,4,adaptive_fusion,0.5792622025242479,0.8487717152739204,0.5849696363462268,1333,0.2,0.5775758348347264
PI3KAUC,1,5,imputer_only,0.5931390147641701,0.8743209083655048,0.5968163738628767,1333,,
PI3KAUC,1,5,ridge_only,0.6137995896139455,0.8500221846370949,0.5784832690583943,1333,,
PI3KAUC,1,5,fixed_fusion,0.6135223952558576,0.8511624833421857,0.5782202571111369,1333,,
PI3KAUC,1,5,adaptive_fusion,0.6163418070811827,0.8480207985072341,0.5767461523006335,1333,0.3,0.5749805820256353
PI3KAUC,1,6,imputer_only,0.5879533148528157,0.8124019145317553,0.5749527080739019,1333,,
PI3KAUC,1,6,ridge_only,0.5872815209719263,0.8080047051182299,0.5662700073377038,1333,,
PI3KAUC,1,6,fixed_fusion,0.5976443351825367,0.8000187531738323,0.5625389012204087,1333,,
PI3KAUC,1,6,adaptive_fusion,0.5939679167387713,0.80237020725856,0.5623790232084509,1333,0.2,0.5809669107013113
PI3KAUC,1,7,imputer_only,0.6374747248103545,0.7661023694581286,0.5558737890220394,1333,,
PI3KAUC,1,7,ridge_only,0.6406260639695316,0.759748776925934,0.5485031070593438,1333,,
PI3KAUC,1,7,fixed_fusion,0.6521238482358698,0.7500877322395922,0.5430791772239502,1333,,
PI3KAUC,1,7,adaptive_fusion,0.6485790126797247,0.7528076925323196,0.5440408099478178,1333,0.2,0.5734474720321675
PI3KAUC,1,8,imputer_only,0.6302236821510004,0.7611098009240088,0.5560048558353726,1333,,
PI3KAUC,1,8,ridge_only,0.6200752401839411,0.7642660529417393,0.556459188686056,1333,,
PI3KAUC,1,8,fixed_fusion,0.6346750830987068,0.7524801311668363,0.5471515152049258,1333,,
PI3KAUC,1,8,adaptive_fusion,0.6283373987511732,0.7571258394326104,0.5510463524734778,1333,0.2,0.570633816808281
PI3KAUC,1,9,imputer_only,0.6479790599346025,0.7596289166915923,0.5418774684182089,1333,,
PI3KAUC,1,9,ridge_only,0.6474713650340187,0.7565033636682489,0.5336080516162299,1333,,
PI3KAUC,1,9,fixed_fusion,0.6597095474853077,0.7460157968246895,0.5294795563286727,1333,,
PI3KAUC,1,9,adaptive_fusion,0.6554969098974762,0.7494289272550004,0.5294243583794055,1333,0.2,0.5650211396538688
PI3KAUC,1,10,imputer_only,0.607862563913949,0.8188161022454652,0.5738324174415201,1333,,
PI3KAUC,1,10,ridge_only,0.6123269355585474,0.805725910831804,0.5608105875461049,1333,,
PI3KAUC,1,10,fixed_fusion,0.6224671637327063,0.798620989013413,0.5568465579096584,1333,,
PI3KAUC,1,10,adaptive_fusion,0.6197776630824258,0.799591876886482,0.556178109544198,1333,0.2,0.5687477018783065
PI3KAUC,2,1,imputer_only,0.5917347626693752,0.7798948482464945,0.5775355783247876,1334,,
PI3KAUC,2,1,ridge_only,0.6104924960832869,0.7563962481323551,0.5606942612473955,1334,,
PI3KAUC,2,1,fixed_fusion,0.611001586683668,0.7574223251392093,0.5604442901357121,1334,,
PI3KAUC,2,1,adaptive_fusion,0.6133361673269678,0.7541865234887437,0.5587461780811865,1334,0.2,0.5679300182017661
PI3KAUC,2,2,imputer_only,0.600384720699894,0.8625477083356271,0.581105206693248,1333,,
PI3KAUC,2,2,ridge_only,0.6034212587448623,0.8558091593809894,0.578110110823209,1333,,
PI3KAUC,2,2,fixed_fusion,0.6119668621893017,0.8488487353879214,0.5708762499947794,1333,,
PI3KAUC,2,2,adaptive_fusion,0.6111840248856357,0.8491484484277388,0.5719203552245515,1333,0.3,0.5734851683890084
PI3KAUC,2,3,imputer_only,0.6270513835235105,0.7928968312529907,0.5770014840109384,1333,,
PI3KAUC,2,3,ridge_only,0.6319699850386813,0.7814891410117774,0.5681804761857333,1333,,
PI3KAUC,2,3,fixed_fusion,0.6404313807449961,0.7753908291256592,0.5637492620984602,1333,,
PI3KAUC,2,3,adaptive_fusion,0.6383268823881628,0.7762046695558978,0.5638514243225793,1333,0.2,0.5597886389787756
PI3KAUC,2,4,imputer_only,0.5692282001541269,0.8779887750476686,0.597806962509919,1333,,
PI3KAUC,2,4,ridge_only,0.5697826862357966,0.874068819728043,0.5905586574356745,1333,,
PI3KAUC,2,4,fixed_fusion,0.5790927353643415,0.8666466448918614,0.5845841916355032,1333,,
PI3KAUC,2,4,adaptive_fusion,0.5759275887187559,0.8688517769673009,0.5858301791219762,1333,0.2,0.5713660035660295
PI3KAUC,2,5,imputer_only,0.5603850919405174,0.81434906099575,0.574541900614408,1333,,
PI3KAUC,2,5,ridge_only,0.5728844679619517,0.7921284550710566,0.5577137303732697,1333,,
PI3KAUC,2,5,fixed_fusion,0.5787087480681347,0.7886560981801334,0.5531341399088354,1333,,
PI3KAUC,2,5,adaptive_fusion,0.5783778395040049,0.7871917667358389,0.5532364732067983,1333,0.2,0.5717524533058229
PI3KAUC,2,6,imputer_only,0.6092345151155676,0.7931736633261692,0.5561109411640935,1333,,
PI3KAUC,2,6,ridge_only,0.610134942674941,0.7832537959992245,0.5395837524136918,1333,,
PI3KAUC,2,6,fixed_fusion,0.620789122236322,0.7760085646841667,0.5382854539385052,1333,,
PI3KAUC,2,6,adaptive_fusion,0.6173761947573636,0.7774186377755034,0.5365465048409577,1333,0.2,0.5675438376151384
PI3KAUC,2,7,imputer_only,0.5609248252713076,0.8828651741453722,0.5920024759180506,1333,,
PI3KAUC,2,7,ridge_only,0.636208442179052,0.7934424648875047,0.5467011155003426,1333,,
PI3KAUC,2,7,fixed_fusion,0.609768502151406,0.8215417681610405,0.5598411546275649,1333,,
PI3KAUC,2,7,adaptive_fusion,0.6239828646766781,0.8060285935539272,0.5521471055392393,1333,0.3,0.5709091104076762
PI3KAUC,2,8,imputer_only,0.5712309230104461,0.8157138301470603,0.5684308613660893,1333,,
PI3KAUC,2,8,ridge_only,0.5750653388571141,0.806066318773355,0.5620172509662189,1333,,
PI3KAUC,2,8,fixed_fusion,0.5812348536667719,0.8025029998577681,0.5589913785212991,1333,,
PI3KAUC,2,8,adaptive_fusion,0.5796443114289677,0.8026188352608551,0.5591011373777259,1333,0.2,0.5794442153228796
PI3KAUC,2,9,imputer_only,0.627346493785563,0.7881972359526189,0.5668786623809633,1333,,
PI3KAUC,2,9,ridge_only,0.6362207553292377,0.7709612136154846,0.5591218013138276,1333,,
PI3KAUC,2,9,fixed_fusion,0.6419498343158082,0.7674139030059859,0.5535416156324932,1333,,
PI3KAUC,2,9,adaptive_fusion,0.6412387445240256,0.7665923359888209,0.5548414675392368,1333,0.2,0.5641462985644417
PI3KAUC,2,10,imputer_only,0.6006001252481904,0.7924817017332503,0.5726506701545788,1333,,
PI3KAUC,2,10,ridge_only,0.6227361864954358,0.7667726906845316,0.5450717091705949,1333,,
PI3KAUC,2,10,fixed_fusion,0.6219646886307758,0.768657973963174,0.5484370403595682,1333,,
PI3KAUC,2,10,adaptive_fusion,0.6252462599336704,0.7648415234945151,0.5435542787631938,1333,0.2,0.5742954681274385
PI3KAUC,3,1,imputer_only,0.6050609804611478,0.7886415800426726,0.5633399186469474,1334,,
PI3KAUC,3,1,ridge_only,0.6054067004168395,0.7858994113338089,0.5609044560131434,1334,,
PI3KAUC,3,1,fixed_fusion,0.6152946373977732,0.7769411617713664,0.5526517872067483,1334,,
PI3KAUC,3,1,adaptive_fusion,0.6118094255134936,0.7798458612980773,0.5556929967087949,1334,0.2,0.5607072021906776
PI3KAUC,3,2,imputer_only,0.6127133781283541,0.8139529250745045,0.5835395350220914,1333,,
PI3KAUC,3,2,ridge_only,0.6249547007453604,0.7970885188007698,0.5712344409800416,1333,,
PI3KAUC,3,2,fixed_fusion,0.6305363636729472,0.7930246566111898,0.5674185345209575,1333,,
PI3KAUC,3,2,adaptive_fusion,0.6303001136684525,0.7924355592457688,0.56762674607487,1333,0.2,0.5676829087104064
PI3KAUC,3,3,imputer_only,0.6125616168473321,0.801931617250814,0.5784081455786655,1333,,
PI3KAUC,3,3,ridge_only,0.6322831928604039,0.774188550949484,0.5544487116714263,1333,,
PI3KAUC,3,3,fixed_fusion,0.6366105250159052,0.7713969711736983,0.5538461171809356,1333,,
PI3KAUC,3,3,adaptive_fusion,0.6378539798832636,0.7689989496386895,0.5516859799851779,1333,0.2,0.5712463779383176
PI3KAUC,3,4,imputer_only,0.588941013499101,0.8616922743670333,0.5767578878841696,1333,,
PI3KAUC,3,4,ridge_only,0.6139476220574142,0.8316571258753894,0.5538082719631688,1333,,
PI3KAUC,3,4,fixed_fusion,0.6094117762814104,0.8373518777828295,0.5557022445617887,1333,,
PI3KAUC,3,4,adaptive_fusion,0.6142874391522277,0.831644946882991,0.5520550805177723,1333,0.2,0.5795752289957199
PI3KAUC,3,5,imputer_only,0.5738560264626276,0.8119614821404011,0.5743559209938355,1333,,
PI3KAUC,3,5,ridge_only,0.593319119138397,0.7889498604887317,0.5565357693959732,1333,,
PI3KAUC,3,5,fixed_fusion,0.5932790923353536,0.7903486935274296,0.5563822663799612,1333,,
PI3KAUC,3,5,adaptive_fusion,0.5959308369136422,0.7870419352007473,0.5537687313361463,1333,0.2,0.5748566605028553
PI3KAUC,3,6,imputer_only,0.6448539208170357,0.7573866144030299,0.5415231618132702,1333,,
PI3KAUC,3,6,ridge_only,0.6455087980326811,0.754139003809016,0.5372345631211599,1333,,
PI3KAUC,3,6,fixed_fusion,0.6550447114398265,0.7459615253090203,0.5287014715161372,1333,,
PI3KAUC,3,6,adaptive_fusion,0.6518242972720134,0.7485223241982677,0.5314279778580595,1333,0.2,0.5644645754646106
PI3KAUC,3,7,imputer_only,0.551488615402628,0.9223904879161824,0.5895990179534631,1333,,
PI3KAUC,3,7,ridge_only,0.6081471245649995,0.857127628056268,0.5688265139571184,1333,,
PI3KAUC,3,7,fixed_fusion,0.5916300867198007,0.8742975609983874,0.5697318260888593,1333,,
PI3KAUC,3,7,adaptive_fusion,0.6052602974369627,0.860091632210942,0.5668817768525787,1333,0.2,0.5669388481961098
PI3KAUC,3,8,imputer_only,0.5860969999228406,0.7797131858014179,0.5613211681972001,1333,,
PI3KAUC,3,8,ridge_only,0.6014217124083059,0.7544986581393708,0.5484555314612188,1333,,
PI3KAUC,3,8,fixed_fusion,0.6080189526479667,0.7515061943154021,0.5463533356778089,1333,,
PI3KAUC,3,8,adaptive_fusion,0.6080561845877088,0.7494943853234876,0.5453033410863348,1333,0.2,0.5667432519407284
PI3KAUC,3,9,imputer_only,0.6239264248740076,0.7359958231707714,0.5332940170572497,1333,,
PI3KAUC,3,9,ridge_only,0.6420060398949372,0.7109290501477736,0.5235893671075615,1333,,
PI3KAUC,3,9,fixed_fusion,0.6445802797318143,0.7106275695380179,0.5191608188624598,1333,,
PI3KAUC,3,9,adaptive_fusion,0.6462522969016637,0.7076676202425435,0.5195887304716014,1333,0.2,0.561001468085742
PI3KAUC,3,10,imputer_only,0.5807726398429156,0.8667554943635953,0.5919708732704061,1333,,
PI3KAUC,3,10,ridge_only,0.6052444127938978,0.8317883701901854,0.5668253950447147,1333,,
PI3KAUC,3,10,fixed_fusion,0.6039136029604407,0.8357340075269164,0.5696471093536746,1333,,
PI3KAUC,3,10,adaptive_fusion,0.6078107381597904,0.8300334644176325,0.5650587979390637,1333,0.2,0.5700825037171077
PI3KAUC,4,1,imputer_only,0.6045011696242512,0.802416341337977,0.5712834788359649,1334,,
PI3KAUC,4,1,ridge_only,0.6177991496423076,0.7815809250514787,0.5465474441384679,1334,,
PI3KAUC,4,1,fixed_fusion,0.6212294636574847,0.7807346212526224,0.5495443829376113,1334,,
PI3KAUC,4,1,adaptive_fusion,0.6220387695573396,0.7784999356763425,0.5454729827956228,1334,0.2,0.5645570623469268
PI3KAUC,4,2,imputer_only,0.6058852590176784,0.8270584523419358,0.5853643759320437,1333,,
PI3KAUC,4,2,ridge_only,0.6464860792813625,0.7822661656284413,0.5449653622413079,1333,,
PI3KAUC,4,2,fixed_fusion,0.6362205266625721,0.7930156719303757,0.5563774646788058,1333,,
PI3KAUC,4,2,adaptive_fusion,0.6451374391232394,0.7836629101472542,0.547031005558752,1333,0.2,0.5686186241473667
PI3KAUC,4,3,imputer_only,0.6034734530575102,0.8346650344284852,0.5773500169571301,1333,,
PI3KAUC,4,3,ridge_only,0.6247129477194294,0.8136847457271218,0.5595444481543371,1333,,
PI3KAUC,4,3,fixed_fusion,0.6244160714416184,0.8141353569707763,0.5590979495529953,1333,,
PI3KAUC,4,3,adaptive_fusion,0.627336417098136,0.8114199722264271,0.5570724584316465,1333,0.2,0.5650019038850502
PI3KAUC,4,4,imputer_only,0.5575853947148048,0.8270045212585625,0.5931961031867571,1333,,
PI3KAUC,4,4,ridge_only,0.5888122683102324,0.7866802199675247,0.562780978572644,1333,,
PI3KAUC,4,4,fixed_fusion,0.5846786798362903,0.7929693612782672,0.5670237824094513,1333,,
PI3KAUC,4,4,adaptive_fusion,0.5904231964563563,0.7857578854975678,0.5622282044564944,1333,0.2,0.5761963287706231
PI3KAUC,4,5,imputer_only,0.6105720890377645,0.8314685539716461,0.5736445971186128,1333,,
PI3KAUC,4,5,ridge_only,0.6328481553094027,0.8024855228981019,0.5541835793416978,1333,,
PI3KAUC,4,5,fixed_fusion,0.6317606998165578,0.8050887018186981,0.5552796124507214,1333,,
PI3KAUC,4,5,adaptive_fusion,0.6351626918890194,0.8006113012983227,0.552446604854115,1333,0.2,0.5675616564390373
PI3KAUC,4,6,imputer_only,0.5861743219280423,0.8316831320224125,0.5813097896434712,1333,,
PI3KAUC,4,6,ridge_only,0.6043884372236249,0.8080966196899285,0.573490874678556,1333,,
PI3KAUC,4,6,fixed_fusion,0.6055076022085516,0.8086628132507778,0.5685817624492835,1333,,
PI3KAUC,4,6,adaptive_fusion,0.6076118905283422,0.8055835162026349,0.5700020318430878,1333,0.2,0.5713190194384802
PI3KAUC,4,7,imputer_only,0.5882556483923993,0.7481343398245859,0.5463875984253931,1333,,
PI3KAUC,4,7,ridge_only,0.5872632173716784,0.7429950045863523,0.5456245623823096,1333,,
PI3KAUC,4,7,fixed_fusion,0.5984438840217122,0.734399458190972,0.537186297151733,1333,,
PI3KAUC,4,7,adaptive_fusion,0.5944345675823762,0.7368816746908352,0.5404096808613243,1333,0.2,0.5712109362814818
PI3KAUC,4,8,imputer_only,0.5936217700705635,0.8516356399163553,0.5891722497054402,1333,,
PI3KAUC,4,8,ridge_only,0.6243467505101549,0.8127258385991497,0.5708180945916385,1333,,
PI3KAUC,4,8,fixed_fusion,0.6198737207359899,0.8189950046581858,0.5688281044793568,1333,,
PI3KAUC,4,8,adaptive_fusion,0.625667777688017,0.81197228433197,0.5671524463418105,1333,0.2,0.5662422907251464
PI3KAUC,4,9,imputer_only,0.6287148245542789,0.7784091333213968,0.5568338165639622,1333,,
PI3KAUC,4,9,ridge_only,0.6301897552219912,0.7705370330938662,0.5461699637935774,1333,,
PI3KAUC,4,9,fixed_fusion,0.6411930623429555,0.7618869727600199,0.5394869941304952,1333,,
PI3KAUC,4,9,adaptive_fusion,0.6376935434604971,0.7640553287073326,0.5408715737110208,1333,0.2,0.5789290112712752
PI3KAUC,4,10,imputer_only,0.5929808245570848,0.8093031112336264,0.5734648206086085,1333,,
PI3KAUC,4,10,ridge_only,0.5826350830855499,0.8128435928484568,0.5720927875952911,1333,,
PI3KAUC,4,10,fixed_fusion,0.5968584982387455,0.8017388026615794,0.5631065061777014,1333,,
PI3KAUC,4,10,adaptive_fusion,0.5934409724322105,0.8039546168782108,0.5644920277741122,1333,0.3,0.5746226415257477
PI3KAUC,5,1,imputer_only,0.6137636525882849,0.8099228157635264,0.5597204739654457,1334,,
PI3KAUC,5,1,ridge_only,0.6348592362624276,0.7860080713020081,0.5520480943510708,1334,,
PI3KAUC,5,1,fixed_fusion,0.6343307831022227,0.7872965150900264,0.5478365268517074,1334,,
PI3KAUC,5,1,adaptive_fusion,0.6373686889356432,0.7839171416819934,0.5482149018680557,1334,0.2,0.5599134780373811
PI3KAUC,5,2,imputer_only,0.6018180218335119,0.8460120770525854,0.5819174309693345,1333,,
PI3KAUC,5,2,ridge_only,0.619134123316833,0.8186329360847473,0.5584908419055613,1333,,
PI3KAUC,5,2,fixed_fusion,0.6208732281100654,0.8199024472889203,0.5592108224553257,1333,,
PI3KAUC,5,2,adaptive_fusion,0.6228071394169905,0.8161017023073703,0.5562060781013607,1333,0.2,0.5754823965179313
PI3KAUC,5,3,imputer_only,0.6016797692117725,0.8429467371387017,0.5925962575690131,1333,,
PI3KAUC,5,3,ridge_only,0.6295706187291784,0.8076385064659374,0.5646614166006905,1333,,
PI3KAUC,5,3,fixed_fusion,0.627570414610013,0.8111499045540654,0.5671104567390016,1333,,
PI3KAUC,5,3,adaptive_fusion,0.6322756719578941,0.8055584045527977,0.5630501378841346,1333,0.2,0.5712033814310324
PI3KAUC,5,4,imputer_only,0.6027050650842896,0.7738686670440953,0.5733941195497244,1333,,
PI3KAUC,5,4,ridge_only,0.6119955334145831,0.7643129412062185,0.5660889418280984,1333,,
PI3KAUC,5,4,fixed_fusion,0.6172071010476123,0.7596722325911093,0.5637551744827821,1333,,
PI3KAUC,5,4,adaptive_fusion,0.6165058757278374,0.7601869124029109,0.5634278483689028,1333,0.2,0.5719156982456839
PI3KAUC,5,5,imputer_only,0.6099281388427895,0.7990704080676012,0.5731815361232334,1333,,
PI3KAUC,5,5,ridge_only,0.6240741689495661,0.7758064994007365,0.555985436355765,1333,,
PI3KAUC,5,5,fixed_fusion,0.6282371967065827,0.774363968923708,0.5540318347683801,1333,,
PI3KAUC,5,5,adaptive_fusion,0.6288466449233625,0.7720414789056167,0.5528132202159977,1333,0.2,0.5541686556625751
PI3KAUC,5,6,imputer_only,0.5927693279515535,0.8008711294923038,0.5661595636836916,1333,,
PI3KAUC,5,6,ridge_only,0.6146846301303713,0.7675585493872473,0.5444375140384952,1333,,
PI3KAUC,5,6,fixed_fusion,0.6139146664138112,0.7717348583388156,0.5462760143932193,1333,,
PI3KAUC,5,6,adaptive_fusion,0.6172998557834591,0.7661531158565303,0.5427100790852495,1333,0.2,0.5641318500323667
PI3KAUC,5,7,imputer_only,0.5807974539558403,0.8273362322108426,0.5882765994767399,1333,,
PI3KAUC,5,7,ridge_only,0.5775493624345583,0.8209246069525327,0.5726102807778105,1333,,
PI3KAUC,5,7,fixed_fusion,0.5902795163851864,0.8122034085420575,0.5703897212070622,1333,,
PI3KAUC,5,7,adaptive_fusion,0.5855770627439004,0.8145757393917133,0.5696302623732892,1333,0.2,0.5816061176650942
PI3KAUC,5,8,imputer_only,0.6126610852008588,0.7938114852295861,0.5561124751662129,1333,,
PI3KAUC,5,8,ridge_only,0.611974227954185,0.7885983922234578,0.5555210226357863,1333,,
PI3KAUC,5,8,fixed_fusion,0.6228309716623631,0.7801776247742344,0.5466616989585602,1333,,
PI3KAUC,5,8,adaptive_fusion,0.619046366530883,0.7825873284776997,0.5500301294615552,1333,0.2,0.5609694004839987
PI3KAUC,5,9,imputer_only,0.6305221405706739,0.7578481491192375,0.5580180687095816,1333,,
PI3KAUC,5,9,ridge_only,0.6392869424939123,0.7392429030067433,0.547220550510211,1333,,
PI3KAUC,5,9,fixed_fusion,0.6463816075057238,0.7348608486533471,0.5432878191591505,1333,,
PI3KAUC,5,9,adaptive_fusion,0.6452026860450779,0.7341685620874716,0.5431147547194993,1333,0.2,0.5572500496137325
PI3KAUC,5,10,imputer_only,0.5990980783561375,0.8347324143172753,0.5665669231544128,1333,,
PI3KAUC,5,10,ridge_only,0.5861972278567598,0.8423847547253537,0.5758240065924367,1333,,
PI3KAUC,5,10,fixed_fusion,0.6028867541411933,0.8281097892706345,0.5595047076839087,1333,,
PI3KAUC,5,10,adaptive_fusion,0.5953917220230569,0.8342005384005324,0.5666245127395714,1333,0.2,0.5717098887412074
PI3KAUC,6,1,imputer_only,0.5285496850422364,0.8707155537632806,0.6138928873394149,1334,,
PI3KAUC,6,1,ridge_only,0.5622314309983876,0.822604556165307,0.5859940314093156,1334,,
PI3KAUC,6,1,fixed_fusion,0.5542851198041582,0.8346852407452947,0.5901078747949344,1334,,
PI3KAUC,6,1,adaptive_fusion,0.5616722691830943,0.8244487565927856,0.585486686249064,1334,0.2,0.5772822137284764
PI3KAUC,6,2,imputer_only,0.5894797648459269,0.8497757531716006,0.5862088949885569,1333,,
PI3KAUC,6,2,ridge_only,0.5970487147279289,0.8362730999149163,0.5701447131108026,1333,,
PI3KAUC,6,2,fixed_fusion,0.607446696690945,0.828251860554148,0.5690018584866521,1333,,
PI3KAUC,6,2,adaptive_fusion,0.6050073973494706,0.829503326749665,0.5679071953709517,1333,0.2,0.5550241902243236
PI3KAUC,6,3,imputer_only,0.6085107514481629,0.8397213367931508,0.5878964413761071,1333,,
PI3KAUC,6,3,ridge_only,0.6529127682473208,0.7910764903352872,0.5562479072167459,1333,,
PI3KAUC,6,3,fixed_fusion,0.6432859617809807,0.8009511859424359,0.5615841370542825,1333,,
PI3KAUC,6,3,adaptive_fusion,0.6506121126760417,0.7934027266205791,0.5566411429191908,1333,0.3,0.5686687909747057
PI3KAUC,6,4,imputer_only,0.6367041317144354,0.7948242508569957,0.5724630555105155,1333,,
PI3KAUC,6,4,ridge_only,0.6277031548359847,0.8016254258189974,0.5687321317808344,1333,,
PI3KAUC,6,4,fixed_fusion,0.6425096912679916,0.7882254514395126,0.5624776875089493,1333,,
PI3KAUC,6,4,adaptive_fusion,0.6361368072542588,0.7938965395954813,0.5635860480879212,1333,0.2,0.5679991062708601
PI3KAUC,6,5,imputer_only,0.6238176156361553,0.7932434015957714,0.5650327946158966,1333,,
PI3KAUC,6,5,ridge_only,0.6247683859586497,0.7843564885054666,0.5625987888632771,1333,,
PI3KAUC,6,5,fixed_fusion,0.6375090371306823,0.7740949854398993,0.5527982682572008,1333,,
PI3KAUC,6,5,adaptive_fusion,0.635890620646654,0.7746608149732017,0.5548247951623478,1333,0.3,0.5674393555173732
PI3KAUC,6,6,imputer_only,0.5795564109082609,0.8481353518920454,0.5923697969924961,1333,,
PI3KAUC,6,6,ridge_only,0.5809802410703053,0.8423763859386217,0.5847445350902404,1333,,
PI3KAUC,6,6,fixed_fusion,0.5894549683962734,0.8354541053222364,0.5793264321548814,1333,,
PI3KAUC,6,6,adaptive_fusion,0.5866839477445536,0.8372553273996233,0.580526843202679,1333,0.2,0.5714071656361002
PI3KAUC,6,7,imputer_only,0.6347142818869594,0.7702667091870093,0.5511555742739301,1333,,
PI3KAUC,6,7,ridge_only,0.6245957441827837,0.7771325323882069,0.5471044621981934,1333,,
PI3KAUC,6,7,fixed_fusion,0.6391850386879704,0.764506147288482,0.541690752236487,1333,,
PI3KAUC,6,7,adaptive_fusion,0.63277504598051,0.7699039322711096,0.5428068516961112,1333,0.2,0.5626772117296213
PI3KAUC,6,8,imputer_only,0.5883662171122641,0.7775257663722837,0.5525088022595585,1333,,
PI3KAUC,6,8,ridge_only,0.6027746054099078,0.7454976743723652,0.5368133472009542,1333,,
PI3KAUC,6,8,fixed_fusion,0.6062508861765736,0.7475735077504517,0.531991855952792,1333,,
PI3KAUC,6,8,adaptive_fusion,0.6071760453795761,0.742897593666641,0.5321126485591016,1333,0.2,0.5729873525222674
PI3KAUC,6,9,imputer_only,0.588833864482635,0.8504757856234556,0.5880756599430623,1333,,
PI3KAUC,6,9,ridge_only,0.6032246699869134,0.8314812914395187,0.5751747089879261,1333,,
PI3KAUC,6,9,fixed_fusion,0.6050091514277872,0.8313261697613779,0.5724116207522009,1333,,
PI3KAUC,6,9,adaptive_fusion,0.6064302994328356,0.8290731612608527,0.5722513302935959,1333,0.2,0.5710115523534698
PI3KAUC,6,10,imputer_only,0.6121358843104285,0.7379746186028556,0.5363567702774427,1333,,
PI3KAUC,6,10,ridge_only,0.6087174930309609,0.7327953301173431,0.5263731428863722,1333,,
PI3KAUC,6,10,fixed_fusion,0.6212970459402647,0.7239734436208517,0.522180511745926,1333,,
PI3KAUC,6,10,adaptive_fusion,0.6165802603813002,0.7265328373257722,0.5230759328041659,1333,0.2,0.564934102935156
PI3KAUC,7,1,imputer_only,0.5983902172659663,0.7742137053055577,0.5637795366285748,1334,,
PI3KAUC,7,1,ridge_only,0.6090848464910147,0.7550075208732578,0.5440620873139116,1334,,
PI3KAUC,7,1,fixed_fusion,0.6139756626367097,0.7530480604049345,0.5448711852557367,1334,,
PI3KAUC,7,1,adaptive_fusion,0.6138199766653626,0.7514124805569703,0.5422462993194984,1334,0.2,0.575622859685596
PI3KAUC,7,2,imputer_only,0.5573980415275298,0.8639880038057913,0.5958202661543885,1333,,
PI3KAUC,7,2,ridge_only,0.5915035315699173,0.8240569608217442,0.5696225642193701,1333,,
PI3KAUC,7,2,fixed_fusion,0.5849317054907293,0.8317859967497016,0.570638764054775,1333,,
PI3KAUC,7,2,adaptive_fusion,0.5918038282546304,0.8241189196341877,0.5673981933522031,1333,0.2,0.5779234163467749
PI3KAUC,7,3,imputer_only,0.5581761900848794,0.8934114843220828,0.5735166641047205,1333,,
PI3KAUC,7,3,ridge_only,0.5540675117270846,0.8918994816617318,0.5668803163796822,1333,,
PI3KAUC,7,3,fixed_fusion,0.5656158092464605,0.883124422105264,0.5615395936149353,1333,,
PI3KAUC,7,3,adaptive_fusion,0.5611018578312454,0.8861106935270864,0.5624954083963289,1333,0.2,0.5633927546652473
PI3KAUC,7,4,imputer_only,0.6186603835421691,0.7710128217709165,0.5685491973037474,1333,,
PI3KAUC,7,4,ridge_only,0.6338431097443911,0.7540076089816493,0.5561377903102811,1333,,
PI3KAUC,7,4,fixed_fusion,0.6370098251351575,0.751742942357875,0.5532395268775752,1333,,
PI3KAUC,7,4,adaptive_fusion,0.6378955889278483,0.7504885496879486,0.5528306683437411,1333,0.2,0.5721664057946827
PI3KAUC,7,5,imputer_only,0.6254571674404069,0.8125938363999242,0.5850601351551994,1333,,
PI3KAUC,7,5,ridge_only,0.63770373768926,0.7937495872346751,0.566540447840836,1333,,
PI3KAUC,7,5,fixed_fusion,0.6423132681905587,0.7909159916452367,0.5647714144299792,1333,,
PI3KAUC,7,5,adaptive_fusion,0.6424683329739872,0.7896405358677817,0.5628710328218781,1333,0.2,0.5733267654790424
PI3KAUC,7,6,imputer_only,0.5821489642073084,0.870620845832073,0.5744136698576426,1333,,
PI3KAUC,7,6,ridge_only,0.5940425070106973,0.854017666539204,0.5658176305129777,1333,,
PI3KAUC,7,6,fixed_fusion,0.5997541928673042,0.8500014213533068,0.5608247091992554,1333,,
PI3KAUC,7,6,adaptive_fusion,0.5994287009748217,0.8494292402106149,0.5621628636011413,1333,0.2,0.561922421630521
PI3KAUC,7,7,imputer_only,0.6225241578897547,0.7925618174815172,0.5655967444033849,1333,,
PI3KAUC,7,7,ridge_only,0.6465251850176995,0.7652117130973364,0.5440650618989167,1333,,
PI3KAUC,7,7,fixed_fusion,0.6449105781788929,0.7677281506749655,0.5450308000303306,1333,,
PI3KAUC,7,7,adaptive_fusion,0.6486378895533604,0.7634822626759342,0.5425951444977596,1333,0.2,0.5554193296708927
PI3KAUC,7,8,imputer_only,0.6225426462656278,0.7633245056892302,0.5577662397989624,1333,,
PI3KAUC,7,8,ridge_only,0.6070923598666925,0.7675817273306642,0.5546878278480782,1333,,
PI3KAUC,7,8,fixed_fusion,0.6253318815718701,0.7539079656774231,0.5470067023861013,1333,,
PI3KAUC,7,8,adaptive_fusion,0.6170996080611139,0.7593740366554105,0.5490357237003411,1333,0.2,0.5765978980831614
PI3KAUC,7,9,imputer_only,0.59067446942894,0.8173528977662572,0.5864093727434484,1333,,
PI3KAUC,7,9,ridge_only,0.6364079733609668,0.7706201907414704,0.5622710675134087,1333,,
PI3KAUC,7,9,fixed_fusion,0.6255781330960285,0.7809318848141247,0.5658882014250994,1333,,
PI3KAUC,7,9,adaptive_fusion,0.635558449745053,0.7714853802141497,0.5614909284976798,1333,0.2,0.5602540804905529
PI3KAUC,7,10,imputer_only,0.5592188262535084,0.8168417659028043,0.5760994841025364,1333,,
PI3KAUC,7,10,ridge_only,0.5717654100167535,0.7941871532493702,0.5613340168114715,1333,,
PI3KAUC,7,10,fixed_fusion,0.5734262138133022,0.795804705695885,0.5599438834331779,1333,,
PI3KAUC,7,10,adaptive_fusion,0.5745478310364336,0.7924642467555437,0.5591782374045164,1333,0.2,0.5730711035064644
PI3KAUC,8,1,imputer_only,0.5624417496406835,0.8227479772087671,0.5746612270513474,1334,,
PI3KAUC,8,1,ridge_only,0.5824887106945925,0.7966026535038611,0.5600196582040396,1334,,
PI3KAUC,8,1,fixed_fusion,0.5827995999995955,0.7977465074098579,0.5585993955559705,1334,,
PI3KAUC,8,1,adaptive_fusion,0.5853620487888851,0.794142521166476,0.557141043057992,1334,0.2,0.5893795944365379
PI3KAUC,8,2,imputer_only,0.5882139274713776,0.7829975744238965,0.5703995609046936,1333,,
PI3KAUC,8,2,ridge_only,0.6099062565871958,0.7516730208964203,0.5531152045504657,1333,,
PI3KAUC,8,2,fixed_fusion,0.6118852828137562,0.7522822668649694,0.5510158642558668,1333,,
PI3KAUC,8,2,adaptive_fusion,0.6142228880338776,0.7482178861252408,0.5498008107030311,1333,0.2,0.5727029198352123
PI3KAUC,8,3,imputer_only,0.6154821947340825,0.8116372854785672,0.5724134107479449,1333,,
PI3KAUC,8,3,ridge_only,0.6154485473395294,0.8086571772366352,0.5630469073252214,1333,,
PI3KAUC,8,3,fixed_fusion,0.6255886683438218,0.800469414197945,0.5590881246382431,1333,,
PI3KAUC,8,3,adaptive_fusion,0.62213485455177,0.8030659370937342,0.55980254147294,1333,0.2,0.5769587487199892
PI3KAUC,8,4,imputer_only,0.6044738678308504,0.7941962322641996,0.5572074206438485,1333,,
PI3KAUC,8,4,ridge_only,0.6249143047750021,0.7674778874933315,0.5364225937379707,1333,,
PI3KAUC,8,4,fixed_fusion,0.626717463415587,0.7675710076500829,0.5355474171429792,1333,,
PI3KAUC,8,4,adaptive_fusion,0.6289918118596823,0.7642687699423795,0.5334479645111754,1333,0.2,0.5755007037472041
PI3KAUC,8,5,imputer_only,0.5468609043006883,0.8546631495117357,0.6009775476472728,1333,,
PI3KAUC,8,5,ridge_only,0.5628391525938199,0.8272131156243574,0.5851417489258841,1333,,
PI3KAUC,8,5,fixed_fusion,0.566347867745362,0.8270078398915085,0.5818523932719081,1333,,
PI3KAUC,8,5,adaptive_fusion,0.5673666343995766,0.8237257481379786,0.5812901988336803,1333,0.2,0.5823882671232267
PI3KAUC,8,6,imputer_only,0.5763487133016244,0.8412738940219266,0.5843441732562201,1333,,
PI3KAUC,8,6,ridge_only,0.587229439502886,0.8225568136058073,0.5556632185666871,1333,,
PI3KAUC,8,6,fixed_fusion,0.5915030898880768,0.8209262359201667,0.560616406034694,1333,,
PI3KAUC,8,6,adaptive_fusion,0.5915445311629706,0.8192359757221356,0.554928066604011,1333,0.2,0.5640968336906826
PI3KAUC,8,7,imputer_only,0.6053519559051694,0.8338899692352462,0.5684380095138718,1333,,
PI3KAUC,8,7,ridge_only,0.6169235906072111,0.8172620156829316,0.5603436726606217,1333,,
PI3KAUC,8,7,fixed_fusion,0.6201188912491574,0.8157457423377993,0.5564394746786535,1333,,
PI3KAUC,8,7,adaptive_fusion,0.6206286659093886,0.814271377739249,0.5569200200049328,1333,0.2,0.5728244120566461
PI3KAUC,8,8,imputer_only,0.6375416277025859,0.7723489759936399,0.5596521696247756,1333,,
PI3KAUC,8,8,ridge_only,0.6388156529307635,0.7670124384983992,0.5557229282970321,1333,,
PI3KAUC,8,8,fixed_fusion,0.6492025595732894,0.7580245064035438,0.5491295802899614,1333,,
PI3KAUC,8,8,adaptive_fusion,0.6457742541142611,0.7606246518548468,0.5509363161796891,1333,0.2,0.5526339417053864
PI3KAUC,8,9,imputer_only,0.6164179468944195,0.8416226435196897,0.5840690819679676,1333,,
PI3KAUC,8,9,ridge_only,0.6176848846932738,0.8386605026537667,0.5725423138089469,1333,,
PI3KAUC,8,9,fixed_fusion,0.627567445251224,0.8303080262274473,0.5670625971089098,1333,,
PI3KAUC,8,9,adaptive_fusion,0.6242985478834626,0.832966120042286,0.5668246056334327,1333,0.2,0.5756825919823558
PI3KAUC,8,10,imputer_only,0.6395399127821083,0.7703777975279671,0.5633293142397783,1333,,
PI3KAUC,8,10,ridge_only,0.6442971526774485,0.7604563284688505,0.5615774695265612,1333,,
PI3KAUC,8,10,fixed_fusion,0.6515348975008031,0.7547270510553098,0.5545516100031783,1333,,
PI3KAUC,8,10,adaptive_fusion,0.6496766308576943,0.7555894888199781,0.5571927049613825,1333,0.2,0.5621246270757235
PI3KAUC,9,1,imputer_only,0.6097101414408452,0.810984385356708,0.5674172232470843,1334,,
PI3KAUC,9,1,ridge_only,0.5978093431277304,0.8189712197376108,0.5639939560281598,1334,,
PI3KAUC,9,1,fixed_fusion,0.6132289647959199,0.8060896804516865,0.5584578608467964,1334,,
PI3KAUC,9,1,adaptive_fusion,0.6062968688752528,0.8117134585714706,0.5599981002719735,1334,0.2,0.5532370404707851
PI3KAUC,9,2,imputer_only,0.5936131778605841,0.8317319495150428,0.5878256633666408,1333,,
PI3KAUC,9,2,ridge_only,0.5952649642311723,0.8265422377594289,0.5774793684944044,1333,,
PI3KAUC,9,2,fixed_fusion,0.6069867381064848,0.8170732912361323,0.5720728349252565,1333,,
PI3KAUC,9,2,adaptive_fusion,0.6032024080291752,0.8198651333235978,0.5732123255602168,1333,0.2,0.568779621841691
PI3KAUC,9,3,imputer_only,0.6093632755544566,0.7778723167714711,0.5703141547304957,1333,,
PI3KAUC,9,3,ridge_only,0.6224306517490584,0.7584916713767513,0.551141428037049,1333,,
PI3KAUC,9,3,fixed_fusion,0.6267323505834261,0.7563237483555576,0.5496471343809357,1333,,
PI3KAUC,9,3,adaptive_fusion,0.6270675291707042,0.7547415240179157,0.5477721102110564,1333,0.2,0.5643176826231506
PI3KAUC,9,4,imputer_only,0.588604953194225,0.8099971052613907,0.5713508338123365,1333,,
PI3KAUC,9,4,ridge_only,0.6010202519129696,0.7878455931260467,0.555885262473728,1333,,
PI3KAUC,9,4,fixed_fusion,0.6048886420838301,0.7872089583889542,0.5538588745292626,1333,,
PI3KAUC,9,4,adaptive_fusion,0.6053330974628612,0.7847366263501857,0.5526740998938848,1333,0.2,0.5627700297379465
PI3KAUC,9,5,imputer_only,0.6114970261499798,0.8406464299111682,0.5867299074396164,1333,,
PI3KAUC,9,5,ridge_only,0.6429115748496378,0.8069672110643371,0.5636850446792752,1333,,
PI3KAUC,9,5,fixed_fusion,0.636613379708961,0.813407713559265,0.5663353933647781,1333,,
PI3KAUC,9,5,adaptive_fusion,0.6429666398368462,0.8069797395326845,0.5620577849074988,1333,0.2,0.5611014900379322
PI3KAUC,9,6,imputer_only,0.6087188765860229,0.8257932854841064,0.5783957212401655,1333,,
PI3KAUC,9,6,ridge_only,0.616290649169788,0.8105823287332712,0.5741829223081432,1333,,
PI3KAUC,9,6,fixed_fusion,0.6231804004465608,0.8057505800020134,0.5665556866538851,1333,,
PI3KAUC,9,6,adaptive_fusion,0.6218624212965569,0.8056417344667456,0.5688919967473768,1333,0.2,0.5605266719900814
PI3KAUC,9,7,imputer_only,0.5781795497942601,0.7901238170447942,0.5681045425852183,1333,,
PI3KAUC,9,7,ridge_only,0.5958945437339119,0.7711162394493688,0.5550517376794496,1333,,
PI3KAUC,9,7,fixed_fusion,0.5970387357646766,0.7705973134102201,0.5524052197885453,1333,,
PI3KAUC,9,7,adaptive_fusion,0.5989380500181605,0.7684706809055815,0.5514734152020428,1333,0.2,0.5781147189315827
PI3KAUC,9,8,imputer_only,0.5936595228995752,0.8125300344603883,0.5703636674936693,1333,,
PI3KAUC,9,8,ridge_only,0.6299714684468911,0.7630724192981557,0.5432116762490067,1333,,
PI3KAUC,9,8,fixed_fusion,0.6230370155766674,0.7729401198310378,0.5438922288076881,1333,,
PI3KAUC,9,8,adaptive_fusion,0.6304419963781499,0.7633013029663382,0.5403395265208757,1333,0.2,0.5731543301367494
PI3KAUC,9,9,imputer_only,0.6334339290877306,0.7843662561036866,0.5683674440580415,1333,,
PI3KAUC,9,9,ridge_only,0.6297124627661881,0.7800550183976945,0.565070181169391,1333,,
PI3KAUC,9,9,fixed_fusion,0.6423097765117549,0.7699879225847255,0.556611554495547,1333,,
PI3KAUC,9,9,adaptive_fusion,0.6375601180029851,0.7731039040398875,0.5586570792910343,1333,0.2,0.575617243771377
PI3KAUC,9,10,imputer_only,0.595376691349612,0.8113531536465791,0.5468836803483901,1333,,
PI3KAUC,9,10,ridge_only,0.5994945997698435,0.8037765557300182,0.5393737843260169,1333,,
PI3KAUC,9,10,fixed_fusion,0.6075827687260789,0.7977314247060258,0.534459670774348,1333,,
PI3KAUC,9,10,adaptive_fusion,0.6053550993650205,0.7989945175228245,0.5358472069640157,1333,0.2,0.5800497002703464
PI3KIC50,0,1,imputer_only,0.5719850953774748,0.8258468954356034,0.5869568246809534,1393,,
PI3KIC50,0,1,ridge_only,0.5813986647088313,0.8067238490799156,0.5606623152561743,1393,,
PI3KIC50,0,1,fixed_fusion,0.5893728048053172,0.8027301984123164,0.5629352473891865,1393,,
PI3KIC50,0,1,adaptive_fusion,0.5881282313918992,0.8018374749285933,0.5576208841479298,1393,0.2,0.5729333137724654
PI3KIC50,0,2,imputer_only,0.593315192119018,0.8384569976035907,0.5934758564060415,1393,,
PI3KIC50,0,2,ridge_only,0.5954314927049846,0.8303301885257892,0.5908816340686542,1393,,
PI3KIC50,0,2,fixed_fusion,0.6043618186511137,0.8242176691704983,0.582915949428911,1393,,
PI3KIC50,0,2,adaptive_fusion,0.6017355684253651,0.8254381759850883,0.586157972899883,1393,0.2,0.5601221227499928
PI3KIC50,0,3,imputer_only,0.6082848366899318,0.844912463828294,0.5996889463050437,1393,,
PI3KIC50,0,3,ridge_only,0.6258944821376762,0.8208753923812275,0.5820344048757697,1393,,
PI3KIC50,0,3,fixed_fusion,0.6286794615346964,0.8196938434257027,0.5810959317210866,1393,,
PI3KIC50,0,3,adaptive_fusion,0.6301923346063059,0.8171847684218536,0.5792304756061994,1393,0.2,0.5562013894761206
PI3KIC50,0,4,imputer_only,0.6078627946156421,0.8090146234160526,0.5668132005883769,1393,,
PI3KIC50,0,4,ridge_only,0.6004389253088329,0.8097635863043491,0.5633787119479045,1393,,
PI3KIC50,0,4,fixed_fusion,0.6137252349718415,0.7996960209849985,0.5561339715293201,1393,,
PI3KIC50,0,4,adaptive_fusion,0.6082571001787418,0.8034254288042852,0.5584969688472408,1393,0.2,0.5774452237216303
PI3KIC50,0,5,imputer_only,0.604428986706274,0.7723039095414009,0.55809394590282,1393,,
PI3KIC50,0,5,ridge_only,0.622017382568882,0.7504216122299315,0.545390714055413,1393,,
PI3KIC50,0,5,fixed_fusion,0.6225546881270191,0.7504911528452816,0.5436659015978623,1393,,
PI3KIC50,0,5,adaptive_fusion,0.6247194719064336,0.7478113282140952,0.5424450159694064,1393,0.3,0.5657051643422982
PI3KIC50,0,6,imputer_only,0.5640389034025219,0.8593692973011218,0.5927834635213846,1393,,
PI3KIC50,0,6,ridge_only,0.5822540355254984,0.8377404265203532,0.5796820798138161,1393,,
PI3KIC50,0,6,fixed_fusion,0.5846052568861861,0.8365241619572811,0.5757803103574154,1393,,
PI3KIC50,0,6,adaptive_fusion,0.5862177911452868,0.8343266591016882,0.575127187790299,1393,0.2,0.5759572059309784
PI3KIC50,0,7,imputer_only,0.5993841764252942,0.788911262494882,0.5655912739630556,1393,,
PI3KIC50,0,7,ridge_only,0.6153925399684037,0.7683033798345746,0.5445300812966057,1393,,
PI3KIC50,0,7,fixed_fusion,0.6166080376593771,0.768050108658394,0.5445228141544645,1393,,
PI3KIC50,0,7,adaptive_fusion,0.6182551497314872,0.7656305549158833,0.5420894225021692,1393,0.2,0.5676621511515427
PI3KIC50,0,8,imputer_only,0.6377262200376004,0.7631588289417776,0.552515558496515,1392,,
PI3KIC50,0,8,ridge_only,0.6547945958892004,0.7429249561317911,0.5386147219117332,1392,,
PI3KIC50,0,8,fixed_fusion,0.659290147554243,0.7394003687401239,0.5351877785985286,1392,,
PI3KIC50,0,8,adaptive_fusion,0.6600601347041412,0.7381984056463875,0.5350780121429459,1392,0.2,0.5673133476142762
PI3KIC50,0,9,imputer_only,0.5966513463768459,0.8122431879218989,0.5826878834847995,1392,,
PI3KIC50,0,9,ridge_only,0.6214114155719649,0.7794711829251455,0.5624756212919969,1392,,
PI3KIC50,0,9,fixed_fusion,0.6178604404984106,0.7851535347023416,0.5643503457799904,1392,,
PI3KIC50,0,9,adaptive_fusion,0.6224587894546036,0.7791057457575354,0.5616270587049477,1392,0.2,0.5546501517362525
PI3KIC50,0,10,imputer_only,0.6408344699346975,0.7801343722908809,0.5537354814534892,1392,,
PI3KIC50,0,10,ridge_only,0.6360897330288194,0.7820024935326437,0.545492027214942,1392,,
PI3KIC50,0,10,fixed_fusion,0.6495289524597727,0.7692980081813905,0.5396879386441061,1392,,
PI3KIC50,0,10,adaptive_fusion,0.6441855184923644,0.7741218695405909,0.5405281160145796,1392,0.2,0.5607763344973673
PI3KIC50,1,1,imputer_only,0.5707107050579948,0.8387630009936171,0.5846030937189508,1393,,
PI3KIC50,1,1,ridge_only,0.5975038777496459,0.8042355176350784,0.5594291194868244,1393,,
PI3KIC50,1,1,fixed_fusion,0.5947760524463881,0.8091113745941124,0.564049461716084,1393,,
PI3KIC50,1,1,adaptive_fusion,0.5994744671752639,0.8031325329250613,0.559024888270552,1393,0.2,0.5684034798162042
PI3KIC50,1,2,imputer_only,0.5242461148953473,0.9150635743876364,0.6174031096838274,1393,,
PI3KIC50,1,2,ridge_only,0.5429786192084787,0.8936960582262012,0.5923917306972282,1393,,
PI3KIC50,1,2,fixed_fusion,0.5448417061678831,0.8932073805984223,0.5946710293095747,1393,,
PI3KIC50,1,2,adaptive_fusion,0.5467635032448509,0.8907838905463036,0.5910702255671582,1393,0.2,0.5805533765971527
PI3KIC50,1,3,imputer_only,0.6475676435347286,0.78877687194328,0.5702616415164224,1393,,
PI3KIC50,1,3,ridge_only,0.6709813921192731,0.7598436365487972,0.5546721347238452,1393,,
PI3KIC50,1,3,fixed_fusion,0.674131238722215,0.7573359294334819,0.5519398584411488,1393,,
PI3KIC50,1,3,adaptive_fusion,0.6764902174274404,0.7546857537447059,0.5514877988140039,1393,0.2,0.5618782419072922
PI3KIC50,1,4,imputer_only,0.6568044792066512,0.7632082988535782,0.5577356197294215,1393,,
PI3KIC50,1,4,ridge_only,0.6531180631265229,0.7620784004748049,0.5503296341425723,1393,,
PI3KIC50,1,4,fixed_fusion,0.6659289290898206,0.7509905609322158,0.5444917413652036,1393,,
PI3KIC50,1,4,adaptive_fusion,0.6611467081334712,0.7548639693037716,0.5455789920825396,1393,0.2,0.5484226732425332
PI3KIC50,1,5,imputer_only,0.6024281008676726,0.7943266483784883,0.5761305197387431,1393,,
PI3KIC50,1,5,ridge_only,0.6182026141149091,0.7731579048469922,0.5575261949203849,1393,,
PI3KIC50,1,5,fixed_fusion,0.6207478058323703,0.7722116340831473,0.5572847932194709,1393,,
PI3KIC50,1,5,adaptive_fusion,0.6219869147728612,0.7699710713280284,0.5552069501423498,1393,0.2,0.5672623115583104
PI3KIC50,1,6,imputer_only,0.6518756078058461,0.7893852015616021,0.564435298861652,1393,,
PI3KIC50,1,6,ridge_only,0.6613766434824919,0.7755461411890943,0.552026459307477,1393,,
PI3KIC50,1,6,fixed_fusion,0.6676373605919709,0.7702492815308349,0.5469688163274417,1393,,
PI3KIC50,1,6,adaptive_fusion,0.6667898373283898,0.7704756483205685,0.5467654298013281,1393,0.2,0.553511620855749
PI3KIC50,1,7,imputer_only,0.568654012584447,0.850581072077301,0.6154521031816694,1393,,
PI3KIC50,1,7,ridge_only,0.6243926819647132,0.7831146422777047,0.5714775192144864,1393,,
PI3KIC50,1,7,fixed_fusion,0.6067108531803447,0.8029000352619486,0.5820633483333294,1393,,
PI3KIC50,1,7,adaptive_fusion,0.6166888079877358,0.791455194968103,0.5749063592883871,1393,0.3,0.5672798332301572
PI3KIC50,1,8,imputer_only,0.6104288947936197,0.7965775292804215,0.5616489305663065,1392,,
PI3KIC50,1,8,ridge_only,0.6153918980678436,0.7870424123987124,0.5546162002484097,1392,,
PI3KIC50,1,8,fixed_fusion,0.6230327934989682,0.7814778901100374,0.5510951577932989,1392,,
PI3KIC50,1,8,adaptive_fusion,0.6187159550884123,0.7842739654194117,0.5526062433168643,1392,0.1,0.5649251188500097
PI3KIC50,1,9,imputer_only,0.5702005646092091,0.8151559476576051,0.5777357257070487,1392,,
PI3KIC50,1,9,ridge_only,0.5699094621731556,0.8034325442251468,0.5687166070976213,1392,,
PI3KIC50,1,9,fixed_fusion,0.5812796270960324,0.7970379052350316,0.56198947410604,1392,,
PI3KIC50,1,9,adaptive_fusion,0.5774939116319308,0.7979202825885694,0.5633166733852035,1392,0.2,0.5735122314275034
PI3KIC50,1,10,imputer_only,0.5832364058996957,0.7844325702887636,0.5827507955527627,1392,,
PI3KIC50,1,10,ridge_only,0.6189753884187531,0.7451290816454236,0.5549033757500904,1392,,
PI3KIC50,1,10,fixed_fusion,0.612034975971465,0.7522762506762183,0.5592025331619274,1392,,
PI3KIC50,1,10,adaptive_fusion,0.617738384684463,0.7463197379381656,0.5553232826325633,1392,0.3,0.5600989008826256
PI3KIC50,2,1,imputer_only,0.5916315940845843,0.8449142623196657,0.5818631530058666,1393,,
PI3KIC50,2,1,ridge_only,0.6036963584430732,0.8287019750910205,0.5727140108218933,1393,,
PI3KIC50,2,1,fixed_fusion,0.6086349445151702,0.8252748056326408,0.5662713736103725,1393,,
PI3KIC50,2,1,adaptive_fusion,0.6086486324238789,0.8245381579777211,0.5675629892615054,1393,0.2,0.5780520502085228
PI3KIC50,2,2,imputer_only,0.6175654162386681,0.7462300437830284,0.5547024188167098,1393,,
PI3KIC50,2,2,ridge_only,0.6401383842717572,0.7220244281889523,0.5457869557219531,1393,,
PI3KIC50,2,2,fixed_fusion,0.6391456901304932,0.7233858458073863,0.5411025960603763,1393,,
PI3KIC50,2,2,adaptive_fusion,0.6424287997596718,0.7199401869158066,0.541862810805456,1393,0.2,0.5629214731799991
PI3KIC50,2,3,imputer_only,0.6109198272054867,0.7878457350658856,0.5512268688643471,1393,,
PI3KIC50,2,3,ridge_only,0.6215695358366836,0.771655964756313,0.5371462274418408,1393,,
PI3KIC50,2,3,fixed_fusion,0.6279886378194918,0.7673244081212918,0.5336785753315153,1393,,
PI3KIC50,2,3,adaptive_fusion,0.62729797719252,0.7669138251192488,0.5329543488121983,1393,0.2,0.5713472023612338
PI3KIC50,2,4,imputer_only,0.6436748071237524,0.736609313553349,0.5480711224547999,1393,,
PI3KIC50,2,4,ridge_only,0.6263806892960069,0.740357581962912,0.5432741701500895,1393,,
PI3KIC50,2,4,fixed_fusion,0.6473642474767637,0.72442566354052,0.5344968369726292,1393,,
PI3KIC50,2,4,adaptive_fusion,0.6380509273283597,0.7306559532276653,0.5369096820855533,1393,0.2,0.5654209241230148
PI3KIC50,2,5,imputer_only,0.5965791589950538,0.8359238390570118,0.5896886755331432,1393,,
PI3KIC50,2,5,ridge_only,0.6046656285038443,0.8235746869158377,0.5690296142633687,1393,,
PI3KIC50,2,5,fixed_fusion,0.6121265761138991,0.8182407044337308,0.56920284542965,1393,,
PI3KIC50,2,5,adaptive_fusion,0.6107604683910921,0.8186643495585132,0.5657432494562391,1393,0.2,0.5714322360325126
PI3KIC50,2,6,imputer_only,0.5942702711423725,0.8083889704494581,0.5773637854805125,1393,,
PI3KIC50,2,6,ridge_only,0.6016932568313301,0.7963330881894577,0.5604776550564138,1393,,
PI3KIC50,2,6,fixed_fusion,0.6095631140867623,0.790880574940419,0.5606980481988059,1393,,
PI3KIC50,2,6,adaptive_fusion,0.6079412447511826,0.7913823802926023,0.5583486956152186,1393,0.2,0.5676886203883245
PI3KIC50,2,7,imputer_only,0.5746450163890545,0.8584518955644594,0.6102926048557311,1393,,
PI3KIC50,2,7,ridge_only,0.5958271449616431,0.8285412744678736,0.5778986593439797,1393,,
PI3KIC50,2,7,fixed_fusion,0.5961936944787956,0.8307468048338974,0.5835406319874226,1393,,
PI3KIC50,2,7,adaptive_fusion,0.5991107038849073,0.8262975940365275,0.577212569142768,1393,0.2,0.5576025093598361
PI3KIC50,2,8,imputer_only,0.5651540164503591,0.8239190505215984,0.5945422829130642,1392,,
PI3KIC50,2,8,ridge_only,0.5783125433058309,0.8026286651586396,0.5817508122444002,1392,,
PI3KIC50,2,8,fixed_fusion,0.5826360894945026,0.8013838965143019,0.5772608818024518,1392,,
PI3KIC50,2,8,adaptive_fusion,0.5830571672417368,0.7992367347406673,0.5771479127564315,1392,0.2,0.5753538431689396
PI3KIC50,2,9,imputer_only,0.6135867565604884,0.8279820149426594,0.5940632015814933,1392,,
PI3KIC50,2,9,ridge_only,0.6225221385309258,0.8104190878034397,0.5728508690581189,1392,,
PI3KIC50,2,9,fixed_fusion,0.6280793998947775,0.8069404042284201,0.5736677400828353,1392,,
PI3KIC50,2,9,adaptive_fusion,0.6273907090070077,0.80605537259805,0.5706214673207315,1392,0.2,0.549847476088638
PI3KIC50,2,10,imputer_only,0.5796238180244364,0.8559881898515224,0.5970668762227266,1392,,
PI3KIC50,2,10,ridge_only,0.6199192856214029,0.8118725161849213,0.5650672647694466,1392,,
PI3KIC50,2,10,fixed_fusion,0.6114584572243326,0.8206524842803521,0.5717077585077173,1392,,
PI3KIC50,2,10,adaptive_fusion,0.6199445263986605,0.812084344411935,0.56503232015745,1392,0.2,0.5687727212751346
PI3KIC50,3,1,imputer_only,0.6335731586368584,0.8335480825963306,0.5664783630122973,1393,,
PI3KIC50,3,1,ridge_only,0.6334132605437255,0.8314545473160143,0.5599609727269922,1393,,
PI3KIC50,3,1,fixed_fusion,0.6432417442294771,0.8227436416591051,0.5531375947437127,1393,,
PI3KIC50,3,1,adaptive_fusion,0.639986390309279,0.8256368765904413,0.5555433283559309,1393,0.2,0.555374446320258
PI3KIC50,3,2,imputer_only,0.615494726549182,0.7791720613221994,0.5633510139641363,1393,,
PI3KIC50,3,2,ridge_only,0.6288272798784668,0.7603954624228173,0.5486876963683494,1393,,
PI3KIC50,3,2,fixed_fusion,0.6368587375353181,0.7543453752959424,0.5418988280476593,1393,,
PI3KIC50,3,2,adaptive_fusion,0.6360142937628744,0.7542328272974717,0.543269101846909,1393,0.2,0.5674319396621447
PI3KIC50,3,3,imputer_only,0.5734371781401499,0.7896552622056736,0.5663010385454177,1393,,
PI3KIC50,3,3,ridge_only,0.6053358608232597,0.7481766508385694,0.5347100603255586,1393,,
PI3KIC50,3,3,fixed_fusion,0.600061001866643,0.7561019173439453,0.5389899884744158,1393,,
PI3KIC50,3,3,adaptive_fusion,0.6063151239934927,0.7481602793418061,0.5335147211484366,1393,0.2,0.5780905059508828
PI3KIC50,3,4,imputer_only,0.6009892292351037,0.7989772476284116,0.571055191544126,1393,,
PI3KIC50,3,4,ridge_only,0.6090234485051854,0.7892128246878033,0.5537240133851122,1393,,
PI3KIC50,3,4,fixed_fusion,0.6140091124646622,0.7855537408980586,0.5560701084191184,1393,,
PI3KIC50,3,4,adaptive_fusion,0.613349081963274,0.7856895965377826,0.5529748123717124,1393,0.2,0.5690359554720125
PI3KIC50,3,5,imputer_only,0.5844017480663353,0.8232044669792618,0.5842372978665695,1393,,
PI3KIC50,3,5,ridge_only,0.5956626570338178,0.806287590240985,0.5729761172691017,1393,,
PI3KIC50,3,5,fixed_fusion,0.6012865750144197,0.8025624406830741,0.5693813262084071,1393,,
PI3KIC50,3,5,adaptive_fusion,0.6008778454937599,0.8018454465996134,0.5692648305210637,1393,0.2,0.574225000184837
PI3KIC50,3,6,imputer_only,0.5711708989243278,0.8642754360845971,0.6116255608941622,1393,,
PI3KIC50,3,6,ridge_only,0.5727442476152286,0.8580866218524872,0.6069320761687651,1393,,
PI3KIC50,3,6,fixed_fusion,0.5817148829163715,0.8511406729773098,0.601200655463634,1393,,
PI3KIC50,3,6,adaptive_fusion,0.5788111080610617,0.8528981876054874,0.6028226711304657,1393,0.2,0.5686463805310167
PI3KIC50,3,7,imputer_only,0.6016892482286224,0.8488023708682386,0.582560478768765,1393,,
PI3KIC50,3,7,ridge_only,0.6082763607511658,0.8351475904312796,0.5751644897752953,1393,,
PI3KIC50,3,7,fixed_fusion,0.6168636346777716,0.8290523294912591,0.5704885932826403,1393,,
PI3KIC50,3,7,adaptive_fusion,0.6148831528156208,0.8295904009475394,0.5714847980884381,1393,0.2,0.5458789310693032
PI3KIC50,3,8,imputer_only,0.6093769902549151,0.7933163419386345,0.5525520312069279,1392,,
PI3KIC50,3,8,ridge_only,0.6222385106515003,0.7734716984712926,0.5422269774998282,1392,,
PI3KIC50,3,8,fixed_fusion,0.6264967073566946,0.7715695271889722,0.5381003562611897,1392,,
PI3KIC50,3,8,adaptive_fusion,0.6268425436519709,0.7698353526654105,0.5376241511281248,1392,0.2,0.5640437141176056
PI3KIC50,3,9,imputer_only,0.5675399581076368,0.8118187679921081,0.5885386467492643,1392,,
PI3KIC50,3,9,ridge_only,0.5827254657096537,0.7880571368860807,0.5777711712534642,1392,,
PI3KIC50,3,9,fixed_fusion,0.5863049519882665,0.7876896125130451,0.5743775668413674,1392,,
PI3KIC50,3,9,adaptive_fusion,0.5855113508484224,0.7859925647715802,0.5757936380718114,1392,0.1,0.5704215109598627
PI3KIC50,3,10,imputer_only,0.5880475637130133,0.8076302878926119,0.5872673623863642,1392,,
PI3KIC50,3,10,ridge_only,0.6119247154045093,0.7759479148810128,0.5689849399017497,1392,,
PI3KIC50,3,10,fixed_fusion,0.6108774726245867,0.7791720272272145,0.5678881752668029,1392,,
PI3KIC50,3,10,adaptive_fusion,0.6145358252838433,0.7741340137021526,0.5659904476046433,1392,0.2,0.5649542421837234
PI3KIC50,4,1,imputer_only,0.5735347730232058,0.8637908976626728,0.5996755927454979,1393,,
PI3KIC50,4,1,ridge_only,0.5969581673061782,0.8310381994555578,0.5740027219564029,1393,,
PI3KIC50,4,1,fixed_fusion,0.5955407175510281,0.8351352407250253,0.575842645456289,1393,,
PI3KIC50,4,1,adaptive_fusion,0.5993639943031214,0.829657850103227,0.5714500501680195,1393,0.2,0.5793526446139511
PI3KIC50,4,2,imputer_only,0.6042654284856337,0.7794200758330556,0.5747177903766076,1393,,
PI3KIC50,4,2,ridge_only,0.6159474709263808,0.7655594748229025,0.5576178159841189,1393,,
PI3KIC50,4,2,fixed_fusion,0.6214166076962337,0.7602466120362876,0.5558895169670727,1393,,
PI3KIC50,4,2,adaptive_fusion,0.6209795574525199,0.7604758365894804,0.5542486819580039,1393,0.2,0.5548239681749427
PI3KIC50,4,3,imputer_only,0.6422331777000136,0.7503066453460772,0.5488020138878477,1393,,
PI3KIC50,4,3,ridge_only,0.6435266315374613,0.7455423709666378,0.5421670931533072,1393,,
PI3KIC50,4,3,fixed_fusion,0.6538497656998707,0.7364022845983094,0.536349430632263,1393,,
PI3KIC50,4,3,adaptive_fusion,0.6504147532136467,0.7391274360667568,0.5371745980920271,1393,0.2,0.5703920778314935
PI3KIC50,4,4,imputer_only,0.556102463141219,0.8499197288197001,0.594735151628963,1393,,
PI3KIC50,4,4,ridge_only,0.5861631543883237,0.8046931894293223,0.5707585699289666,1393,,
PI3KIC50,4,4,fixed_fusion,0.5829166341776367,0.8122253382096231,0.5719907039782127,1393,,
PI3KIC50,4,4,adaptive_fusion,0.5883550882016729,0.8039562921899873,0.5688527270137651,1393,0.2,0.5656144496593595
PI3KIC50,4,5,imputer_only,0.5913678805383826,0.8179248195633532,0.5743389914618495,1393,,
PI3KIC50,4,5,ridge_only,0.5873795761288322,0.818402932176076,0.5696189315278503,1393,,
PI3KIC50,4,5,fixed_fusion,0.5989778365268764,0.8091900359261096,0.5642563510917736,1393,,
PI3KIC50,4,5,adaptive_fusion,0.5913010530342164,0.8151366755449548,0.5672136478482315,1393,0.1,0.5640428158899501
PI3KIC50,4,6,imputer_only,0.554824666380738,0.8522217472713085,0.5845042999249823,1393,,
PI3KIC50,4,6,ridge_only,0.5795225623755467,0.8138684277987462,0.5623548738820557,1393,,
PI3KIC50,4,6,fixed_fusion,0.5782125969859283,0.8192682904805324,0.5631235405090362,1393,,
PI3KIC50,4,6,adaptive_fusion,0.5822201011641328,0.8126240123240178,0.560428497180435,1393,0.2,0.5687960386514126
PI3KIC50,4,7,imputer_only,0.5962956927529555,0.8499065552711305,0.5882424345658409,1393,,
PI3KIC50,4,7,ridge_only,0.6226234890208748,0.8145143593941971,0.5538602402664442,1393,,
PI3KIC50,4,7,fixed_fusion,0.6190007210923086,0.8203946854925797,0.5630752239271372,1393,,
PI3KIC50,4,7,adaptive_fusion,0.6238766227966085,0.8139518253168337,0.5546468947200458,1393,0.2,0.5570571055048295
PI3KIC50,4,8,imputer_only,0.6127238342798706,0.7673497187007635,0.5632031712349539,1392,,
PI3KIC50,4,8,ridge_only,0.620072134247308,0.7538311870556749,0.5550615805180826,1392,,
PI3KIC50,4,8,fixed_fusion,0.6275176152455356,0.7488970226501984,0.54959530096843,1392,,
PI3KIC50,4,8,adaptive_fusion,0.626034579397728,0.749031608734404,0.5506704253184371,1392,0.2,0.5754743538788814
PI3KIC50,4,9,imputer_only,0.6515790779406099,0.8088069890162497,0.5715410887361585,1392,,
PI3KIC50,4,9,ridge_only,0.6642486445126822,0.7962467946495526,0.5594016009239379,1392,,
PI3KIC50,4,9,fixed_fusion,0.6687587712462493,0.7916572516246437,0.5558828818135623,1392,,
PI3KIC50,4,9,adaptive_fusion,0.6698471433533563,0.7908653943375863,0.5547164878579334,1392,0.3,0.5599390906054832
PI3KIC50,4,10,imputer_only,0.6145613789212782,0.7880705731893293,0.5716132599087757,1392,,
PI3KIC50,4,10,ridge_only,0.6229135636034285,0.7787444040580064,0.5657791213717277,1392,,
PI3KIC50,4,10,fixed_fusion,0.6291246020497177,0.7726182660133627,0.5590147855422736,1392,,
PI3KIC50,4,10,adaptive_fusion,0.6258438944070985,0.7757915086815548,0.5628711166135527,1392,0.1,0.5507829783316602
PI3KIC50,5,1,imputer_only,0.5650672281420136,0.8193619280181453,0.5987509273815624,1393,,
PI3KIC50,5,1,ridge_only,0.5857858100139579,0.7888355643779389,0.5804313731591076,1393,,
PI3KIC50,5,1,fixed_fusion,0.5879513749001797,0.7898934769455342,0.5791533459476025,1393,,
PI3KIC50,5,1,adaptive_fusion,0.5902021032495027,0.7857730968971641,0.5770832764359869,1393,0.2,0.5786802994950999
PI3KIC50,5,2,imputer_only,0.5695499272577943,0.7546876209224915,0.5496435527043924,1393,,
PI3KIC50,5,2,ridge_only,0.5740656437729404,0.7415186441018836,0.550500204506594,1393,,
PI3KIC50,5,2,fixed_fusion,0.5836930824140909,0.7357941577729566,0.5414530346458233,1393,,
PI3KIC50,5,2,adaptive_fusion,0.5810605113407016,0.7362561324405731,0.5448002095835672,1393,0.2,0.5803846297270431
PI3KIC50,5,3,imputer_only,0.5855616316385286,0.8665974812967359,0.5968416814924397,1393,,
PI3KIC50,5,3,ridge_only,0.6017024613541909,0.8502707985658581,0.5822952188441863,1393,,
PI3KIC50,5,3,fixed_fusion,0.6041169920334992,0.8483617516320452,0.5809179671202407,1393,,
PI3KIC50,5,3,adaptive_fusion,0.6058456965323434,0.8466834189764066,0.5790071329134096,1393,0.3,0.5729976608384083
PI3KIC50,5,4,imputer_only,0.5754960513819761,0.849841187685075,0.5878296741244943,1393,,
PI3KIC50,5,4,ridge_only,0.5690118410199632,0.8482030424940579,0.5824497745066106,1393,,
PI3KIC50,5,4,fixed_fusion,0.5813266901449372,0.8392918736622252,0.5752695840038585,1393,,
PI3KIC50,5,4,adaptive_fusion,0.5762677598093933,0.842312636458227,0.5774602937798208,1393,0.2,0.5705501981855406
PI3KIC50,5,5,imputer_only,0.5947557479424622,0.878569102216825,0.6130238470088805,1393,,
PI3KIC50,5,5,ridge_only,0.6115014588096008,0.8505521893598775,0.5851549724355852,1393,,
PI3KIC50,5,5,fixed_fusion,0.6162720182981279,0.8485517912173636,0.5863069899888573,1393,,
PI3KIC50,5,5,adaptive_fusion,0.617304222369849,0.8458430040121718,0.5829908282218828,1393,0.2,0.5760174865681694
PI3KIC50,5,6,imputer_only,0.6179602030424522,0.799573157617995,0.5727274442509108,1393,,
PI3KIC50,5,6,ridge_only,0.6289035594988057,0.7832287771999624,0.5588192672678319,1393,,
PI3KIC50,5,6,fixed_fusion,0.63596275265181,0.7781108704878877,0.555170504541597,1393,,
PI3KIC50,5,6,adaptive_fusion,0.6351078156252069,0.777964536775113,0.5548451822637183,1393,0.2,0.5702588791474371
PI3KIC50,5,7,imputer_only,0.6327728038316407,0.7865630767537299,0.5675154257001962,1393,,
PI3KIC50,5,7,ridge_only,0.6542131406403733,0.7618189816018293,0.5493198508930434,1393,,
PI3KIC50,5,7,fixed_fusion,0.6570372171205101,0.759819618742452,0.5487309141959212,1393,,
PI3KIC50,5,7,adaptive_fusion,0.6590594008544699,0.7575113768145139,0.5468185096431747,1393,0.2,0.5625728766960961
PI3KIC50,5,8,imputer_only,0.5999067351376723,0.7975334397359317,0.5667781722711817,1392,,
PI3KIC50,5,8,ridge_only,0.61956867649583,0.7708850396971482,0.550983277773391,1392,,
PI3KIC50,5,8,fixed_fusion,0.6233477153045031,0.76932718980299,0.5472028119464126,1392,,
PI3KIC50,5,8,adaptive_fusion,0.6248473502800611,0.76662416846378,0.5468830194082727,1392,0.2,0.5616404778303827
PI3KIC50,5,9,imputer_only,0.5663418703397194,0.8082616156781391,0.5753143608563241,1392,,
PI3KIC50,5,9,ridge_only,0.5745579249938951,0.7920492979761946,0.5593411564958601,1392,,
PI3KIC50,5,9,fixed_fusion,0.5796941109118338,0.7898739832436482,0.558832626170181,1392,,
PI3KIC50,5,9,adaptive_fusion,0.5790543686974073,0.7886864830689673,0.5569544407796153,1392,0.2,0.5783055352121491
PI3KIC50,5,10,imputer_only,0.6399735567896295,0.7897203265869288,0.5594516659466117,1392,,
PI3KIC50,5,10,ridge_only,0.6490608488380969,0.7772593488128542,0.5497399041971284,1392,,
PI3KIC50,5,10,fixed_fusion,0.6529142028689604,0.7740039006645221,0.5464137014078737,1392,,
PI3KIC50,5,10,adaptive_fusion,0.6527366640194203,0.7736646119379036,0.5463711508915241,1392,0.2,0.5542884693470187
PI3KIC50,6,1,imputer_only,0.5743441223774732,0.8085602015044344,0.5780196278767606,1393,,
PI3KIC50,6,1,ridge_only,0.6105268319794646,0.76758691788662,0.5546309702989327,1393,,
PI3KIC50,6,1,fixed_fusion,0.6031788987316798,0.7759648581536285,0.5566793725961985,1393,,
PI3KIC50,6,1,adaptive_fusion,0.6107221012969186,0.7679299645877676,0.5527394849246509,1393,0.2,0.5702616805010778
PI3KIC50,6,2,imputer_only,0.6386518247934141,0.7978125361255091,0.5711251250368744,1393,,
PI3KIC50,6,2,ridge_only,0.6579262781956526,0.7698315447945966,0.559751564928408,1393,,
PI3KIC50,6,2,fixed_fusion,0.6595395187030001,0.7700864636696716,0.5543653238682565,1393,,
PI3KIC50,6,2,adaptive_fusion,0.6620500251702899,0.7666202750189731,0.5538690565813337,1393,0.3,0.5586880094033713
PI3KIC50,6,3,imputer_only,0.5941552633487928,0.8209597002950615,0.5802336899422935,1393,,
PI3KIC50,6,3,ridge_only,0.5985352447380462,0.807165230430692,0.5664099572466758,1393,,
PI3KIC50,6,3,fixed_fusion,0.6068345751971695,0.8020041867124166,0.5625612212280486,1393,,
PI3KIC50,6,3,adaptive_fusion,0.6046506967343253,0.8021878982412938,0.5622790177155164,1393,0.2,0.568647671436436
PI3KIC50,6,4,imputer_only,0.5640485198725513,0.8385528338574239,0.5862835789040857,1393,,
PI3KIC50,6,4,ridge_only,0.5651289686365104,0.8332272269168588,0.5766251718642496,1393,,
PI3KIC50,6,4,fixed_fusion,0.5731622282743059,0.8274300750024345,0.5757447273670051,1393,,
PI3KIC50,6,4,adaptive_fusion,0.570519052895124,0.8288774876953353,0.5747340667684304,1393,0.2,0.5729858390308401
PI3KIC50,6,5,imputer_only,0.6004682870795802,0.8067605947927263,0.5849388040421191,1393,,
PI3KIC50,6,5,ridge_only,0.6293256331688027,0.7727045258462024,0.5604188239583158,1393,,
PI3KIC50,6,5,fixed_fusion,0.6259118441552388,0.7772615697101789,0.5609882528769462,1393,,
PI3KIC50,6,5,adaptive_fusion,0.6309942718094227,0.7714518327744329,0.5574252488361858,1393,0.2,0.5568399400383994
PI3KIC50,6,6,imputer_only,0.5609645538459315,0.8829480830798,0.5875206766725295,1393,,
PI3KIC50,6,6,ridge_only,0.5879882747475967,0.8509404397132342,0.5726542235564371,1393,,
PI3KIC50,6,6,fixed_fusion,0.5859205974308299,0.8543356709747105,0.5704955601911291,1393,,
PI3KIC50,6,6,adaptive_fusion,0.590410135196764,0.8492027964202575,0.5693965316114965,1393,0.2,0.5711694012265345
PI3KIC50,6,7,imputer_only,0.6165694996378643,0.804326921565937,0.5807453284759604,1393,,
PI3KIC50,6,7,ridge_only,0.6204920700768738,0.794668015454672,0.5779695229449857,1393,,
PI3KIC50,6,7,fixed_fusion,0.6306933661470123,0.7865432821848539,0.5711356422284373,1393,,
PI3KIC50,6,7,adaptive_fusion,0.6277655749471671,0.7883031672501306,0.5727791974953603,1393,0.2,0.5688997151870389
PI3KIC50,6,8,imputer_only,0.5672612548917019,0.8049970742948055,0.5729314568350088,1392,,
PI3KIC50,6,8,ridge_only,0.5671886670861251,0.7952104490369685,0.5612924787783832,1392,,
PI3KIC50,6,8,fixed_fusion,0.5767797985400381,0.7889241042207669,0.5582705403049795,1392,,
PI3KIC50,6,8,adaptive_fusion,0.5734804207862546,0.7900044300400036,0.5579572720267063,1392,0.2,0.5754412649863697
PI3KIC50,6,9,imputer_only,0.6039578202120878,0.8073420688261981,0.5784459877022423,1392,,
PI3KIC50,6,9,ridge_only,0.6165655394434233,0.7893689162706843,0.5663896414849221,1392,,
PI3KIC50,6,9,fixed_fusion,0.6197799299290342,0.787845282227774,0.5618060014033175,1392,,
PI3KIC50,6,9,adaptive_fusion,0.6203725678522921,0.7862070659881649,0.5618719138394394,1392,0.2,0.5733736119656735
PI3KIC50,6,10,imputer_only,0.6258276395210961,0.7943783146180726,0.5784994894227032,1392,,
PI3KIC50,6,10,ridge_only,0.6331022936196294,0.783754562178511,0.5655701409519397,1392,,
PI3KIC50,6,10,fixed_fusion,0.6398044937224231,0.7786647417555246,0.5626038677733363,1392,,
PI3KIC50,6,10,adaptive_fusion,0.6384170310368574,0.7792109946192513,0.5620143510064558,1392,0.2,0.5607392470768348
PI3KIC50,7,1,imputer_only,0.5669708342781559,0.8104569682599742,0.5760822854509071,1393,,
PI3KIC50,7,1,ridge_only,0.5915952978058692,0.7810836120129835,0.5464492016242101,1393,,
PI3KIC50,7,1,fixed_fusion,0.5886091710269642,0.7856034534748414,0.5521581173351781,1393,,
PI3KIC50,7,1,adaptive_fusion,0.5930181106206186,0.7803932977176918,0.5464103628334884,1393,0.2,0.5724695832352141
PI3KIC50,7,2,imputer_only,0.6284794995801548,0.7582984882141197,0.5500584981724825,1393,,
PI3KIC50,7,2,ridge_only,0.6231169829267216,0.759329549375644,0.5433141401837187,1393,,
PI3KIC50,7,2,fixed_fusion,0.6347458648989703,0.7495711065051954,0.539105220262579,1393,,
PI3KIC50,7,2,adaptive_fusion,0.6300046775193575,0.7532233700862403,0.5398235114987295,1393,0.2,0.5619123626768026
PI3KIC50,7,3,imputer_only,0.5683461859715911,0.8772257242347246,0.6111402151988664,1393,,
PI3KIC50,7,3,ridge_only,0.6267773245094206,0.8117143247087066,0.5805035115623972,1393,,
PI3KIC50,7,3,fixed_fusion,0.6113379420780072,0.827382986692879,0.585169742983092,1393,,
PI3KIC50,7,3,adaptive_fusion,0.6266218339445131,0.811957044258897,0.5795375034127823,1393,0.1,0.5612773681607035
PI3KIC50,7,4,imputer_only,0.5361297515535796,0.8128667576999462,0.5823472175902996,1393,,
PI3KIC50,7,4,ridge_only,0.5551517610854164,0.7826334213032543,0.5627558719767953,1393,,
PI3KIC50,7,4,fixed_fusion,0.5599663355718667,0.7816390984669763,0.5627616763452287,1393,,
PI3KIC50,7,4,adaptive_fusion,0.561054596682629,0.7782873192009199,0.5605040452890402,1393,0.2,0.5853900172077197
PI3KIC50,7,5,imputer_only,0.5952328527276579,0.8637590821540243,0.5946384368555695,1393,,
PI3KIC50,7,5,ridge_only,0.6040849162582366,0.8516769662534397,0.5883843184356264,1393,,
PI3KIC50,7,5,fixed_fusion,0.6101985967319734,0.8470201012240567,0.5831631912816164,1393,,
PI3KIC50,7,5,adaptive_fusion,0.6093040271972872,0.8472329887783976,0.5840826910333016,1393,0.2,0.5724791865368148
PI3KIC50,7,6,imputer_only,0.6006311359145597,0.8281096142144689,0.5879470516593159,1393,,
PI3KIC50,7,6,ridge_only,0.6209594394912521,0.7945878533622719,0.5667176237236815,1393,,
PI3KIC50,7,6,fixed_fusion,0.6226695700348255,0.796450915235856,0.5657236017511325,1393,,
PI3KIC50,7,6,adaptive_fusion,0.6253996197634505,0.792043121784632,0.5636956784025687,1393,0.3,0.5532324052841081
PI3KIC50,7,7,imputer_only,0.6035485970141202,0.8130351394456883,0.5676221812643012,1393,,
PI3KIC50,7,7,ridge_only,0.6067933047073175,0.8066120718205415,0.5646507910017208,1393,,
PI3KIC50,7,7,fixed_fusion,0.6139925521782547,0.8009029882866777,0.5578861600281142,1393,,
PI3KIC50,7,7,adaptive_fusion,0.6119126253807851,0.8021852038314342,0.5600506151399234,1393,0.2,0.547106861609685
PI3KIC50,7,8,imputer_only,0.5334681790633197,0.8530295963850546,0.6040060644826836,1392,,
PI3KIC50,7,8,ridge_only,0.5354174733068242,0.8366282439929487,0.5915390344295817,1392,,
PI3KIC50,7,8,fixed_fusion,0.5427868387042339,0.834555212895121,0.5896253850814169,1392,,
PI3KIC50,7,8,adaptive_fusion,0.5405904588686377,0.8333091108566886,0.5885181959071826,1392,0.2,0.5780314129929417
PI3KIC50,7,9,imputer_only,0.677094373522059,0.7561964022705951,0.5533879956339828,1392,,
PI3KIC50,7,9,ridge_only,0.6572473935866676,0.7718422141204917,0.5569448426744118,1392,,
PI3KIC50,7,9,fixed_fusion,0.6789847913671444,0.7517126685769905,0.5453373013624514,1392,,
PI3KIC50,7,9,adaptive_fusion,0.6690401051790881,0.7609083231738853,0.5496639771903072,1392,0.2,0.5574154676022618
PI3KIC50,7,10,imputer_only,0.6333354937641261,0.7876279716861563,0.5618448510238147,1392,,
PI3KIC50,7,10,ridge_only,0.6494182851432746,0.7676181371892993,0.5602634536900595,1392,,
PI3KIC50,7,10,fixed_fusion,0.6521182490058884,0.766056817202101,0.5526285977681548,1392,,
PI3KIC50,7,10,adaptive_fusion,0.6534185656256181,0.7641797305048401,0.5556555249170941,1392,0.2,0.5553975906548263
PI3KIC50,8,1,imputer_only,0.6160176375654817,0.8188078412125367,0.583938979986341,1393,,
PI3KIC50,8,1,ridge_only,0.6128742500901811,0.8175009768993632,0.5820442941969117,1393,,
PI3KIC50,8,1,fixed_fusion,0.6244514194386214,0.8080829799967635,0.5740769661565853,1393,,
PI3KIC50,8,1,adaptive_fusion,0.6200859732926288,0.8113279229218633,0.576721337662755,1393,0.2,0.5593363166771701
PI3KIC50,8,2,imputer_only,0.566675278786504,0.8202670507285397,0.5888276446735378,1393,,
PI3KIC50,8,2,ridge_only,0.5965427697603692,0.7761834798808648,0.5589446228847298,1393,,
PI3KIC50,8,2,fixed_fusion,0.5935632097040503,0.7829470588856403,0.5636356794903802,1393,,
PI3KIC50,8,2,adaptive_fusion,0.5987897845234615,0.7750900085888917,0.5581673132454574,1393,0.2,0.571957632296081
PI3KIC50,8,3,imputer_only,0.5636186222881931,0.8538355674529223,0.606903397464165,1393,,
PI3KIC50,8,3,ridge_only,0.5890882744610006,0.8227614025148663,0.5792463300917221,1393,,
PI3KIC50,8,3,fixed_fusion,0.5864705545016972,0.8263064223538443,0.5819128278505584,1393,,
PI3KIC50,8,3,adaptive_fusion,0.5907530320485476,0.8212343732956194,0.5771222346441333,1393,0.2,0.5826816626998939
PI3KIC50,8,4,imputer_only,0.6048479581013749,0.8329710689623472,0.5873408238366727,1393,,
PI3KIC50,8,4,ridge_only,0.6215630512348154,0.810127396232732,0.5657599117551386,1393,,
PI3KIC50,8,4,fixed_fusion,0.6249260546650431,0.8084962864672642,0.5662085888222026,1393,,
PI3KIC50,8,4,adaptive_fusion,0.6261093468965242,0.8062955866167443,0.5630843473144734,1393,0.2,0.5657299012688991
PI3KIC50,8,5,imputer_only,0.6467288254201162,0.762906943195872,0.557026174096418,1393,,
PI3KIC50,8,5,ridge_only,0.6466649743499289,0.7573862233020984,0.5454899040353595,1393,,
PI3KIC50,8,5,fixed_fusion,0.6581060696194798,0.7479713402157429,0.5419218852835161,1393,,
PI3KIC50,8,5,adaptive_fusion,0.6542824728837972,0.7507037696451064,0.542202283814843,1393,0.2,0.5663414809677951
PI3KIC50,8,6,imputer_only,0.5478164321485007,0.8617083328209032,0.6029009675395419,1393,,
PI3KIC50,8,6,ridge_only,0.5786196925163283,0.8148235055597693,0.5711459291121656,1393,,
PI3KIC50,8,6,fixed_fusion,0.5737997780967314,0.8242594258933106,0.5768872845832969,1393,,
PI3KIC50,8,6,adaptive_fusion,0.5798789503057863,0.815109370542729,0.5698714605824357,1393,0.2,0.5730459905307804
PI3KIC50,8,7,imputer_only,0.639211628952811,0.7928735793793525,0.5788120909816342,1393,,
PI3KIC50,8,7,ridge_only,0.6481768418806758,0.7806409456626883,0.5629139194915905,1393,,
PI3KIC50,8,7,fixed_fusion,0.6535093122937429,0.7763715744334426,0.5634816981798276,1393,,
PI3KIC50,8,7,adaptive_fusion,0.6529046872108888,0.7764252191247882,0.5613800416477949,1393,0.2,0.5535644425751334
PI3KIC50,8,8,imputer_only,0.5849356780401128,0.8193123361941524,0.5730758418978711,1392,,
PI3KIC50,8,8,ridge_only,0.5978868998558471,0.802436559793098,0.5568618626141755,1392,,
PI3KIC50,8,8,fixed_fusion,0.6006884862806395,0.801068600359013,0.5570201539998505,1392,,
PI3KIC50,8,8,adaptive_fusion,0.6014373053378871,0.7995100884560508,0.554677208892241,1392,0.2,0.5717772369855849
PI3KIC50,8,9,imputer_only,0.5995465035740384,0.8150746591849741,0.5768013799903599,1392,,
PI3KIC50,8,9,ridge_only,0.6160859055440872,0.7947546225714035,0.5567280987177938,1392,,
PI3KIC50,8,9,fixed_fusion,0.6177258899664738,0.7945097599232516,0.5573935698347846,1392,,
PI3KIC50,8,9,adaptive_fusion,0.6194491879286523,0.7921240062211038,0.5540732940258833,1392,0.2,0.5539801336529118
PI3KIC50,8,10,imputer_only,0.5760247574918723,0.8039612813056252,0.5846081852618352,1392,,
PI3KIC50,8,10,ridge_only,0.5855686750273802,0.7880858030657332,0.5713062850485292,1392,,
PI3KIC50,8,10,fixed_fusion,0.5897648507883955,0.7859055639565394,0.5698395800925142,1392,,
PI3KIC50,8,10,adaptive_fusion,0.5904028568150903,0.7843237118775215,0.5685140218881953,1392,0.3,0.5691408101116603
PI3KIC50,9,1,imputer_only,0.6201251053589801,0.7882616840863822,0.5736473799000613,1393,,
PI3KIC50,9,1,ridge_only,0.6344054146554445,0.7670129248745476,0.5554775561340165,1393,,
PI3KIC50,9,1,fixed_fusion,0.6390894456290925,0.7644952536274906,0.5555915536956396,1393,,
PI3KIC50,9,1,adaptive_fusion,0.6396663307239416,0.7628075623680728,0.5528457210223783,1393,0.2,0.5590654809546914
PI3KIC50,9,2,imputer_only,0.6003462482048194,0.792667156561655,0.5647461305128847,1393,,
PI3KIC50,9,2,ridge_only,0.612644680712796,0.7736411303857949,0.5464642489360862,1393,,
PI3KIC50,9,2,fixed_fusion,0.6175036460062707,0.7710874067876033,0.5467398022735859,1393,,
PI3KIC50,9,2,adaptive_fusion,0.6175468180589837,0.7696881505416049,0.5442214360125642,1393,0.2,0.5645971136459969
PI3KIC50,9,3,imputer_only,0.6120539169529884,0.8055915609619482,0.5825574491105336,1393,,
PI3KIC50,9,3,ridge_only,0.6429529430941782,0.7720988628032446,0.5623320623564889,1393,,
PI3KIC50,9,3,fixed_fusion,0.6397689032508985,0.7756957294332049,0.5630609930969463,1393,,
PI3KIC50,9,3,adaptive_fusion,0.6450587385336057,0.7702978234219056,0.5602168034372199,1393,0.2,0.5549070712910021
PI3KIC50,9,4,imputer_only,0.6073412748497026,0.8349864161437214,0.5860432990589657,1393,,
PI3KIC50,9,4,ridge_only,0.6219415361605816,0.8188029119993525,0.5728528463461872,1393,,
PI3KIC50,9,4,fixed_fusion,0.6255557254644193,0.8161496289314315,0.5699439241558552,1393,,
PI3KIC50,9,4,adaptive_fusion,0.6263061628661541,0.8151381477983874,0.5693169076031452,1393,0.2,0.567644309140956
PI3KIC50,9,5,imputer_only,0.6367108347879092,0.7885882374174483,0.5560560849284966,1393,,
PI3KIC50,9,5,ridge_only,0.6333823229038499,0.7899651498902759,0.5501911804678048,1393,,
PI3KIC50,9,5,fixed_fusion,0.6446658983388414,0.7799989230076587,0.5450459728721123,1393,,
PI3KIC50,9,5,adaptive_fusion,0.6402827096303039,0.78376777765749,0.546216844855684,1393,0.2,0.5541249200426643
PI3KIC50,9,6,imputer_only,0.621668173016623,0.7727611024181659,0.5689895978303258,1393,,
PI3KIC50,9,6,ridge_only,0.639831422236528,0.7461994446734284,0.5496927188136578,1393,,
PI3KIC50,9,6,fixed_fusion,0.6416272195636273,0.7467954940788747,0.5477966524511663,1393,,
PI3KIC50,9,6,adaptive_fusion,0.6435737141634701,0.743331430143159,0.5455208187830071,1393,0.2,0.5552628751784291
PI3KIC50,9,7,imputer_only,0.5772507091531048,0.8076965813571575,0.5792757348010045,1393,,
PI3KIC50,9,7,ridge_only,0.5715771587252847,0.8064913489497917,0.5791829272334805,1393,,
PI3KIC50,9,7,fixed_fusion,0.5841897059939255,0.7969558243523025,0.5710125889634808,1393,,
PI3KIC50,9,7,adaptive_fusion,0.5790848318957345,0.8002558518433911,0.5735434423786958,1393,0.2,0.5698566259570531
PI3KIC50,9,8,imputer_only,0.5805445342043365,0.8351727732168424,0.599743044943321,1392,,
PI3KIC50,9,8,ridge_only,0.5849257606649841,0.8215500817556814,0.583801113677018,1392,,
PI3KIC50,9,8,fixed_fusion,0.5926458069803132,0.8173273980759105,0.5830766622813993,1392,,
PI3KIC50,9,8,adaptive_fusion,0.5906940119750708,0.8171946899505598,0.5815788352220629,1392,0.2,0.578394823394208
PI3KIC50,9,9,imputer_only,0.5617150721308585,0.8799369422055411,0.5906715228445043,1392,,
PI3KIC50,9,9,ridge_only,0.5950674871774478,0.8431449720290664,0.5671778069813366,1392,,
PI3KIC50,9,9,fixed_fusion,0.5880106400638329,0.850598609702043,0.5687994256622602,1392,,
PI3KIC50,9,9,adaptive_fusion,0.5948976394948159,0.8434249774374158,0.5658262496828119,1392,0.2,0.5686567084546272
PI3KIC50,9,10,imputer_only,0.6183410150405425,0.7719018835763012,0.5702528811811574,1392,,
PI3KIC50,9,10,ridge_only,0.6251138189951727,0.7603203749617023,0.5549704382423881,1392,,
PI3KIC50,9,10,fixed_fusion,0.6323202270044628,0.7540949371361473,0.5547508272536744,1392,,
PI3KIC50,9,10,adaptive_fusion,0.6306651767351268,0.7549329547571672,0.5532466003473249,1392,0.2,0.5641029348955492
PRISM19Q4_independent,0,1,imputer_only,0.6999669331660356,0.103802377862755,0.0725959484808755,2265,,
PRISM19Q4_independent,0,1,ridge_only,0.6737809148672194,0.1075555440951554,0.0755556942479763,2265,,
PRISM19Q4_independent,0,1,fixed_fusion,0.6986486932607319,0.104050251759611,0.0727654880903677,2265,,
PRISM19Q4_independent,0,1,adaptive_fusion,0.6958305050551347,0.1044968184172168,0.07308703114918,2265,0.4,0.6808685162482889
PRISM19Q4_independent,1,1,imputer_only,0.6999980227327285,0.1037978707129349,0.072597768225154,2265,,
PRISM19Q4_independent,1,1,ridge_only,0.6740461924738332,0.1075228067418464,0.0755278777997225,2265,,
PRISM19Q4_independent,1,1,fixed_fusion,0.6988154180005323,0.10402789214478,0.0727551969866089,2265,,
PRISM19Q4_independent,1,1,adaptive_fusion,0.6960208757907141,0.1044717616908804,0.0730731019252709,2265,0.4,0.6892213589455286
PRISM19Q4_independent,2,1,imputer_only,0.7000670114038048,0.1037873985566368,0.0725928494077644,2265,,
PRISM19Q4_independent,2,1,ridge_only,0.6737427961847532,0.1075616274520633,0.07551642628695,2265,,
PRISM19Q4_independent,2,1,fixed_fusion,0.6987135348012818,0.1040426491984837,0.0727492815742955,2265,,
PRISM19Q4_independent,2,1,adaptive_fusion,0.6987135348012818,0.1040426491984837,0.0727492815742955,2265,0.5,0.6880760746376414
PRISM19Q4_independent,3,1,imputer_only,0.700021968582891,0.1037941981697986,0.0725952948692355,2265,,
PRISM19Q4_independent,3,1,ridge_only,0.6737183723914905,0.1075664107228599,0.0755378175650211,2265,,
PRISM19Q4_independent,3,1,fixed_fusion,0.698676764053601,0.104047776934736,0.0727575026732143,2265,,
PRISM19Q4_independent,3,1,adaptive_fusion,0.698676764053601,0.104047776934736,0.0727575026732143,2265,0.5,0.688982974571985
PRISM19Q4_independent,4,1,imputer_only,0.7000349192576529,0.1037920610266902,0.0725874361876094,2265,,
PRISM19Q4_independent,4,1,ridge_only,0.6734787708805512,0.1075918669375606,0.0755540763700245,2265,,
PRISM19Q4_independent,4,1,fixed_fusion,0.698573346203526,0.1040605883515075,0.0727635346106346,2265,,
PRISM19Q4_independent,4,1,adaptive_fusion,0.6957161337185196,0.1045120073179432,0.0730836616051907,2265,0.4,0.6825519319628114
PRISM19Q4_independent,5,1,imputer_only,0.6999921442766667,0.1037985135754894,0.0726015303966488,2265,,
PRISM19Q4_independent,5,1,ridge_only,0.6737971485254322,0.1075543214313907,0.0755244060725828,2265,,
PRISM19Q4_independent,5,1,fixed_fusion,0.6986713482117402,0.1040474077956652,0.0727578209593859,2265,,
PRISM19Q4_independent,5,1,adaptive_fusion,0.6958526004853999,0.1044942573027157,0.0730721487772649,2265,0.4,0.6843472658728665
PRISM19Q4_independent,6,1,imputer_only,0.6999216167591517,0.1038092172857841,0.0726013897928444,2265,,
PRISM19Q4_independent,6,1,ridge_only,0.673656803206105,0.1075712121966594,0.0755121534628583,2265,,
PRISM19Q4_independent,6,1,fixed_fusion,0.6985961658447561,0.1040575694924592,0.0727426393537332,2265,,
PRISM19Q4_independent,6,1,adaptive_fusion,0.6957698933437753,0.104505206236268,0.0730588402048115,2265,0.4,0.6858541576414675
PRISM19Q4_independent,7,1,imputer_only,0.6999392439665464,0.1038066831493554,0.0725908776387473,2265,,
PRISM19Q4_independent,7,1,ridge_only,0.6736415686494523,0.1075739634758965,0.0755341136560798,2265,,
PRISM19Q4_independent,7,1,fixed_fusion,0.698596293164442,0.1040579415489945,0.072753917894616,2265,,
PRISM19Q4_independent,7,1,adaptive_fusion,0.698596293164442,0.1040579415489945,0.072753917894616,2265,0.5,0.6888326739905584
PRISM19Q4_independent,8,1,imputer_only,0.6999873015333073,0.103799665325647,0.0725931287338138,2265,,
PRISM19Q4_independent,8,1,ridge_only,0.6736840983969614,0.1075678296285951,0.0755202307474797,2265,,
PRISM19Q4_independent,8,1,fixed_fusion,0.6986575893485166,0.1040493151145091,0.0727516176553225,2265,,
PRISM19Q4_independent,8,1,adaptive_fusion,0.6986575893485166,0.1040493151145091,0.0727516176553225,2265,0.5,0.6906062634803048
PRISM19Q4_independent,9,1,imputer_only,0.699988569404714,0.1037989500856286,0.0725936149919269,2265,,
PRISM19Q4_independent,9,1,ridge_only,0.6738207822197476,0.1075499320837721,0.0755392772604034,2265,,
PRISM19Q4_independent,9,1,fixed_fusion,0.698715819649763,0.1040413923363059,0.0727603578014879,2265,,
PRISM19Q4_independent,9,1,adaptive_fusion,0.698715819649763,0.1040413923363059,0.0727603578014879,2265,0.5,0.684439281406408
