dataset,mask_ratio,seed,method,pcc,rmse,mae,n_train,n_test,pcc_reference,rmse_reference,mae_reference,delta_pcc,delta_rmse,delta_mae
CCLE,0.1,0,original_mclrp,0.7081583845759185,0.9596986287428152,0.7058724635374308,10224,1136,0.7081583845759185,0.9596986287428152,0.7058724635374308,0.0,0.0,0.0
CCLE,0.1,0,mfmr_base,0.7441288015218211,0.6791629227382674,0.4871300494224144,10224,1136,0.7441288015218211,0.6791629227382674,0.4871300494224144,0.0,0.0,0.0
CCLE,0.1,1,original_mclrp,0.6973419441556564,0.8747491551038156,0.6922916017823534,10224,1136,0.6973419441556564,0.8747491551038156,0.6922916017823534,0.0,0.0,0.0
CCLE,0.1,1,mfmr_base,0.7193734604837402,0.6508934456782541,0.4883958110309117,10224,1136,0.7193734604837402,0.6508934456782541,0.4883958110309117,0.0,0.0,0.0
CCLE,0.1,2,original_mclrp,0.6734009121316346,0.8829599336090747,0.6720823602105239,10224,1136,0.6734009121316346,0.8829599336090747,0.6720823602105239,0.0,0.0,0.0
CCLE,0.1,2,mfmr_base,0.709222881789635,0.6707241258258293,0.5006654781044116,10224,1136,0.709222881789635,0.6707241258258293,0.5006654781044116,0.0,0.0,0.0
CCLE,0.1,3,original_mclrp,0.714834139569254,0.9006478879892252,0.6858528681105769,10224,1136,0.714834139569254,0.9006478879892252,0.6858528681105769,0.0,0.0,0.0
CCLE,0.1,3,mfmr_base,0.7354770804107077,0.6550498049792407,0.4924482417405209,10224,1136,0.7354770804107077,0.6550498049792407,0.4924482417405209,0.0,0.0,0.0
CCLE,0.1,4,original_mclrp,0.6952003000309468,0.978599100797625,0.7211102574923336,10224,1136,0.6952003000309468,0.978599100797625,0.7211102574923336,0.0,0.0,0.0
CCLE,0.1,4,mfmr_base,0.7350518792666427,0.7020840171025095,0.5028632242235841,10224,1136,0.7350518792666427,0.7020840171025095,0.5028632242235841,0.0,0.0,0.0
CCLE,0.1,5,original_mclrp,0.7046580256607816,0.9663868223841806,0.7036146644823533,10224,1136,0.7046580256607816,0.9663868223841806,0.7036146644823533,0.0,0.0,0.0
CCLE,0.1,5,mfmr_base,0.7281475031905134,0.702995245731809,0.5085425284485635,10224,1136,0.7281475031905134,0.702995245731809,0.5085425284485635,0.0,0.0,0.0
CCLE,0.1,6,original_mclrp,0.6728262108751223,0.9189061023221238,0.7063641620656052,10224,1136,0.6728262108751223,0.9189061023221238,0.7063641620656052,0.0,0.0,0.0
CCLE,0.1,6,mfmr_base,0.7190265741365782,0.678788409441535,0.5001722656079309,10224,1136,0.7190265741365782,0.678788409441535,0.5001722656079309,0.0,0.0,0.0
CCLE,0.1,7,original_mclrp,0.6800911412429539,0.9029711419319448,0.675783999433022,10224,1136,0.6800911412429539,0.9029711419319448,0.675783999433022,0.0,0.0,0.0
CCLE,0.1,7,mfmr_base,0.7151439317675693,0.6736620304408685,0.4941691931261899,10224,1136,0.7151439317675693,0.6736620304408685,0.4941691931261899,0.0,0.0,0.0
CCLE,0.1,8,original_mclrp,0.7078671517174013,0.9858034712057426,0.7268053272769642,10224,1136,0.7078671517174013,0.9858034712057426,0.7268053272769642,0.0,0.0,0.0
CCLE,0.1,8,mfmr_base,0.7340000715417169,0.7095194531289518,0.5039601638588247,10224,1136,0.7340000715417169,0.7095194531289518,0.5039601638588247,0.0,0.0,0.0
CCLE,0.1,9,original_mclrp,0.6815395872748676,0.9109470758929936,0.7000705489273302,10224,1136,0.6815395872748676,0.9109470758929936,0.7000705489273302,0.0,0.0,0.0
CCLE,0.1,9,mfmr_base,0.7136056123544144,0.6848852858668316,0.5115965693212658,10224,1136,0.7136056123544144,0.6848852858668316,0.5115965693212658,0.0,0.0,0.0
CCLE,0.15,0,original_mclrp,0.6908320590527078,0.9114812926829726,0.6850374843654828,9656,1704,0.7081583845759185,0.9596986287428152,0.7058724635374308,-0.017326325523210673,-0.048217336059842575,-0.020834979171947987
CCLE,0.15,0,mfmr_base,0.7258371308599283,0.6631933365277276,0.4864941542208995,9656,1704,0.7441288015218211,0.6791629227382674,0.4871300494224144,-0.018291670661892856,-0.015969586210539788,-0.0006358952015149133
CCLE,0.15,1,original_mclrp,0.6856178307504328,0.9122413593160036,0.7060581316798288,9656,1704,0.6973419441556564,0.8747491551038156,0.6922916017823534,-0.011724113405223613,0.03749220421218802,0.013766529897475399
CCLE,0.15,1,mfmr_base,0.7226348942730016,0.6684760734590217,0.4972123769372909,9656,1704,0.7193734604837402,0.6508934456782541,0.4883958110309117,0.0032614337892614698,0.01758262778076758,0.008816565906379248
CCLE,0.15,2,original_mclrp,0.6800936214065034,0.9454156548604454,0.6978422579417888,9656,1704,0.6734009121316346,0.8829599336090747,0.6720823602105239,0.006692709274868869,0.06245572125137078,0.025759897731264858
CCLE,0.15,2,mfmr_base,0.7224883419982584,0.6909598068782896,0.5040797713138235,9656,1704,0.709222881789635,0.6707241258258293,0.5006654781044116,0.013265460208623403,0.02023568105246032,0.0034142932094118894
CCLE,0.15,3,original_mclrp,0.7032680145096758,0.9032467897779108,0.6939449438255637,9656,1704,0.714834139569254,0.9006478879892252,0.6858528681105769,-0.011566125059578214,0.0025989017886856036,0.008092075714986824
CCLE,0.15,3,mfmr_base,0.7289619641219016,0.6586935983253608,0.4934031489184479,9656,1704,0.7354770804107077,0.6550498049792407,0.4924482417405209,-0.006515116288806078,0.0036437933461200833,0.0009549071779270113
CCLE,0.15,4,original_mclrp,0.6812833583569459,1.0019970911500131,0.7283384991385937,9656,1704,0.6952003000309468,0.978599100797625,0.7211102574923336,-0.013916941674000927,0.0233979903523881,0.007228241646260125
CCLE,0.15,4,mfmr_base,0.7300707930914718,0.7190691226523693,0.5174468723772394,9656,1704,0.7350518792666427,0.7020840171025095,0.5028632242235841,-0.004981086175170901,0.01698510554985988,0.014583648153655315
CCLE,0.15,5,original_mclrp,0.6771135601966951,0.9556281058068106,0.7029621629874129,9656,1704,0.7046580256607816,0.9663868223841806,0.7036146644823533,-0.02754446546408651,-0.010758716577370042,-0.0006525014949404495
CCLE,0.15,5,mfmr_base,0.7163642111740468,0.7051543906959064,0.5105893868619116,9656,1704,0.7281475031905134,0.702995245731809,0.5085425284485635,-0.011783292016466551,0.0021591449640973037,0.0020468584133480627
CCLE,0.15,6,original_mclrp,0.6537808096840272,0.9497524925102658,0.7202030430068115,9656,1704,0.6728262108751223,0.9189061023221238,0.7063641620656052,-0.0190454011910951,0.03084639018814206,0.013838880941206333
CCLE,0.15,6,mfmr_base,0.6978378834978535,0.7158316428789795,0.5308943035204277,9656,1704,0.7190265741365782,0.678788409441535,0.5001722656079309,-0.02118869063872475,0.037043233437444534,0.030722037912496725
CCLE,0.15,7,original_mclrp,0.6859092277586329,0.8976375234221565,0.6844509301273136,9656,1704,0.6800911412429539,0.9029711419319448,0.675783999433022,0.005818086515679055,-0.005333618509788307,0.008666930694291586
CCLE,0.15,7,mfmr_base,0.7207888414618355,0.6608410371635192,0.4897663483702651,9656,1704,0.7151439317675693,0.6736620304408685,0.4941691931261899,0.005644909694266231,-0.012820993277349313,-0.004402844755924784
CCLE,0.15,8,original_mclrp,0.6839395632459144,0.9705266579841636,0.718777338669004,9656,1704,0.7078671517174013,0.9858034712057426,0.7268053272769642,-0.023927588471486905,-0.015276813221579033,-0.00802798860796028
CCLE,0.15,8,mfmr_base,0.717113590745738,0.7125900181812292,0.5079832697317296,9656,1704,0.7340000715417169,0.7095194531289518,0.5039601638588247,-0.016886480795978875,0.0030705650522774297,0.004023105872904886
CCLE,0.15,9,original_mclrp,0.6773173068284792,0.9217621745087786,0.7101781439606579,9656,1704,0.6815395872748676,0.9109470758929936,0.7000705489273302,-0.004222280446388393,0.010815098615785002,0.010107595033327699
CCLE,0.15,9,mfmr_base,0.7157038536335406,0.686892575495666,0.5138153276968527,9656,1704,0.7136056123544144,0.6848852858668316,0.5115965693212658,0.0020982412791261673,0.002007289628834341,0.0022187583755868268
CCLE,0.2,0,original_mclrp,0.686124650039423,0.9342128306901888,0.6985745032690539,9088,2272,0.7081583845759185,0.9596986287428152,0.7058724635374308,-0.022033734536495486,-0.025485798052626407,-0.007297960268376924
CCLE,0.2,0,mfmr_base,0.7312360092911663,0.6692761980304398,0.4944919690361389,9088,2272,0.7441288015218211,0.6791629227382674,0.4871300494224144,-0.01289279223065487,-0.009886724707827588,0.00736191961372451
CCLE,0.2,1,original_mclrp,0.6744572063342981,0.9104217662705928,0.7053628281867109,9088,2272,0.6973419441556564,0.8747491551038156,0.6922916017823534,-0.02288473782135836,0.035672611166777224,0.013071226404357539
CCLE,0.2,1,mfmr_base,0.7080270831477903,0.6807212346593982,0.5029776802308641,9088,2272,0.7193734604837402,0.6508934456782541,0.4883958110309117,-0.011346377335949898,0.02982778898114402,0.014581869199952413
CCLE,0.2,2,original_mclrp,0.6704293059867009,0.9433747350064804,0.7002086564077168,9088,2272,0.6734009121316346,0.8829599336090747,0.6720823602105239,-0.002971606144933636,0.06041480139740574,0.028126296197192868
CCLE,0.2,2,mfmr_base,0.705579070077453,0.7066053494130802,0.5102286486263297,9088,2272,0.709222881789635,0.6707241258258293,0.5006654781044116,-0.003643811712181977,0.03588122358725088,0.009563170521918019
CCLE,0.2,3,original_mclrp,0.6719030813674457,0.9300432373223236,0.7023333597849656,9088,2272,0.714834139569254,0.9006478879892252,0.6858528681105769,-0.042931058201808314,0.029395349333098397,0.016480491674388698
CCLE,0.2,3,mfmr_base,0.700855045847436,0.7012481459246672,0.5120200832760173,9088,2272,0.7354770804107077,0.6550498049792407,0.4924482417405209,-0.03462203456327173,0.04619834094542652,0.01957184153549646
CCLE,0.2,4,original_mclrp,0.6683572190337023,0.9815565582346976,0.7199710119192079,9088,2272,0.6952003000309468,0.978599100797625,0.7211102574923336,-0.02684308099724453,0.0029574574370725415,-0.0011392455731257245
CCLE,0.2,4,mfmr_base,0.7180839760409975,0.7159023076383498,0.5156677041692783,9088,2272,0.7350518792666427,0.7020840171025095,0.5028632242235841,-0.01696790322564523,0.013818290535840383,0.012804479945694225
CCLE,0.2,5,original_mclrp,0.6528494585651483,0.9639714711982286,0.7064442011671288,9088,2272,0.7046580256607816,0.9663868223841806,0.7036146644823533,-0.05180856709563331,-0.0024153511859520416,0.00282953668477548
CCLE,0.2,5,mfmr_base,0.6958918255486058,0.7304456066496792,0.5275638601206724,9088,2272,0.7281475031905134,0.702995245731809,0.5085425284485635,-0.03225567764190751,0.02745036091787012,0.019021331672108843
CCLE,0.2,6,original_mclrp,0.6596332813408886,0.95352723541605,0.7246298677034525,9088,2272,0.6728262108751223,0.9189061023221238,0.7063641620656052,-0.013192929534233677,0.034621133093926226,0.01826570563784735
CCLE,0.2,6,mfmr_base,0.7009959316839474,0.7134148578957742,0.5321077230454276,9088,2272,0.7190265741365782,0.678788409441535,0.5001722656079309,-0.018030642452630863,0.034626448454239234,0.031935457437496706
CCLE,0.2,7,original_mclrp,0.6824138822038812,0.9554601660967054,0.7083529200025476,9088,2272,0.6800911412429539,0.9029711419319448,0.675783999433022,0.0023227409609273275,0.052489024164760534,0.03256892056952554
CCLE,0.2,7,mfmr_base,0.7179311439118135,0.6993013688591196,0.5042489972441563,9088,2272,0.7151439317675693,0.6736620304408685,0.4941691931261899,0.0027872121442441555,0.025639338418251167,0.010079804117966384
CCLE,0.2,8,original_mclrp,0.6648019808517508,0.9487269636479982,0.7101102846915155,9088,2272,0.7078671517174013,0.9858034712057426,0.7268053272769642,-0.04306517086565054,-0.03707650755774439,-0.01669504258544874
CCLE,0.2,8,mfmr_base,0.7025791924455047,0.711061890947906,0.5112416824003958,9088,2272,0.7340000715417169,0.7095194531289518,0.5039601638588247,-0.03142087909621216,0.0015424378189541343,0.007281518541571108
CCLE,0.2,9,original_mclrp,0.6664348615466933,0.9413365611662416,0.7236034365717509,9088,2272,0.6815395872748676,0.9109470758929936,0.7000705489273302,-0.01510472572817434,0.03038948527324803,0.02353288764442063
CCLE,0.2,9,mfmr_base,0.7130464529389766,0.6970896268312302,0.5220775296685761,9088,2272,0.7136056123544144,0.6848852858668316,0.5115965693212658,-0.0005591594154378265,0.012204340964398597,0.010480960347310275
CCLE,0.25,0,original_mclrp,0.6712900310805809,0.9555549411729116,0.7107743253906642,8520,2840,0.7081583845759185,0.9596986287428152,0.7058724635374308,-0.03686835349533757,-0.004143687569903576,0.00490186185323338
CCLE,0.25,0,mfmr_base,0.719558460492818,0.6935074975246891,0.5031532084340706,8520,2840,0.7441288015218211,0.6791629227382674,0.4871300494224144,-0.02457034102900313,0.014344574786421704,0.01602315901165624
CCLE,0.25,1,original_mclrp,0.6636304138379651,0.9409874699236068,0.7218793542700567,8520,2840,0.6973419441556564,0.8747491551038156,0.6922916017823534,-0.03371153031769136,0.06623831481979126,0.02958775248770329
CCLE,0.25,1,mfmr_base,0.6969141684933097,0.7078934222308677,0.5131864875209584,8520,2840,0.7193734604837402,0.6508934456782541,0.4883958110309117,-0.022459291990430508,0.056999976552613574,0.024790676490046737
CCLE,0.25,2,original_mclrp,0.6600644146421228,0.9424681930951156,0.7056848105177557,8520,2840,0.6734009121316346,0.8829599336090747,0.6720823602105239,-0.013336497489511712,0.05950825948604099,0.033602450307231746
CCLE,0.25,2,mfmr_base,0.6881985649244432,0.7230362443512134,0.5276364780820739,8520,2840,0.709222881789635,0.6707241258258293,0.5006654781044116,-0.021024316865191794,0.05231211852538409,0.02697099997766228
CCLE,0.25,3,original_mclrp,0.6603130530576632,0.948016322689149,0.7117123939309083,8520,2840,0.714834139569254,0.9006478879892252,0.6858528681105769,-0.05452108651159082,0.0473684346999238,0.025859525820331464
CCLE,0.25,3,mfmr_base,0.6915617987627687,0.720157191565766,0.5235007514653467,8520,2840,0.7354770804107077,0.6550498049792407,0.4924482417405209,-0.04391528164793901,0.06510738658652526,0.031052509724825816
CCLE,0.25,4,original_mclrp,0.6491432581919788,0.9780768514126004,0.7212291425512923,8520,2840,0.6952003000309468,0.978599100797625,0.7211102574923336,-0.04605704183896797,-0.0005222493850246535,0.0001188850589587398
CCLE,0.25,4,mfmr_base,0.7072782648356052,0.7219497633779082,0.5181961664537904,8520,2840,0.7350518792666427,0.7020840171025095,0.5028632242235841,-0.02777361443103754,0.01986574627539872,0.015332942230206315
CCLE,0.25,5,original_mclrp,0.6484119431653818,0.9554585203413292,0.7022829960709996,8520,2840,0.7046580256607816,0.9663868223841806,0.7036146644823533,-0.05624608249539986,-0.010928302042851445,-0.0013316684113536814
CCLE,0.25,5,mfmr_base,0.686702648876346,0.7312928163543074,0.5288890928225133,8520,2840,0.7281475031905134,0.702995245731809,0.5085425284485635,-0.041444854314167334,0.02829757062249838,0.02034656437394977
CCLE,0.25,6,original_mclrp,0.653387697690317,0.9705902934522828,0.7288891623012346,8520,2840,0.6728262108751223,0.9189061023221238,0.7063641620656052,-0.019438513184805273,0.051684191130158985,0.022525000235629422
CCLE,0.25,6,mfmr_base,0.6963207453134626,0.7279362179881518,0.538910946815068,8520,2840,0.7190265741365782,0.678788409441535,0.5001722656079309,-0.02270582882311567,0.04914780854661682,0.03873868120713708
CCLE,0.25,7,original_mclrp,0.6665887509716856,0.9447404691183344,0.7084850767320864,8520,2840,0.6800911412429539,0.9029711419319448,0.675783999433022,-0.013502390271268316,0.04176932718638959,0.03270107729906435
CCLE,0.25,7,mfmr_base,0.7002541316340731,0.708154533619501,0.5150533274354324,8520,2840,0.7151439317675693,0.6736620304408685,0.4941691931261899,-0.014889800133496167,0.034492503178632505,0.02088413430924252
CCLE,0.25,8,original_mclrp,0.6447156457586687,0.9546754602444208,0.7132753437736847,8520,2840,0.7078671517174013,0.9858034712057426,0.7268053272769642,-0.06315150595873265,-0.031128010961321784,-0.013529983503279497
CCLE,0.25,8,mfmr_base,0.6958287884906025,0.7184170373273832,0.5172092391849962,8520,2840,0.7340000715417169,0.7095194531289518,0.5039601638588247,-0.03817128305111439,0.00889758419843134,0.013249075326171478
CCLE,0.25,9,original_mclrp,0.649806604326203,0.955757938275967,0.7296073237986439,8520,2840,0.6815395872748676,0.9109470758929936,0.7000705489273302,-0.03173298294866467,0.04481086238297338,0.029536774871313676
CCLE,0.25,9,mfmr_base,0.6977205832994507,0.7196662712651465,0.53786162312806,8520,2840,0.7136056123544144,0.6848852858668316,0.5115965693212658,-0.015885029054963695,0.03478098539831487,0.026265053806794114
CCLE,0.3,0,original_mclrp,0.651043963623014,0.9597231535288652,0.7164673884771839,7952,3408,0.7081583845759185,0.9596986287428152,0.7058724635374308,-0.05711442095290453,2.4524786049973102e-05,0.010594924939753114
CCLE,0.3,0,mfmr_base,0.6952269140062399,0.7198148115724684,0.5224852212113845,7952,3408,0.7441288015218211,0.6791629227382674,0.4871300494224144,-0.04890188751558122,0.04065188883420101,0.03535517178897013
CCLE,0.3,1,original_mclrp,0.6398041124266328,0.948503258990676,0.7289007445162143,7952,3408,0.6973419441556564,0.8747491551038156,0.6922916017823534,-0.0575378317290236,0.07375410388686043,0.036609142733860955
CCLE,0.3,1,mfmr_base,0.6737888348156971,0.735157000548085,0.5367253850175805,7952,3408,0.7193734604837402,0.6508934456782541,0.4883958110309117,-0.04558462566804311,0.08426355486983084,0.04832957398666882
CCLE,0.3,2,original_mclrp,0.6510871299344921,0.9386849350025476,0.7080181055964274,7952,3408,0.6734009121316346,0.8829599336090747,0.6720823602105239,-0.022313782197142418,0.05572500139347292,0.035935745385903495
CCLE,0.3,2,mfmr_base,0.6785659257814102,0.7280411813244201,0.5402887328450582,7952,3408,0.709222881789635,0.6707241258258293,0.5006654781044116,-0.030656956008224823,0.057317055498590785,0.03962325474064654
CCLE,0.3,3,original_mclrp,0.6476144723824053,0.965281337200702,0.7210671239615365,7952,3408,0.714834139569254,0.9006478879892252,0.6858528681105769,-0.06721966718684869,0.06463344921147673,0.03521425585095961
CCLE,0.3,3,mfmr_base,0.6798668993210936,0.7395102665188114,0.5338495203019799,7952,3408,0.7354770804107077,0.6550498049792407,0.4924482417405209,-0.05561018108961413,0.08446046153957065,0.041401278561458976
CCLE,0.3,4,original_mclrp,0.6295108180219594,0.9661334158510132,0.7172078974831217,7952,3408,0.6952003000309468,0.978599100797625,0.7211102574923336,-0.06568948200898739,-0.012465684946611821,-0.003902360009211847
CCLE,0.3,4,mfmr_base,0.6863055109614837,0.7341260026597428,0.5324614439734364,7952,3408,0.7350518792666427,0.7020840171025095,0.5028632242235841,-0.048746368305158994,0.032041985557233366,0.029598219749852328
CCLE,0.3,5,original_mclrp,0.6382474402316137,0.965718717709726,0.7089509482059118,7952,3408,0.7046580256607816,0.9663868223841806,0.7036146644823533,-0.06641058542916789,-0.0006681046744546615,0.005336283723558433
CCLE,0.3,5,mfmr_base,0.6765591238670526,0.7473620602905777,0.5363732562040531,7952,3408,0.7281475031905134,0.702995245731809,0.5085425284485635,-0.05158837932346072,0.044366814558768675,0.02783072775548956
CCLE,0.3,6,original_mclrp,0.6422571051303038,0.9769289480414244,0.7324576455659076,7952,3408,0.6728262108751223,0.9189061023221238,0.7063641620656052,-0.030569105744818525,0.05802284571930061,0.026093483500302495
CCLE,0.3,6,mfmr_base,0.6865638611057384,0.7404617499580405,0.5424857491543577,7952,3408,0.7190265741365782,0.678788409441535,0.5001722656079309,-0.03246271303083981,0.061673340516505526,0.04231348354642672
CCLE,0.3,7,original_mclrp,0.6413080876912861,0.941982873072949,0.7079111496005187,7952,3408,0.6800911412429539,0.9029711419319448,0.675783999433022,-0.03878305355166778,0.0390117311410042,0.032127150167496676
CCLE,0.3,7,mfmr_base,0.6837755078236516,0.7202483690168868,0.5278134689273976,7952,3408,0.7151439317675693,0.6736620304408685,0.4941691931261899,-0.0313684239439177,0.04658633857601835,0.03364427580120766
CCLE,0.3,8,original_mclrp,0.6396893087952255,0.9542333981212656,0.716646166694499,7952,3408,0.7078671517174013,0.9858034712057426,0.7268053272769642,-0.06817784292217588,-0.03157007308447701,-0.010159160582465243
CCLE,0.3,8,mfmr_base,0.6966837042019507,0.7148557713925129,0.5209240198219562,7952,3408,0.7340000715417169,0.7095194531289518,0.5039601638588247,-0.03731636733976618,0.005336318263561068,0.016963855963131547
CCLE,0.3,9,original_mclrp,0.6239842192623399,0.952658220465964,0.7258374140134356,7952,3408,0.6815395872748676,0.9109470758929936,0.7000705489273302,-0.0575553680125277,0.04171114457297043,0.025766865086105373
CCLE,0.3,9,mfmr_base,0.6792686802286878,0.7323743124146558,0.5439000414346783,7952,3408,0.7136056123544144,0.6848852858668316,0.5115965693212658,-0.03433693212572664,0.047489026547824165,0.032303472113412446
ERKAUC30,0.1,0,original_mclrp,0.6510883268394686,0.8752011165736167,0.6471517196911213,13084,1454,0.6510883268394686,0.8752011165736167,0.6471517196911213,0.0,0.0,0.0
ERKAUC30,0.1,0,mfmr_base,0.6767840371981341,0.6963744352685036,0.4830539193250331,13084,1454,0.6767840371981341,0.6963744352685036,0.4830539193250331,0.0,0.0,0.0
ERKAUC30,0.1,1,original_mclrp,0.629387732032831,0.9540626585624596,0.6533813954276756,13084,1454,0.629387732032831,0.9540626585624596,0.6533813954276756,0.0,0.0,0.0
ERKAUC30,0.1,1,mfmr_base,0.6690783322347356,0.746101112250653,0.5140315412293589,13084,1454,0.6690783322347356,0.746101112250653,0.5140315412293589,0.0,0.0,0.0
ERKAUC30,0.1,2,original_mclrp,0.6641197059893822,0.9157811820529314,0.6446749619088985,13084,1454,0.6641197059893822,0.9157811820529314,0.6446749619088985,0.0,0.0,0.0
ERKAUC30,0.1,2,mfmr_base,0.6909857143155615,0.7088639700940563,0.4864667753300353,13084,1454,0.6909857143155615,0.7088639700940563,0.4864667753300353,0.0,0.0,0.0
ERKAUC30,0.1,3,original_mclrp,0.6517715851395696,0.9330329004245574,0.6578359968430819,13084,1454,0.6517715851395696,0.9330329004245574,0.6578359968430819,0.0,0.0,0.0
ERKAUC30,0.1,3,mfmr_base,0.6923539580781966,0.7135124142906222,0.4978423733570458,13084,1454,0.6923539580781966,0.7135124142906222,0.4978423733570458,0.0,0.0,0.0
ERKAUC30,0.1,4,original_mclrp,0.6105829073612289,0.9145406784005914,0.6529694756475378,13084,1454,0.6105829073612289,0.9145406784005914,0.6529694756475378,0.0,0.0,0.0
ERKAUC30,0.1,4,mfmr_base,0.6488802553136507,0.7362853362379962,0.5016618933913136,13084,1454,0.6488802553136507,0.7362853362379962,0.5016618933913136,0.0,0.0,0.0
ERKAUC30,0.1,5,original_mclrp,0.6420634816328965,0.9742124498376514,0.6705869960116072,13084,1454,0.6420634816328965,0.9742124498376514,0.6705869960116072,0.0,0.0,0.0
ERKAUC30,0.1,5,mfmr_base,0.6561052282789542,0.7750636363033141,0.5061332621236387,13084,1454,0.6561052282789542,0.7750636363033141,0.5061332621236387,0.0,0.0,0.0
ERKAUC30,0.1,6,original_mclrp,0.6548728295729653,0.916834661144361,0.6504350126857161,13084,1454,0.6548728295729653,0.916834661144361,0.6504350126857161,0.0,0.0,0.0
ERKAUC30,0.1,6,mfmr_base,0.7015792791812042,0.6904485549699321,0.4839487370727148,13084,1454,0.7015792791812042,0.6904485549699321,0.4839487370727148,0.0,0.0,0.0
ERKAUC30,0.1,7,original_mclrp,0.6195655702743585,0.9559591338090684,0.6582133162300546,13084,1454,0.6195655702743585,0.9559591338090684,0.6582133162300546,0.0,0.0,0.0
ERKAUC30,0.1,7,mfmr_base,0.6640894734028552,0.7488699417557415,0.4770700266988524,13084,1454,0.6640894734028552,0.7488699417557415,0.4770700266988524,0.0,0.0,0.0
ERKAUC30,0.1,8,original_mclrp,0.6627124283357643,0.901538096131388,0.6528504966922015,13084,1454,0.6627124283357643,0.901538096131388,0.6528504966922015,0.0,0.0,0.0
ERKAUC30,0.1,8,mfmr_base,0.6916314903728715,0.6938523910354507,0.492383235253482,13084,1454,0.6916314903728715,0.6938523910354507,0.492383235253482,0.0,0.0,0.0
ERKAUC30,0.1,9,original_mclrp,0.6313347571909708,0.9349186751938344,0.6722616232968058,13084,1454,0.6313347571909708,0.9349186751938344,0.6722616232968058,0.0,0.0,0.0
ERKAUC30,0.1,9,mfmr_base,0.6736719963209972,0.7332301033295844,0.505705523326299,13084,1454,0.6736719963209972,0.7332301033295844,0.505705523326299,0.0,0.0,0.0
ERKAUC30,0.15,0,original_mclrp,0.6213167980819717,0.9068552583052768,0.6616922467313888,12357,2181,0.6510883268394686,0.8752011165736167,0.6471517196911213,-0.02977152875749689,0.031654141731660146,0.014540527040267537
ERKAUC30,0.15,0,mfmr_base,0.6721539230798824,0.7129620785571126,0.5015509581636731,12357,2181,0.6767840371981341,0.6963744352685036,0.4830539193250331,-0.004630114118251649,0.016587643288608955,0.018497038838640012
ERKAUC30,0.15,1,original_mclrp,0.6318166674136476,0.9643002652952892,0.674095666025746,12357,2181,0.629387732032831,0.9540626585624596,0.6533813954276756,0.002428935380816566,0.010237606732829585,0.020714270598070406
ERKAUC30,0.15,1,mfmr_base,0.676687191552865,0.7437730613243834,0.5156743529401683,12357,2181,0.6690783322347356,0.746101112250653,0.5140315412293589,0.007608859318129491,-0.0023280509262696425,0.0016428117108093776
ERKAUC30,0.15,2,original_mclrp,0.6362759468540596,0.9057716246523652,0.6433366121239511,12357,2181,0.6641197059893822,0.9157811820529314,0.6446749619088985,-0.027843759135322554,-0.010009557400566194,-0.0013383497849474013
ERKAUC30,0.15,2,mfmr_base,0.6518659183175637,0.735369068532032,0.5055241928122965,12357,2181,0.6909857143155615,0.7088639700940563,0.4864667753300353,-0.039119795997997864,0.02650509843797566,0.019057417482261252
ERKAUC30,0.15,3,original_mclrp,0.5979069906448851,0.9355386959129136,0.6642062709555707,12357,2181,0.6517715851395696,0.9330329004245574,0.6578359968430819,-0.0538645944946845,0.002505795488356166,0.006370274112488805
ERKAUC30,0.15,3,mfmr_base,0.6333885186582554,0.7669227021941858,0.5198019963323463,12357,2181,0.6923539580781966,0.7135124142906222,0.4978423733570458,-0.058965439419941146,0.053410287903563614,0.021959622975300463
ERKAUC30,0.15,4,original_mclrp,0.5930281390477139,0.9056311706275058,0.6512956628605362,12357,2181,0.6105829073612289,0.9145406784005914,0.6529694756475378,-0.01755476831351499,-0.008909507773085634,-0.0016738127870016273
ERKAUC30,0.15,4,mfmr_base,0.6352723292866864,0.745139468167963,0.5166610751379728,12357,2181,0.6488802553136507,0.7362853362379962,0.5016618933913136,-0.013607926026964257,0.008854131929966758,0.014999181746659151
ERKAUC30,0.15,5,original_mclrp,0.6159476597034608,0.9692345955528496,0.6689185443081372,12357,2181,0.6420634816328965,0.9742124498376514,0.6705869960116072,-0.026115821929435734,-0.004977854284801797,-0.0016684517034699642
ERKAUC30,0.15,5,mfmr_base,0.6220573686743159,0.8009771549007512,0.533101571548662,12357,2181,0.6561052282789542,0.7750636363033141,0.5061332621236387,-0.0340478596046383,0.02591351859743707,0.026968309425023262
ERKAUC30,0.15,6,original_mclrp,0.6292604437685019,0.907925959133298,0.6475050013312806,12357,2181,0.6548728295729653,0.916834661144361,0.6504350126857161,-0.025612385804463456,-0.008908702011062974,-0.002930011354435491
ERKAUC30,0.15,6,mfmr_base,0.6626831084120611,0.7195746210207716,0.507970787954898,12357,2181,0.7015792791812042,0.6904485549699321,0.4839487370727148,-0.03889617076914309,0.02912606605083956,0.024022050882183232
ERKAUC30,0.15,7,original_mclrp,0.6196093192765719,0.9713915054245086,0.6846276613704521,12357,2181,0.6195655702743585,0.9559591338090684,0.6582133162300546,4.374900221337796e-05,0.015432371615440199,0.02641434514039742
ERKAUC30,0.15,7,mfmr_base,0.6640025411623973,0.75862670597451,0.5012972951096295,12357,2181,0.6640894734028552,0.7488699417557415,0.4770700266988524,-8.693224045785986e-05,0.009756764218768477,0.024227268410777103
ERKAUC30,0.15,8,original_mclrp,0.6313593517661255,0.9276799101815932,0.6626961624516556,12357,2181,0.6627124283357643,0.901538096131388,0.6528504966922015,-0.031353076569638816,0.026141814050205214,0.009845665759454114
ERKAUC30,0.15,8,mfmr_base,0.6599603818058124,0.7341976098311086,0.5097686863464425,12357,2181,0.6916314903728715,0.6938523910354507,0.492383235253482,-0.031671108567059125,0.04034521879565789,0.01738545109296047
ERKAUC30,0.15,9,original_mclrp,0.6038061888080565,0.974538591572604,0.675663888321802,12357,2181,0.6313347571909708,0.9349186751938344,0.6722616232968058,-0.027528568382914287,0.039619916378769604,0.003402265024996187
ERKAUC30,0.15,9,mfmr_base,0.644009952410084,0.7845449678362109,0.5235125884477078,12357,2181,0.6736719963209972,0.7332301033295844,0.505705523326299,-0.029662043910913205,0.05131486450662648,0.017807065121408727
ERKAUC30,0.2,0,original_mclrp,0.5920079903367765,0.9232490718958576,0.6712310865232408,11630,2908,0.6510883268394686,0.8752011165736167,0.6471517196911213,-0.059080336502692066,0.04804795532224093,0.02407936683211953
ERKAUC30,0.2,0,mfmr_base,0.6372249516407023,0.7553488284667133,0.5335104112723976,11630,2908,0.6767840371981341,0.6963744352685036,0.4830539193250331,-0.03955908555743182,0.05897439319820963,0.05045649194736451
ERKAUC30,0.2,1,original_mclrp,0.6145681073634914,0.9572772295972238,0.6745353645435003,11630,2908,0.629387732032831,0.9540626585624596,0.6533813954276756,-0.014819624669339615,0.003214571034764191,0.021153969115824678
ERKAUC30,0.2,1,mfmr_base,0.6545456926394477,0.758006544176062,0.5275140779092388,11630,2908,0.6690783322347356,0.746101112250653,0.5140315412293589,-0.014532639595287833,0.011905431925408938,0.013482536679879864
ERKAUC30,0.2,2,original_mclrp,0.6220722804411924,0.9069628513872372,0.644095433174962,11630,2908,0.6641197059893822,0.9157811820529314,0.6446749619088985,-0.04204742554818974,-0.008818330665694152,-0.0005795287339365185
ERKAUC30,0.2,2,mfmr_base,0.6375231109751649,0.7517918758478328,0.5189349937760396,11630,2908,0.6909857143155615,0.7088639700940563,0.4864667753300353,-0.05346260334039665,0.042927905753776474,0.03246821844600428
ERKAUC30,0.2,3,original_mclrp,0.5938933073455157,0.921645891006312,0.6607938278805584,11630,2908,0.6517715851395696,0.9330329004245574,0.6578359968430819,-0.057878277794053856,-0.011387009418245442,0.0029578310374764882
ERKAUC30,0.2,3,mfmr_base,0.6229943181627917,0.7681357694621682,0.5297019562969313,11630,2908,0.6923539580781966,0.7135124142906222,0.4978423733570458,-0.06935963991540484,0.05462335517154604,0.0318595829398855
ERKAUC30,0.2,4,original_mclrp,0.567736460270372,0.935896705555746,0.6646870951891798,11630,2908,0.6105829073612289,0.9145406784005914,0.6529694756475378,-0.04284644709085694,0.02135602715515461,0.011717619541641966
ERKAUC30,0.2,4,mfmr_base,0.606340541586583,0.7898954473474434,0.5397444061519088,11630,2908,0.6488802553136507,0.7362853362379962,0.5016618933913136,-0.04253971372706766,0.053610111109447245,0.038082512760595155
ERKAUC30,0.2,5,original_mclrp,0.6069136530471512,0.9471938231026452,0.6638902716879945,11630,2908,0.6420634816328965,0.9742124498376514,0.6705869960116072,-0.035149828585745335,-0.027018626735006213,-0.0066967243236126794
ERKAUC30,0.2,5,mfmr_base,0.6162106939481492,0.7886516629928936,0.5398936707841824,11630,2908,0.6561052282789542,0.7750636363033141,0.5061332621236387,-0.03989453433080503,0.01358802668957948,0.03376040866054364
ERKAUC30,0.2,6,original_mclrp,0.6090998126949727,0.922244565669773,0.6540419412631014,11630,2908,0.6548728295729653,0.916834661144361,0.6504350126857161,-0.04577301687799262,0.005409904525412013,0.0036069285773853155
ERKAUC30,0.2,6,mfmr_base,0.6439923450285705,0.7434182082402976,0.5209882342340635,11630,2908,0.7015792791812042,0.6904485549699321,0.4839487370727148,-0.05758693415263372,0.05296965327036551,0.03703949716134869
ERKAUC30,0.2,7,original_mclrp,0.6035158427778786,0.9826055018510608,0.6938873750349698,11630,2908,0.6195655702743585,0.9559591338090684,0.6582133162300546,-0.016049727496479926,0.026646368041992385,0.03567405880491514
ERKAUC30,0.2,7,mfmr_base,0.6398644654605229,0.788033946642017,0.5305360764615707,11630,2908,0.6640894734028552,0.7488699417557415,0.4770700266988524,-0.02422500794233229,0.03916400488627547,0.05346604976271835
ERKAUC30,0.2,8,original_mclrp,0.6080424740125214,0.9248696537388684,0.6663249436009787,11630,2908,0.6627124283357643,0.901538096131388,0.6528504966922015,-0.05466995432324284,0.023331557607480402,0.013474446908777193
ERKAUC30,0.2,8,mfmr_base,0.6287607310010674,0.7643764616144442,0.5365759340136549,11630,2908,0.6916314903728715,0.6938523910354507,0.492383235253482,-0.06287075937180409,0.07052407057899346,0.0441926987601729
ERKAUC30,0.2,9,original_mclrp,0.5901452383673603,0.9595135645731336,0.6712110957095428,11630,2908,0.6313347571909708,0.9349186751938344,0.6722616232968058,-0.04118951882361044,0.024594889379299212,-0.0010505275872629838
ERKAUC30,0.2,9,mfmr_base,0.6185149105307646,0.7960834173168133,0.5369886926680499,11630,2908,0.6736719963209972,0.7332301033295844,0.505705523326299,-0.055157085790232596,0.06285331398722893,0.031283169341750905
ERKAUC30,0.25,0,original_mclrp,0.5620615823534071,0.9476225577522938,0.6843440012012144,10904,3634,0.6510883268394686,0.8752011165736167,0.6471517196911213,-0.08902674448606152,0.0724214411786771,0.03719228151009313
ERKAUC30,0.25,0,mfmr_base,0.6144455126991302,0.7863284488234287,0.5497109259653628,10904,3634,0.6767840371981341,0.6963744352685036,0.4830539193250331,-0.0623385244990039,0.08995401355492505,0.06665700664032964
ERKAUC30,0.25,1,original_mclrp,0.6044774389988032,0.9579380030186238,0.6798187140266924,10904,3634,0.629387732032831,0.9540626585624596,0.6533813954276756,-0.02491029303402781,0.0038753444561641093,0.026437318599016768
ERKAUC30,0.25,1,mfmr_base,0.6478604563136104,0.7635529948164481,0.5407343658324515,10904,3634,0.6690783322347356,0.746101112250653,0.5140315412293589,-0.021217875921125118,0.017451882565795107,0.02670282460309259
ERKAUC30,0.25,2,original_mclrp,0.583026807849244,0.910393604700328,0.6467715893184837,10904,3634,0.6641197059893822,0.9157811820529314,0.6446749619088985,-0.0810928981401382,-0.005387577352603312,0.002096627409585161
ERKAUC30,0.25,2,mfmr_base,0.6129686522239042,0.7676728837518609,0.5351641827044651,10904,3634,0.6909857143155615,0.7088639700940563,0.4864667753300353,-0.07801706209165737,0.05880891365780461,0.04869740737442979
ERKAUC30,0.25,3,original_mclrp,0.5592138591795472,0.9517656888008388,0.67292884345564,10904,3634,0.6517715851395696,0.9330329004245574,0.6578359968430819,-0.09255772596002232,0.01873278837628134,0.015092846612558053
ERKAUC30,0.25,3,mfmr_base,0.6044295046494651,0.7990505792496365,0.5423390044211727,10904,3634,0.6923539580781966,0.7135124142906222,0.4978423733570458,-0.08792445342873145,0.08553816495901434,0.04449663106412688
ERKAUC30,0.25,4,original_mclrp,0.5574927706127895,0.9518183772032566,0.6762123980761031,10904,3634,0.6105829073612289,0.9145406784005914,0.6529694756475378,-0.05309013674843943,0.03727769880266518,0.023242922428565294
ERKAUC30,0.25,4,mfmr_base,0.6008143216554085,0.8050768069998633,0.5476338214264802,10904,3634,0.6488802553136507,0.7362853362379962,0.5016618933913136,-0.04806593365824219,0.06879147076186709,0.04597192803516659
ERKAUC30,0.25,5,original_mclrp,0.5863744679498042,0.9461158806336336,0.6668217399231122,10904,3634,0.6420634816328965,0.9742124498376514,0.6705869960116072,-0.055689013683092314,-0.02809656920401782,-0.0037652560884949837
ERKAUC30,0.25,5,mfmr_base,0.5988437739025699,0.7976935594886303,0.5459014551877314,10904,3634,0.6561052282789542,0.7750636363033141,0.5061332621236387,-0.0572614543763843,0.022629923185316203,0.03976819306409263
ERKAUC30,0.25,6,original_mclrp,0.5970328800227743,0.9464110030726834,0.6638476626771712,10904,3634,0.6548728295729653,0.916834661144361,0.6504350126857161,-0.057839949550191005,0.02957634192832248,0.013412649991455083
ERKAUC30,0.25,6,mfmr_base,0.6498417634192476,0.7529313086228416,0.5250169928292159,10904,3634,0.7015792791812042,0.6904485549699321,0.4839487370727148,-0.05173751576195662,0.06248275365290956,0.04106825575650108
ERKAUC30,0.25,7,original_mclrp,0.5812978979109472,0.989282644949364,0.7021445520919024,10904,3634,0.6195655702743585,0.9559591338090684,0.6582133162300546,-0.03826767236341133,0.033323511140295636,0.04393123586184777
ERKAUC30,0.25,7,mfmr_base,0.6295758129624159,0.7988662188794835,0.5431708242168314,10904,3634,0.6640894734028552,0.7488699417557415,0.4770700266988524,-0.03451366044043924,0.049996277123741995,0.06610079751797898
ERKAUC30,0.25,8,original_mclrp,0.5884894721069966,0.921502193105575,0.6674964875176088,10904,3634,0.6627124283357643,0.901538096131388,0.6528504966922015,-0.07422295622876762,0.019964096974186996,0.014645990825407296
ERKAUC30,0.25,8,mfmr_base,0.6256176433430397,0.7641685731752265,0.5442847966277179,10904,3634,0.6916314903728715,0.6938523910354507,0.492383235253482,-0.06601384702983182,0.07031618213977575,0.051901561374235905
ERKAUC30,0.25,9,original_mclrp,0.5771816728754879,0.9555955622511484,0.6707255619712178,10904,3634,0.6313347571909708,0.9349186751938344,0.6722616232968058,-0.054153084315482825,0.020676887057313964,-0.001536061325588034
ERKAUC30,0.25,9,mfmr_base,0.6023290490752221,0.8046188705185922,0.5430446617641582,10904,3634,0.6736719963209972,0.7332301033295844,0.505705523326299,-0.07134294724577506,0.07138876718900777,0.03733913843785919
ERKAUC30,0.3,0,original_mclrp,0.5466593717428215,0.9545216584911732,0.6859864324273611,10177,4361,0.6510883268394686,0.8752011165736167,0.6471517196911213,-0.10442895509664707,0.07932054191755655,0.03883471273623984
ERKAUC30,0.3,0,mfmr_base,0.605247396095007,0.7955782826613569,0.5557051115972215,10177,4361,0.6767840371981341,0.6963744352685036,0.4830539193250331,-0.07153664110312707,0.09920384739285326,0.07265119227218836
ERKAUC30,0.3,1,original_mclrp,0.5652598748587071,0.976903071565146,0.6826538900194182,10177,4361,0.629387732032831,0.9540626585624596,0.6533813954276756,-0.06412785717412395,0.022840413002686355,0.029272494591742637
ERKAUC30,0.3,1,mfmr_base,0.6261309554883548,0.7900805488395612,0.5443903812268092,10177,4361,0.6690783322347356,0.746101112250653,0.5140315412293589,-0.04294737674638072,0.04397943658890824,0.03035883999745026
ERKAUC30,0.3,2,original_mclrp,0.5511683664279065,0.9537612860760142,0.6632475863865444,10177,4361,0.6641197059893822,0.9157811820529314,0.6446749619088985,-0.11295133956147574,0.03798010402308283,0.01857262447764585
ERKAUC30,0.3,2,mfmr_base,0.589498691180918,0.8074770784088383,0.5496563792080383,10177,4361,0.6909857143155615,0.7088639700940563,0.4864667753300353,-0.10148702313464353,0.09861310831478198,0.06318960387800304
ERKAUC30,0.3,3,original_mclrp,0.5360776337661146,0.9585300129144134,0.6745698171430603,10177,4361,0.6517715851395696,0.9330329004245574,0.6578359968430819,-0.11569395137345495,0.025497112489855978,0.016733820299978386
ERKAUC30,0.3,3,mfmr_base,0.5970848356743633,0.8021617881230774,0.5422290780660043,10177,4361,0.6923539580781966,0.7135124142906222,0.4978423733570458,-0.09526912240383323,0.08864937383245519,0.0443867047089585
ERKAUC30,0.3,4,original_mclrp,0.5349217894276105,0.9632388307884628,0.6773419188834885,10177,4361,0.6105829073612289,0.9145406784005914,0.6529694756475378,-0.0756611179336184,0.04869815238787145,0.02437244323595067
ERKAUC30,0.3,4,mfmr_base,0.5875384945678435,0.8176830524536196,0.5571816703446297,10177,4361,0.6488802553136507,0.7362853362379962,0.5016618933913136,-0.06134176074580722,0.08139771621562342,0.05551977695331611
ERKAUC30,0.3,5,original_mclrp,0.5556730621818533,0.939338055840385,0.6631922732029838,10177,4361,0.6420634816328965,0.9742124498376514,0.6705869960116072,-0.0863904194510432,-0.03487439399726644,-0.007394722808623411
ERKAUC30,0.3,5,mfmr_base,0.589810268361053,0.7955512280012658,0.5440311708869944,10177,4361,0.6561052282789542,0.7750636363033141,0.5061332621236387,-0.06629495991790124,0.020487591697951668,0.03789790876335564
ERKAUC30,0.3,6,original_mclrp,0.5676829700376802,0.9423811870497232,0.6595042017680975,10177,4361,0.6548728295729653,0.916834661144361,0.6504350126857161,-0.08718985953528513,0.025546525905362216,0.009069189082381413
ERKAUC30,0.3,6,mfmr_base,0.6268546928661368,0.7669979343716614,0.5297240758495532,10177,4361,0.7015792791812042,0.6904485549699321,0.4839487370727148,-0.0747245863150674,0.07654937940172934,0.04577533877683837
ERKAUC30,0.3,7,original_mclrp,0.5568492470453166,0.982176588378306,0.6962317208152113,10177,4361,0.6195655702743585,0.9559591338090684,0.6582133162300546,-0.06271632322904197,0.02621745456923763,0.038018404585156707
ERKAUC30,0.3,7,mfmr_base,0.6154866191068359,0.803449820283568,0.5454616669239337,10177,4361,0.6640894734028552,0.7488699417557415,0.4770700266988524,-0.04860285429601929,0.05457987852782653,0.06839164022508132
ERKAUC30,0.3,8,original_mclrp,0.5604472376418688,0.9376863652674478,0.6707373648984643,10177,4361,0.6627124283357643,0.901538096131388,0.6528504966922015,-0.1022651906938955,0.03614826913605973,0.01788686820626273
ERKAUC30,0.3,8,mfmr_base,0.6119011577356294,0.7788053452898518,0.5449949617751649,10177,4361,0.6916314903728715,0.6938523910354507,0.492383235253482,-0.07973033263724216,0.08495295425440108,0.052611726521682944
ERKAUC30,0.3,9,original_mclrp,0.5616642151641394,0.9603567232996044,0.6749529575574134,10177,4361,0.6313347571909708,0.9349186751938344,0.6722616232968058,-0.06967054202683132,0.025438048105769995,0.0026913342606075252
ERKAUC30,0.3,9,mfmr_base,0.6052842852131352,0.7987987567161323,0.5385051880328828,10177,4361,0.6736719963209972,0.7332301033295844,0.505705523326299,-0.06838771110786201,0.06556865338654794,0.0327996647065838
ERKIC50,0.1,0,original_mclrp,0.5976608345565002,1.0001512869423557,0.7602887036594184,13899,1544,0.5976608345565002,1.0001512869423557,0.7602887036594184,0.0,0.0,0.0
ERKIC50,0.1,0,mfmr_base,0.6392029293227952,0.8046002358354674,0.597639666247765,13899,1544,0.6392029293227952,0.8046002358354674,0.597639666247765,0.0,0.0,0.0
ERKIC50,0.1,1,original_mclrp,0.6211232266766615,0.9574995735654084,0.7428847966592879,13899,1544,0.6211232266766615,0.9574995735654084,0.7428847966592879,0.0,0.0,0.0
ERKIC50,0.1,1,mfmr_base,0.6442702207770401,0.7702126736081089,0.5845383329509071,13899,1544,0.6442702207770401,0.7702126736081089,0.5845383329509071,0.0,0.0,0.0
ERKIC50,0.1,2,original_mclrp,0.5736256070250695,0.9872696356436,0.7518446583194406,13899,1544,0.5736256070250695,0.9872696356436,0.7518446583194406,0.0,0.0,0.0
ERKIC50,0.1,2,mfmr_base,0.6300462318962924,0.8009829635653747,0.5928253699412804,13899,1544,0.6300462318962924,0.8009829635653747,0.5928253699412804,0.0,0.0,0.0
ERKIC50,0.1,3,original_mclrp,0.6212196237911234,0.9475522107670892,0.7491811678093491,13899,1544,0.6212196237911234,0.9475522107670892,0.7491811678093491,0.0,0.0,0.0
ERKIC50,0.1,3,mfmr_base,0.6535486803013778,0.7551750197535912,0.5802115983038072,13899,1544,0.6535486803013778,0.7551750197535912,0.5802115983038072,0.0,0.0,0.0
ERKIC50,0.1,4,original_mclrp,0.5940480705229649,0.931604207470135,0.7323498981635453,13899,1544,0.5940480705229649,0.931604207470135,0.7323498981635453,0.0,0.0,0.0
ERKIC50,0.1,4,mfmr_base,0.6495814463443301,0.743770963713921,0.5619277161085894,13899,1544,0.6495814463443301,0.743770963713921,0.5619277161085894,0.0,0.0,0.0
ERKIC50,0.1,5,original_mclrp,0.6222334353375265,0.922581294316478,0.7358034705469911,13899,1544,0.6222334353375265,0.922581294316478,0.7358034705469911,0.0,0.0,0.0
ERKIC50,0.1,5,mfmr_base,0.642256443638661,0.7492057407053518,0.5689860662299756,13899,1544,0.642256443638661,0.7492057407053518,0.5689860662299756,0.0,0.0,0.0
ERKIC50,0.1,6,original_mclrp,0.6037497938610022,0.9695842591467246,0.740833393410398,13899,1544,0.6037497938610022,0.9695842591467246,0.740833393410398,0.0,0.0,0.0
ERKIC50,0.1,6,mfmr_base,0.653861496565485,0.7695815602819782,0.5776746539840713,13899,1544,0.653861496565485,0.7695815602819782,0.5776746539840713,0.0,0.0,0.0
ERKIC50,0.1,7,original_mclrp,0.6152476656735134,0.9511997826418724,0.7452926144325386,13899,1544,0.6152476656735134,0.9511997826418724,0.7452926144325386,0.0,0.0,0.0
ERKIC50,0.1,7,mfmr_base,0.6620632707415746,0.7478202019261391,0.5719104067790319,13899,1544,0.6620632707415746,0.7478202019261391,0.5719104067790319,0.0,0.0,0.0
ERKIC50,0.1,8,original_mclrp,0.6181409554484897,0.961071294624812,0.7635103721627545,13899,1544,0.6181409554484897,0.961071294624812,0.7635103721627545,0.0,0.0,0.0
ERKIC50,0.1,8,mfmr_base,0.6546468783785707,0.7621336841973845,0.5816199910774051,13899,1544,0.6546468783785707,0.7621336841973845,0.5816199910774051,0.0,0.0,0.0
ERKIC50,0.1,9,original_mclrp,0.6031247581886475,0.9449704292173766,0.7288110243053948,13899,1544,0.6031247581886475,0.9449704292173766,0.7288110243053948,0.0,0.0,0.0
ERKIC50,0.1,9,mfmr_base,0.6283984908019122,0.776338057206962,0.5734194353548342,13899,1544,0.6283984908019122,0.776338057206962,0.5734194353548342,0.0,0.0,0.0
ERKIC50,0.15,0,original_mclrp,0.5761928648499546,0.9657749420252713,0.7490193411118978,13127,2316,0.5976608345565002,1.0001512869423557,0.7602887036594184,-0.02146796970654563,-0.03437634491708441,-0.011269362547520534
ERKIC50,0.15,0,mfmr_base,0.6139776898551798,0.8007415694363879,0.5992909492646463,13127,2316,0.6392029293227952,0.8046002358354674,0.597639666247765,-0.025225239467615457,-0.0038586663990795023,0.001651283016881333
ERKIC50,0.15,1,original_mclrp,0.6201783588614262,0.952263755816922,0.7458209749666681,13127,2316,0.6211232266766615,0.9574995735654084,0.7428847966592879,-0.0009448678152352841,-0.00523581774848636,0.002936178307380244
ERKIC50,0.15,1,mfmr_base,0.6408530724177565,0.7679951914309471,0.5850724042251706,13127,2316,0.6442702207770401,0.7702126736081089,0.5845383329509071,-0.0034171483592836394,-0.002217482177161778,0.0005340712742635256
ERKIC50,0.15,2,original_mclrp,0.5966219145844144,0.9864385028293312,0.7568996576290402,13127,2316,0.5736256070250695,0.9872696356436,0.7518446583194406,0.022996307559344897,-0.0008311328142688312,0.005054999309599628
ERKIC50,0.15,2,mfmr_base,0.6457354385084462,0.785373154418203,0.589187415543638,13127,2316,0.6300462318962924,0.8009829635653747,0.5928253699412804,0.015689206612153783,-0.015609809147171694,-0.0036379543976424733
ERKIC50,0.15,3,original_mclrp,0.6037199145143318,0.9514341705304216,0.7468992290733555,13127,2316,0.6212196237911234,0.9475522107670892,0.7491811678093491,-0.017499709276791564,0.0038819597633323877,-0.0022819387359935828
ERKIC50,0.15,3,mfmr_base,0.6453047216596788,0.7608084699898489,0.5833816528102159,13127,2316,0.6535486803013778,0.7551750197535912,0.5802115983038072,-0.008243958641699023,0.005633450236257609,0.003170054506408726
ERKIC50,0.15,4,original_mclrp,0.5867653061077999,0.9430295318080884,0.7391655986955649,13127,2316,0.5940480705229649,0.931604207470135,0.7323498981635453,-0.007282764415165066,0.011425324337953402,0.00681570053201952
ERKIC50,0.15,4,mfmr_base,0.6397110155118041,0.7604060278648601,0.5720531472775473,13127,2316,0.6495814463443301,0.743770963713921,0.5619277161085894,-0.009870430832526034,0.016635064150939072,0.010125431168957921
ERKIC50,0.15,5,original_mclrp,0.6125857371943122,0.9377789179145176,0.7402173641288714,13127,2316,0.6222334353375265,0.922581294316478,0.7358034705469911,-0.009647698143214312,0.015197623598039667,0.004413893581880268
ERKIC50,0.15,5,mfmr_base,0.6518858779082237,0.7495884489480531,0.5709367557911328,13127,2316,0.642256443638661,0.7492057407053518,0.5689860662299756,0.009629434269562753,0.00038270824270125736,0.0019506895611571817
ERKIC50,0.15,6,original_mclrp,0.5952900151574262,0.966478611526458,0.7443914617984603,13127,2316,0.6037497938610022,0.9695842591467246,0.740833393410398,-0.00845977870357606,-0.0031056476202666605,0.0035580683880622743
ERKIC50,0.15,6,mfmr_base,0.6396729088363026,0.7785311469742148,0.5889166783468455,13127,2316,0.653861496565485,0.7695815602819782,0.5776746539840713,-0.014188587729182411,0.008949586692236555,0.011242024362774217
ERKIC50,0.15,7,original_mclrp,0.6020629171657147,0.9584412304975451,0.7482000047854126,13127,2316,0.6152476656735134,0.9511997826418724,0.7452926144325386,-0.013184748507798716,0.007241447855672711,0.0029073903528740175
ERKIC50,0.15,7,mfmr_base,0.6416463569734511,0.7685572027422121,0.5730011093050262,13127,2316,0.6620632707415746,0.7478202019261391,0.5719104067790319,-0.02041691376812349,0.020737000816072992,0.0010907025259943026
ERKIC50,0.15,8,original_mclrp,0.5987634519347302,0.9489842383244982,0.7477475486256503,13127,2316,0.6181409554484897,0.961071294624812,0.7635103721627545,-0.019377503513759442,-0.012087056300313814,-0.01576282353710423
ERKIC50,0.15,8,mfmr_base,0.6336492709795536,0.7700070682635188,0.5860136058839753,13127,2316,0.6546468783785707,0.7621336841973845,0.5816199910774051,-0.020997607399017126,0.007873384066134359,0.00439361480657019
ERKIC50,0.15,9,original_mclrp,0.5769729895509484,0.9584926937225896,0.7328978420362464,13127,2316,0.6031247581886475,0.9449704292173766,0.7288110243053948,-0.02615176863769908,0.013522264505212989,0.004086817730851622
ERKIC50,0.15,9,mfmr_base,0.6120141470525228,0.7970327506020446,0.5889048440289546,13127,2316,0.6283984908019122,0.776338057206962,0.5734194353548342,-0.016384343749389463,0.020694693395082564,0.015485408674120404
ERKIC50,0.2,0,original_mclrp,0.5685837154771795,0.9577371012984708,0.7452776391081745,12354,3089,0.5976608345565002,1.0001512869423557,0.7602887036594184,-0.029077119079320757,-0.04241418564388488,-0.015011064551243902
ERKIC50,0.2,0,mfmr_base,0.6028820495893811,0.8046243682665997,0.6071036998846299,12354,3089,0.6392029293227952,0.8046002358354674,0.597639666247765,-0.036320879733414135,2.4132431132306564e-05,0.009464033636864877
ERKIC50,0.2,1,original_mclrp,0.5922259557037064,0.9539087778389342,0.7491655223532552,12354,3089,0.6211232266766615,0.9574995735654084,0.7428847966592879,-0.028897270972955136,-0.0035907957264741386,0.006280725693967315
ERKIC50,0.2,1,mfmr_base,0.623188859905058,0.7838238942147105,0.597138028779793,12354,3089,0.6442702207770401,0.7702126736081089,0.5845383329509071,-0.02108136087198209,0.013611220606601693,0.012599695828885982
ERKIC50,0.2,2,original_mclrp,0.5998858908975974,0.9681829361794452,0.7521487525308245,12354,3089,0.5736256070250695,0.9872696356436,0.7518446583194406,0.02626028387252788,-0.019086699464154866,0.00030409421138388737
ERKIC50,0.2,2,mfmr_base,0.6345083133502063,0.7809493921816671,0.593452331519038,12354,3089,0.6300462318962924,0.8009829635653747,0.5928253699412804,0.004462081453913913,-0.020033571383707538,0.0006269615777575455
ERKIC50,0.2,3,original_mclrp,0.5925505729764587,0.957642843416264,0.7452840263874961,12354,3089,0.6212196237911234,0.9475522107670892,0.7491811678093491,-0.028669050814664643,0.010090632649174869,-0.0038971414218529343
ERKIC50,0.2,3,mfmr_base,0.6403212432478121,0.7686961813494413,0.5886290679581679,12354,3089,0.6535486803013778,0.7551750197535912,0.5802115983038072,-0.01322743705356566,0.01352116159585004,0.008417469654360743
ERKIC50,0.2,4,original_mclrp,0.5758054185896828,0.9509685869441408,0.7481710249356313,12354,3089,0.5940480705229649,0.931604207470135,0.7323498981635453,-0.018242651933282117,0.01936437947400582,0.015821126772085914
ERKIC50,0.2,4,mfmr_base,0.6277002207183296,0.7750356247978695,0.5869133283298256,12354,3089,0.6495814463443301,0.743770963713921,0.5619277161085894,-0.021881225626000478,0.03126466108394843,0.024985612221236186
ERKIC50,0.2,5,original_mclrp,0.5991839829061059,0.9537184210070772,0.7523774479018026,12354,3089,0.6222334353375265,0.922581294316478,0.7358034705469911,-0.023049452431420647,0.031137126690599204,0.016573977354811475
ERKIC50,0.2,5,mfmr_base,0.6481105736091018,0.761868754240893,0.582126781284039,12354,3089,0.642256443638661,0.7492057407053518,0.5689860662299756,0.00585412997044088,0.012663013535541112,0.013140715054063445
ERKIC50,0.2,6,original_mclrp,0.5730162297463507,0.9819983602098163,0.7534884953830802,12354,3089,0.6037497938610022,0.9695842591467246,0.740833393410398,-0.030733564114651557,0.01241410106309171,0.012655101972682159
ERKIC50,0.2,6,mfmr_base,0.6232143987358856,0.8016671402885588,0.6007692122309749,12354,3089,0.653861496565485,0.7695815602819782,0.5776746539840713,-0.0306470978295994,0.03208558000658057,0.02309455824690365
ERKIC50,0.2,7,original_mclrp,0.586383296092559,0.9679673440919544,0.7532322537776664,12354,3089,0.6152476656735134,0.9511997826418724,0.7452926144325386,-0.028864369580954397,0.016767561450081958,0.007939639345127869
ERKIC50,0.2,7,mfmr_base,0.6225016322063591,0.7915593706087829,0.5961413385854214,12354,3089,0.6620632707415746,0.7478202019261391,0.5719104067790319,-0.03956163853521544,0.043739168682643825,0.024230931806389466
ERKIC50,0.2,8,original_mclrp,0.5902998949941045,0.9551855056959072,0.752875790095586,12354,3089,0.6181409554484897,0.961071294624812,0.7635103721627545,-0.02784106045438517,-0.005885788928904789,-0.010634582067168497
ERKIC50,0.2,8,mfmr_base,0.6311143003715,0.7766764317090878,0.5939845466993007,12354,3089,0.6546468783785707,0.7621336841973845,0.5816199910774051,-0.02353257800707076,0.014542747511703369,0.012364555621895534
ERKIC50,0.2,9,original_mclrp,0.5725580963490676,0.971938436820376,0.7452405362577808,12354,3089,0.6031247581886475,0.9449704292173766,0.7288110243053948,-0.0305666618395799,0.026968007602999333,0.016429511952385956
ERKIC50,0.2,9,mfmr_base,0.5971620885506999,0.819333050314532,0.6094274227829826,12354,3089,0.6283984908019122,0.776338057206962,0.5734194353548342,-0.03123640225121238,0.042994993107569934,0.03600798742814837
ERKIC50,0.25,0,original_mclrp,0.5508528606610557,0.965954901621809,0.7484969940710342,11582,3861,0.5976608345565002,1.0001512869423557,0.7602887036594184,-0.046807973895444555,-0.034196385320546696,-0.011791709588384158
ERKIC50,0.25,0,mfmr_base,0.5850176212483329,0.8231939806585633,0.6171181888198991,11582,3861,0.6392029293227952,0.8046002358354674,0.597639666247765,-0.05418530807446231,0.018593744823095948,0.019478522572134116
ERKIC50,0.25,1,original_mclrp,0.5586506731582008,0.957021592102348,0.7506713491952857,11582,3861,0.6211232266766615,0.9574995735654084,0.7428847966592879,-0.062472553518460705,-0.0004779814630603285,0.007786552535997804
ERKIC50,0.25,1,mfmr_base,0.5987166603236695,0.8046362060620965,0.6159450542487053,11582,3861,0.6442702207770401,0.7702126736081089,0.5845383329509071,-0.045553560453370556,0.03442353245398766,0.0314067212977982
ERKIC50,0.25,2,original_mclrp,0.5738665349641768,0.9668966749109662,0.7519340089186994,11582,3861,0.5736256070250695,0.9872696356436,0.7518446583194406,0.00024092793910734933,-0.020372960732633838,8.93505992588528e-05
ERKIC50,0.25,2,mfmr_base,0.6112498793528176,0.7996329157094755,0.6108810790333413,11582,3861,0.6300462318962924,0.8009829635653747,0.5928253699412804,-0.01879635254347478,-0.0013500478558992057,0.01805570909206089
ERKIC50,0.25,3,original_mclrp,0.5702873967901987,0.9614295147270988,0.7530188492401454,11582,3861,0.6212196237911234,0.9475522107670892,0.7491811678093491,-0.0509322270009247,0.013877303960009635,0.0038376814307963247
ERKIC50,0.25,3,mfmr_base,0.6126335579729238,0.7952337360910058,0.6103694313430107,11582,3861,0.6535486803013778,0.7551750197535912,0.5802115983038072,-0.04091512232845396,0.040058716337414535,0.030157833039203497
ERKIC50,0.25,4,original_mclrp,0.5631677087333417,0.9513455201242812,0.7482344147126725,11582,3861,0.5940480705229649,0.931604207470135,0.7323498981635453,-0.03088036178962328,0.019741312654146248,0.015884516549127148
ERKIC50,0.25,4,mfmr_base,0.6148564452842945,0.7889494885497879,0.5969511381603445,11582,3861,0.6495814463443301,0.743770963713921,0.5619277161085894,-0.03472500106003562,0.04517852483586682,0.035023422051755126
ERKIC50,0.25,5,original_mclrp,0.574712608080672,0.9609651519556284,0.7589360162804083,11582,3861,0.6222334353375265,0.922581294316478,0.7358034705469911,-0.04752082725685447,0.03838385763915042,0.023132545733417165
ERKIC50,0.25,5,mfmr_base,0.6178798605050737,0.7938836402808457,0.6047401384551081,11582,3861,0.642256443638661,0.7492057407053518,0.5689860662299756,-0.02437658313358726,0.04467789957549384,0.035754072225132494
ERKIC50,0.25,6,original_mclrp,0.560911719533183,0.9878836024276464,0.7580224672524454,11582,3861,0.6037497938610022,0.9695842591467246,0.740833393410398,-0.042838074327819275,0.018299343280921754,0.017189073842047375
ERKIC50,0.25,6,mfmr_base,0.602691587722128,0.8240211962358498,0.6107091683834033,11582,3861,0.653861496565485,0.7695815602819782,0.5776746539840713,-0.051169908843356926,0.05443963595387158,0.03303451439933203
ERKIC50,0.25,7,original_mclrp,0.5614892241897184,0.9718039338010278,0.7516318720591877,11582,3861,0.6152476656735134,0.9511997826418724,0.7452926144325386,-0.05375844148379505,0.02060415115915537,0.0063392576266491085
ERKIC50,0.25,7,mfmr_base,0.6029725309064193,0.8104534469771372,0.608654383005141,11582,3861,0.6620632707415746,0.7478202019261391,0.5719104067790319,-0.059090739835155226,0.0626332450509981,0.03674397622610903
ERKIC50,0.25,8,original_mclrp,0.5696308063981073,0.9557999836985198,0.7501325200744253,11582,3861,0.6181409554484897,0.961071294624812,0.7635103721627545,-0.04851014905038242,-0.005271310926292183,-0.0133778520883292
ERKIC50,0.25,8,mfmr_base,0.6057442841052788,0.8009801248492177,0.6084254946370556,11582,3861,0.6546468783785707,0.7621336841973845,0.5816199910774051,-0.04890259427329191,0.03884644065183318,0.0268055035596505
ERKIC50,0.25,9,original_mclrp,0.5572356275410467,0.9786148349146576,0.7555484532695733,11582,3861,0.6031247581886475,0.9449704292173766,0.7288110243053948,-0.045889130647600807,0.033644405697281,0.026737428964178522
ERKIC50,0.25,9,mfmr_base,0.5744053874523971,0.8429638195002963,0.6238856406496194,11582,3861,0.6283984908019122,0.776338057206962,0.5734194353548342,-0.053993103349515126,0.06662576229333428,0.05046620529478518
ERKIC50,0.3,0,original_mclrp,0.5348940575209675,0.9612877773928478,0.7467072789360605,10810,4633,0.5976608345565002,1.0001512869423557,0.7602887036594184,-0.06276677703553268,-0.0388635095495079,-0.013581424723357882
ERKIC50,0.3,0,mfmr_base,0.578994390690402,0.8209984517178549,0.616958489929074,10810,4633,0.6392029293227952,0.8046002358354674,0.597639666247765,-0.06020853863239317,0.016398215882387546,0.019318823681308994
ERKIC50,0.3,1,original_mclrp,0.5318622049264216,0.9581109445724127,0.749387443563927,10810,4633,0.6211232266766615,0.9574995735654084,0.7428847966592879,-0.08926102175023998,0.0006113710070043687,0.006502646904639087
ERKIC50,0.3,1,mfmr_base,0.5821899363791272,0.8146770263146126,0.6203724897629381,10810,4633,0.6442702207770401,0.7702126736081089,0.5845383329509071,-0.06208028439791291,0.04446435270650373,0.03583415681203106
ERKIC50,0.3,2,original_mclrp,0.5510525555261656,0.9672316469491872,0.7535991281376928,10810,4633,0.5736256070250695,0.9872696356436,0.7518446583194406,-0.022573051498903873,-0.020037988694412867,0.0017544698182522245
ERKIC50,0.3,2,mfmr_base,0.5858419506758406,0.8186365381525085,0.6231971970004749,10810,4633,0.6300462318962924,0.8009829635653747,0.5928253699412804,-0.044204281220451835,0.01765357458713379,0.0303718270591945
ERKIC50,0.3,3,original_mclrp,0.5350143805314715,0.964226409888886,0.7536329229049337,10810,4633,0.6212196237911234,0.9475522107670892,0.7491811678093491,-0.08620524325965184,0.016674199121796796,0.0044517550955845975
ERKIC50,0.3,3,mfmr_base,0.5853437550415437,0.8186757788926526,0.6279404981381261,10810,4633,0.6535486803013778,0.7551750197535912,0.5802115983038072,-0.06820492525983413,0.06350075913906139,0.04772889983431894
ERKIC50,0.3,4,original_mclrp,0.5456880302921449,0.9639778504609564,0.7488993588604951,10810,4633,0.5940480705229649,0.931604207470135,0.7323498981635453,-0.04836004023082008,0.03237364299082146,0.016549460696949736
ERKIC50,0.3,4,mfmr_base,0.607050209183516,0.7993209326556566,0.6051575296297228,10810,4633,0.6495814463443301,0.743770963713921,0.5619277161085894,-0.042531237160814084,0.055549968941735584,0.04322981352113342
ERKIC50,0.3,5,original_mclrp,0.5471864460116801,0.9544655882426942,0.7533892223101457,10810,4633,0.6222334353375265,0.922581294316478,0.7358034705469911,-0.07504698932584641,0.03188429392621628,0.017585751763154578
ERKIC50,0.3,5,mfmr_base,0.5984356180601976,0.8034317574291023,0.6144103941571788,10810,4633,0.642256443638661,0.7492057407053518,0.5689860662299756,-0.04382082557846334,0.05422601672375049,0.04542432792720319
ERKIC50,0.3,6,original_mclrp,0.5373827659607623,0.984174293247041,0.7600629907648511,10810,4633,0.6037497938610022,0.9695842591467246,0.740833393410398,-0.06636702790023996,0.01459003410031634,0.019229597354453065
ERKIC50,0.3,6,mfmr_base,0.5929525523296608,0.8262605747140933,0.6156822610973551,10810,4633,0.653861496565485,0.7695815602819782,0.5776746539840713,-0.06090894423582416,0.056679014432115093,0.03800760711328388
ERKIC50,0.3,7,original_mclrp,0.5593815057214343,0.9758480883890824,0.755846570355984,10810,4633,0.6152476656735134,0.9511997826418724,0.7452926144325386,-0.05586615995207911,0.024648305747209998,0.010553955923445435
ERKIC50,0.3,7,mfmr_base,0.58832907788358,0.8248551760402691,0.6200165136018981,10810,4633,0.6620632707415746,0.7478202019261391,0.5719104067790319,-0.07373419285799454,0.07703497411413007,0.0481061068228662
ERKIC50,0.3,8,original_mclrp,0.5552254346462535,0.9591130350754474,0.7505886521405423,10810,4633,0.6181409554484897,0.961071294624812,0.7635103721627545,-0.06291552080223617,-0.0019582595493645716,-0.012921720022212257
ERKIC50,0.3,8,mfmr_base,0.5987450330761891,0.8061594681390017,0.6156546842788193,10810,4633,0.6546468783785707,0.7621336841973845,0.5816199910774051,-0.055901845302381625,0.04402578394161727,0.03403469320141417
ERKIC50,0.3,9,original_mclrp,0.537807144129379,0.9870777393455448,0.7610906790814322,10810,4633,0.6031247581886475,0.9449704292173766,0.7288110243053948,-0.0653176140592685,0.04210731012816815,0.03227965477603745
ERKIC50,0.3,9,mfmr_base,0.572960230416953,0.8440066104016121,0.6274108147265675,10810,4633,0.6283984908019122,0.776338057206962,0.5734194353548342,-0.05543826038495925,0.06766855319465004,0.05399137937173326
PI3KAUC,0.1,0,original_mclrp,0.5762871434778543,0.9137787301124368,0.6710017561575626,11998,1333,0.5762871434778543,0.9137787301124368,0.6710017561575626,0.0,0.0,0.0
PI3KAUC,0.1,0,mfmr_base,0.6211405447301714,0.7532394168976155,0.5563695244696334,11998,1333,0.6211405447301714,0.7532394168976155,0.5563695244696334,0.0,0.0,0.0
PI3KAUC,0.1,1,original_mclrp,0.6057525042877784,0.9214013335229804,0.6894249044123136,11998,1333,0.6057525042877784,0.9214013335229804,0.6894249044123136,0.0,0.0,0.0
PI3KAUC,0.1,1,mfmr_base,0.6159642009581059,0.7671074273738154,0.5593455976431746,11998,1333,0.6159642009581059,0.7671074273738154,0.5593455976431746,0.0,0.0,0.0
PI3KAUC,0.1,2,original_mclrp,0.5724535566936518,0.91162900976023,0.6908047477093069,11998,1333,0.5724535566936518,0.91162900976023,0.6908047477093069,0.0,0.0,0.0
PI3KAUC,0.1,2,mfmr_base,0.6109522001714722,0.757729061528432,0.5608477669971348,11998,1333,0.6109522001714722,0.757729061528432,0.5608477669971348,0.0,0.0,0.0
PI3KAUC,0.1,3,original_mclrp,0.5610747198778889,0.943091889821716,0.6878113857678089,11998,1333,0.5610747198778889,0.943091889821716,0.6878113857678089,0.0,0.0,0.0
PI3KAUC,0.1,3,mfmr_base,0.6156490078506391,0.776790010422474,0.5529118036877138,11998,1333,0.6156490078506391,0.776790010422474,0.5529118036877138,0.0,0.0,0.0
PI3KAUC,0.1,4,original_mclrp,0.5781917882498846,0.956510605888571,0.6888372838757939,11998,1333,0.5781917882498846,0.956510605888571,0.6888372838757939,0.0,0.0,0.0
PI3KAUC,0.1,4,mfmr_base,0.621471518085248,0.780679097418962,0.549276452175665,11998,1333,0.621471518085248,0.780679097418962,0.549276452175665,0.0,0.0,0.0
PI3KAUC,0.1,5,original_mclrp,0.6090534749186879,0.9777865271325938,0.7052756729901098,11998,1333,0.6090534749186879,0.9777865271325938,0.7052756729901098,0.0,0.0,0.0
PI3KAUC,0.1,5,mfmr_base,0.6343416867777545,0.7874497070652142,0.5479508879851615,11998,1333,0.6343416867777545,0.7874497070652142,0.5479508879851615,0.0,0.0,0.0
PI3KAUC,0.1,6,original_mclrp,0.5600801344566165,0.9437665430918296,0.7065569229696654,11998,1333,0.5600801344566165,0.9437665430918296,0.7065569229696654,0.0,0.0,0.0
PI3KAUC,0.1,6,mfmr_base,0.5545096029762888,0.8348266806590193,0.5900560394385908,11998,1333,0.5545096029762888,0.8348266806590193,0.5900560394385908,0.0,0.0,0.0
PI3KAUC,0.1,7,original_mclrp,0.5529301161046887,0.908500773953242,0.6690634147229556,11998,1333,0.5529301161046887,0.908500773953242,0.6690634147229556,0.0,0.0,0.0
PI3KAUC,0.1,7,mfmr_base,0.6140268160868141,0.7532373234477648,0.5449176645711615,11998,1333,0.6140268160868141,0.7532373234477648,0.5449176645711615,0.0,0.0,0.0
PI3KAUC,0.1,8,original_mclrp,0.5499860196757498,0.9296601528531482,0.6620066739857203,11998,1333,0.5499860196757498,0.9296601528531482,0.6620066739857203,0.0,0.0,0.0
PI3KAUC,0.1,8,mfmr_base,0.582643919853129,0.7979615518019351,0.5586014747806871,11998,1333,0.582643919853129,0.7979615518019351,0.5586014747806871,0.0,0.0,0.0
PI3KAUC,0.1,9,original_mclrp,0.5861052181126192,0.9817570881609884,0.7031748917198457,11998,1333,0.5861052181126192,0.9817570881609884,0.7031748917198457,0.0,0.0,0.0
PI3KAUC,0.1,9,mfmr_base,0.6132420056873912,0.80634925000162,0.5586852971339509,11998,1333,0.6132420056873912,0.80634925000162,0.5586852971339509,0.0,0.0,0.0
PI3KAUC,0.15,0,original_mclrp,0.5653910743940955,0.9294539419651224,0.6833724950032792,11331,2000,0.5762871434778543,0.9137787301124368,0.6710017561575626,-0.01089606908375873,0.01567521185268561,0.0123707388457166
PI3KAUC,0.15,0,mfmr_base,0.6011423800505342,0.7813613878132725,0.5710032834507583,11331,2000,0.6211405447301714,0.7532394168976155,0.5563695244696334,-0.01999816467963722,0.028121970915656935,0.014633758981124956
PI3KAUC,0.15,1,original_mclrp,0.5922994586846055,0.9274400790206704,0.6891556788372217,11331,2000,0.6057525042877784,0.9214013335229804,0.6894249044123136,-0.013453045603172842,0.006038745497690012,-0.0002692255750919026
PI3KAUC,0.15,1,mfmr_base,0.6131820853708096,0.7695211520121444,0.5637622516852571,11331,2000,0.6159642009581059,0.7671074273738154,0.5593455976431746,-0.002782115587296241,0.0024137246383290067,0.0044166540420824685
PI3KAUC,0.15,2,original_mclrp,0.5482582522914544,0.9634028581868048,0.706379673792595,11331,2000,0.5724535566936518,0.91162900976023,0.6908047477093069,-0.024195304402197415,0.05177384842657484,0.015574926083288143
PI3KAUC,0.15,2,mfmr_base,0.5985143593599747,0.8055421201667529,0.5687391893439926,11331,2000,0.6109522001714722,0.757729061528432,0.5608477669971348,-0.01243784081149757,0.04781305863832086,0.007891422346857802
PI3KAUC,0.15,3,original_mclrp,0.5467681646002867,0.9624047964631788,0.7032873258195287,11331,2000,0.5610747198778889,0.943091889821716,0.6878113857678089,-0.014306555277602273,0.01931290664146279,0.015475940051719816
PI3KAUC,0.15,3,mfmr_base,0.5801282576746304,0.823224679000909,0.5834470239643852,11331,2000,0.6156490078506391,0.776790010422474,0.5529118036877138,-0.03552075017600875,0.046434668578435034,0.030535220276671438
PI3KAUC,0.15,4,original_mclrp,0.554157845613407,0.9837828812529807,0.6998323208475067,11331,2000,0.5781917882498846,0.956510605888571,0.6888372838757939,-0.024033942636477623,0.027272275364409793,0.01099503697171278
PI3KAUC,0.15,4,mfmr_base,0.6054100664372247,0.8138974320026587,0.5677827950138017,11331,2000,0.621471518085248,0.780679097418962,0.549276452175665,-0.016061451648023306,0.03321833458369672,0.01850634283813668
PI3KAUC,0.15,5,original_mclrp,0.5838110890844926,0.994294087295186,0.7190095629258249,11331,2000,0.6090534749186879,0.9777865271325938,0.7052756729901098,-0.025242385834195247,0.01650756016259214,0.013733889935715005
PI3KAUC,0.15,5,mfmr_base,0.6230756465859277,0.8069606585322042,0.5591002137730647,11331,2000,0.6343416867777545,0.7874497070652142,0.5479508879851615,-0.011266040191826754,0.01951095146699,0.011149325787903286
PI3KAUC,0.15,6,original_mclrp,0.5308244790268056,0.9756562751672314,0.7050130395126043,11331,2000,0.5600801344566165,0.9437665430918296,0.7065569229696654,-0.0292556554298109,0.0318897320754018,-0.0015438834570611348
PI3KAUC,0.15,6,mfmr_base,0.5581793139550377,0.8479181436016134,0.5942159474471482,11331,2000,0.5545096029762888,0.8348266806590193,0.5900560394385908,0.003669710978748908,0.013091462942594112,0.004159908008557478
PI3KAUC,0.15,7,original_mclrp,0.5431181527810476,0.9397183314366412,0.6808862049496601,11331,2000,0.5529301161046887,0.908500773953242,0.6690634147229556,-0.009811963323641093,0.03121755748339916,0.011822790226704516
PI3KAUC,0.15,7,mfmr_base,0.6019358054425644,0.786008540264574,0.5633946224921783,11331,2000,0.6140268160868141,0.7532373234477648,0.5449176645711615,-0.012091010644249667,0.03277121681680917,0.01847695792101678
PI3KAUC,0.15,8,original_mclrp,0.5613595553773021,0.9143246476417368,0.660599164138127,11331,2000,0.5499860196757498,0.9296601528531482,0.6620066739857203,0.011373535701552306,-0.01533550521141136,-0.0014075098475933023
PI3KAUC,0.15,8,mfmr_base,0.5871715639358517,0.7857436975234086,0.5538801208280493,11331,2000,0.582643919853129,0.7979615518019351,0.5586014747806871,0.004527644082722659,-0.012217854278526508,-0.004721353952637841
PI3KAUC,0.15,9,original_mclrp,0.5609057940556232,0.9952861344713206,0.7100076114847925,11331,2000,0.5861052181126192,0.9817570881609884,0.7031748917198457,-0.025199424056995934,0.013529046310332249,0.006832719764946815
PI3KAUC,0.15,9,mfmr_base,0.5868576230249243,0.8377474665663156,0.5853335939489188,11331,2000,0.6132420056873912,0.80634925000162,0.5586852971339509,-0.0263843826624669,0.03139821656469555,0.026648296814967942
PI3KAUC,0.2,0,original_mclrp,0.5423996397271142,0.9399620055614673,0.689064676351119,10665,2666,0.5762871434778543,0.9137787301124368,0.6710017561575626,-0.03388750375074001,0.02618327544903043,0.018062920193556375
PI3KAUC,0.2,0,mfmr_base,0.5760089337750461,0.8118076274875627,0.5841188010045832,10665,2666,0.6211405447301714,0.7532394168976155,0.5563695244696334,-0.0451316109551253,0.05856821058994721,0.02774927653494985
PI3KAUC,0.2,1,original_mclrp,0.5600628742020157,0.928172525970774,0.6875690634403169,10665,2666,0.6057525042877784,0.9214013335229804,0.6894249044123136,-0.045689630085762656,0.0067711924477936725,-0.0018558409719967583
PI3KAUC,0.2,1,mfmr_base,0.6017428041972299,0.777196667878782,0.5720421044816283,10665,2666,0.6159642009581059,0.7671074273738154,0.5593455976431746,-0.01422139676087597,0.010089240504966623,0.012696506838453692
PI3KAUC,0.2,2,original_mclrp,0.5348644499912141,0.981681088863608,0.7134586600313686,10665,2666,0.5724535566936518,0.91162900976023,0.6908047477093069,-0.03758910670243776,0.07005207910337807,0.02265391232206171
PI3KAUC,0.2,2,mfmr_base,0.5959254003921252,0.8182435957236504,0.5774953738764097,10665,2666,0.6109522001714722,0.757729061528432,0.5608477669971348,-0.015026799779347066,0.06051453419521835,0.016647606879274912
PI3KAUC,0.2,3,original_mclrp,0.5417190812221543,0.9677979022222238,0.7072983367992558,10665,2666,0.5610747198778889,0.943091889821716,0.6878113857678089,-0.01935563865573464,0.02470601240050785,0.01948695103144693
PI3KAUC,0.2,3,mfmr_base,0.5819211488384031,0.8242642926623694,0.5868859594313356,10665,2666,0.6156490078506391,0.776790010422474,0.5529118036877138,-0.03372785901223607,0.04747428223989547,0.03397415574362184
PI3KAUC,0.2,4,original_mclrp,0.5385749419023481,0.9784573842670404,0.7052876989778573,10665,2666,0.5781917882498846,0.956510605888571,0.6888372838757939,-0.03961684634753648,0.021946778378469478,0.016450415102063354
PI3KAUC,0.2,4,mfmr_base,0.5944247768317934,0.8211481357074644,0.5844339681163263,10665,2666,0.621471518085248,0.780679097418962,0.549276452175665,-0.02704674125345463,0.040469038288502346,0.0351575159406613
PI3KAUC,0.2,5,original_mclrp,0.5505032633250175,0.9992727274612262,0.717083187544689,10665,2666,0.6090534749186879,0.9777865271325938,0.7052756729901098,-0.058550211593670354,0.021486200328632354,0.01180751455457918
PI3KAUC,0.2,5,mfmr_base,0.5915101094818886,0.8348361838808264,0.5753543705540305,10665,2666,0.6343416867777545,0.7874497070652142,0.5479508879851615,-0.04283157729586584,0.047386476815612144,0.027403482568869042
PI3KAUC,0.2,6,original_mclrp,0.5330436830933202,0.980544256860188,0.7035292362278943,10665,2666,0.5600801344566165,0.9437665430918296,0.7065569229696654,-0.027036451363296354,0.03677771376835837,-0.0030276867417711184
PI3KAUC,0.2,6,mfmr_base,0.5551543905895799,0.8564538614508607,0.601474434285227,10665,2666,0.5545096029762888,0.8348266806590193,0.5900560394385908,0.0006447876132911201,0.02162718079184134,0.011418394846636204
PI3KAUC,0.2,7,original_mclrp,0.5311970579247818,0.9506600914370008,0.6895661358112282,10665,2666,0.5529301161046887,0.908500773953242,0.6690634147229556,-0.021733058179906894,0.042159317483758785,0.020502721088272557
PI3KAUC,0.2,7,mfmr_base,0.5648758254521221,0.825173657203332,0.5858620833755168,10665,2666,0.6140268160868141,0.7532373234477648,0.5449176645711615,-0.04915099063469197,0.07193633375556718,0.04094441880435529
PI3KAUC,0.2,8,original_mclrp,0.5459202946711079,0.9208872049041776,0.6742125968982294,10665,2666,0.5499860196757498,0.9296601528531482,0.6620066739857203,-0.0040657250046418625,-0.008772947948970544,0.012205922912509104
PI3KAUC,0.2,8,mfmr_base,0.5679769358345571,0.8084784504088084,0.5734059915471004,10665,2666,0.582643919853129,0.7979615518019351,0.5586014747806871,-0.014666984018571916,0.010516898606873326,0.014804516766413256
PI3KAUC,0.2,9,original_mclrp,0.5345076583098315,0.9933246830890824,0.7131575257885412,10665,2666,0.5861052181126192,0.9817570881609884,0.7031748917198457,-0.051597559802787685,0.011567594928094005,0.009982634068695484
PI3KAUC,0.2,9,mfmr_base,0.5796346870896517,0.8390817915050752,0.5881641007474618,10665,2666,0.6132420056873912,0.80634925000162,0.5586852971339509,-0.033607318597739466,0.03273254150345517,0.029478803613510962
PI3KAUC,0.25,0,original_mclrp,0.5278566829271673,0.9344994522843671,0.6900731179590817,9998,3333,0.5762871434778543,0.9137787301124368,0.6710017561575626,-0.048430460550687005,0.020720722171930328,0.019071361801519027
PI3KAUC,0.25,0,mfmr_base,0.5620259410663253,0.8165046578764192,0.5930207175503364,9998,3333,0.6211405447301714,0.7532394168976155,0.5563695244696334,-0.05911460366384613,0.0632652409788037,0.03665119308070297
PI3KAUC,0.25,1,original_mclrp,0.5453057717550891,0.9445129923716764,0.6916887692159208,9998,3333,0.6057525042877784,0.9214013335229804,0.6894249044123136,-0.060446732532689285,0.023111658848696037,0.002263864803607185
PI3KAUC,0.25,1,mfmr_base,0.580292761217983,0.8095682591129267,0.5969651849946392,9998,3333,0.6159642009581059,0.7671074273738154,0.5593455976431746,-0.03567143974012288,0.042460831739111304,0.037619587351464645
PI3KAUC,0.25,2,original_mclrp,0.521562704514629,0.9843874978721536,0.7193778471359445,9998,3333,0.5724535566936518,0.91162900976023,0.6908047477093069,-0.05089085217902278,0.07275848811192365,0.02857309942663766
PI3KAUC,0.25,2,mfmr_base,0.5853195267434217,0.8283672427341551,0.5895810961262595,9998,3333,0.6109522001714722,0.757729061528432,0.5608477669971348,-0.025632673428050534,0.07063818120572307,0.02873332912912474
PI3KAUC,0.25,3,original_mclrp,0.5245006549358701,0.9671601588013132,0.7110455557939742,9998,3333,0.5610747198778889,0.943091889821716,0.6878113857678089,-0.03657406494201887,0.02406826897959724,0.023234170026165346
PI3KAUC,0.25,3,mfmr_base,0.5760948532278742,0.8266052601347194,0.594037363569002,9998,3333,0.6156490078506391,0.776790010422474,0.5529118036877138,-0.0395541546227649,0.04981524971224538,0.0411255598812883
PI3KAUC,0.25,4,original_mclrp,0.537541752280055,0.9861653343073876,0.7103964562718127,9998,3333,0.5781917882498846,0.956510605888571,0.6888372838757939,-0.040650035969829634,0.029654728418816667,0.02155917239601879
PI3KAUC,0.25,4,mfmr_base,0.5923538232671798,0.824903074296028,0.5804115655940261,9998,3333,0.621471518085248,0.780679097418962,0.549276452175665,-0.02911769481806825,0.04422397687706603,0.03113511341836106
PI3KAUC,0.25,5,original_mclrp,0.5200098774832179,1.0176857040438116,0.7226993479473803,9998,3333,0.6090534749186879,0.9777865271325938,0.7052756729901098,-0.08904359743546997,0.039899176911217804,0.017423674957270485
PI3KAUC,0.25,5,mfmr_base,0.5762439437710052,0.8580138574175643,0.5861608801387305,9998,3333,0.6343416867777545,0.7874497070652142,0.5479508879851615,-0.0580977430067493,0.07056415035235009,0.03820999215356902
PI3KAUC,0.25,6,original_mclrp,0.5147236229249601,0.9899087605613154,0.7103959616286807,9998,3333,0.5600801344566165,0.9437665430918296,0.7065569229696654,-0.04535651153165643,0.04614221746948577,0.003839038659015248
PI3KAUC,0.25,6,mfmr_base,0.5525000152563967,0.8604917849676719,0.6053904544703359,9998,3333,0.5545096029762888,0.8348266806590193,0.5900560394385908,-0.0020095877198921253,0.025665104308652542,0.015334415031745152
PI3KAUC,0.25,7,original_mclrp,0.499753025236914,0.9652638311273872,0.6990583029521855,9998,3333,0.5529301161046887,0.908500773953242,0.6690634147229556,-0.05317709086777467,0.056763057174145204,0.02999488822922991
PI3KAUC,0.25,7,mfmr_base,0.536014100154314,0.859424947519399,0.6052130603800551,9998,3333,0.6140268160868141,0.7532373234477648,0.5449176645711615,-0.07801271593250003,0.10618762407163418,0.06029539580889354
PI3KAUC,0.25,8,original_mclrp,0.5298198318996703,0.9209924386146614,0.6778238839350088,9998,3333,0.5499860196757498,0.9296601528531482,0.6620066739857203,-0.02016618777607948,-0.008667714238486779,0.01581720994928848
PI3KAUC,0.25,8,mfmr_base,0.5567825511092185,0.8161948166005605,0.5849513109436769,9998,3333,0.582643919853129,0.7979615518019351,0.5586014747806871,-0.02586136874391054,0.018233264798625415,0.026349836162989804
PI3KAUC,0.25,9,original_mclrp,0.5058797321979349,0.9780751546164828,0.7126538856511524,9998,3333,0.5861052181126192,0.9817570881609884,0.7031748917198457,-0.08022548591468426,-0.0036819335445056334,0.00947899393130669
PI3KAUC,0.25,9,mfmr_base,0.5641487900367737,0.8382633580145058,0.5981001551392138,9998,3333,0.6132420056873912,0.80634925000162,0.5586852971339509,-0.04909321565061753,0.031914108012885745,0.0394148580052629
PI3KAUC,0.3,0,original_mclrp,0.51103599608559,0.9368262990789386,0.6908253103510367,9332,3999,0.5762871434778543,0.9137787301124368,0.6710017561575626,-0.06525114739226423,0.02304756896650173,0.019823554193474036
PI3KAUC,0.3,0,mfmr_base,0.5511441953645374,0.8247819865770687,0.6000837265857436,9332,3999,0.6211405447301714,0.7532394168976155,0.5563695244696334,-0.06999634936563404,0.07154256967945316,0.04371420211611021
PI3KAUC,0.3,1,original_mclrp,0.5156327143355879,0.9495557576632876,0.6898050012102116,9332,3999,0.6057525042877784,0.9214013335229804,0.6894249044123136,-0.0901197899521905,0.02815442414030722,0.00038009679789796635
PI3KAUC,0.3,1,mfmr_base,0.5592890521084934,0.8262543043442606,0.5974729261397306,9332,3999,0.6159642009581059,0.7671074273738154,0.5593455976431746,-0.056675148849612444,0.059146876970445184,0.03812732849655598
PI3KAUC,0.3,2,original_mclrp,0.5031586691683279,0.9849165741670194,0.7191805155010244,9332,3999,0.5724535566936518,0.91162900976023,0.6908047477093069,-0.06929488752532398,0.07328756440678941,0.028375767791717466
PI3KAUC,0.3,2,mfmr_base,0.5775594980766903,0.829001083927762,0.5912496511368552,9332,3999,0.6109522001714722,0.757729061528432,0.5608477669971348,-0.033392702094781956,0.07127202239932995,0.030401884139720448
PI3KAUC,0.3,3,original_mclrp,0.5097891640744988,0.9726080377495052,0.7115823414751202,9332,3999,0.5610747198778889,0.943091889821716,0.6878113857678089,-0.051285555803390115,0.029516147927789227,0.02377095570731136
PI3KAUC,0.3,3,mfmr_base,0.5700222837041684,0.8338465197542966,0.5974681123576798,9332,3999,0.6156490078506391,0.776790010422474,0.5529118036877138,-0.04562672414647073,0.0570565093318226,0.04455630866996607
PI3KAUC,0.3,4,original_mclrp,0.5189451730779896,0.9946228254844648,0.7169073976200504,9332,3999,0.5781917882498846,0.956510605888571,0.6888372838757939,-0.059246615171895,0.03811221959589384,0.028070113744256497
PI3KAUC,0.3,4,mfmr_base,0.5791228198322015,0.8374937476786938,0.5906084240582865,9332,3999,0.621471518085248,0.780679097418962,0.549276452175665,-0.042348698253046546,0.05681465025973176,0.0413319718826215
PI3KAUC,0.3,5,original_mclrp,0.4929166793053238,1.0084202717402893,0.7246180195028545,9332,3999,0.6090534749186879,0.9777865271325938,0.7052756729901098,-0.1161367956133641,0.030633744607695412,0.01934234651274469
PI3KAUC,0.3,5,mfmr_base,0.564523017422591,0.8575323919868835,0.5948698149138452,9332,3999,0.6343416867777545,0.7874497070652142,0.5479508879851615,-0.06981866935516345,0.07008268492166925,0.04691892692868371
PI3KAUC,0.3,6,original_mclrp,0.4947486063234669,0.9969754100083849,0.7163417674377264,9332,3999,0.5600801344566165,0.9437665430918296,0.7065569229696654,-0.06533152813314963,0.05320886691655524,0.009784844468060938
PI3KAUC,0.3,6,mfmr_base,0.5522494076208604,0.8612087985788375,0.603316773014087,9332,3999,0.5545096029762888,0.8348266806590193,0.5900560394385908,-0.0022601953554284293,0.02638211791981815,0.013260733575496286
PI3KAUC,0.3,7,original_mclrp,0.4799010147874996,0.9848890277992516,0.7068007936145014,9332,3999,0.5529301161046887,0.908500773953242,0.6690634147229556,-0.0730291013171891,0.07638825384600956,0.037737378891545825
PI3KAUC,0.3,7,mfmr_base,0.5315299489344908,0.8713668341922863,0.6024136729965046,9332,3999,0.6140268160868141,0.7532373234477648,0.5449176645711615,-0.0824968671523233,0.1181295107445215,0.05749600842534308
PI3KAUC,0.3,8,original_mclrp,0.5068506482968644,0.951994602757752,0.6907707421277476,9332,3999,0.5499860196757498,0.9296601528531482,0.6620066739857203,-0.043135371378885345,0.02233444990460387,0.028764068142027255
PI3KAUC,0.3,8,mfmr_base,0.5514696364669585,0.8346478125669713,0.5949293022398991,9332,3999,0.582643919853129,0.7979615518019351,0.5586014747806871,-0.031174283386170565,0.03668626076503623,0.036327827459212036
PI3KAUC,0.3,9,original_mclrp,0.4965857227728121,0.979257400388218,0.713037525194779,9332,3999,0.5861052181126192,0.9817570881609884,0.7031748917198457,-0.08951949533980708,-0.0024996877727704314,0.009862633474933324
PI3KAUC,0.3,9,mfmr_base,0.5526916874065471,0.8462142149173864,0.6012796946817089,9332,3999,0.6132420056873912,0.80634925000162,0.5586852971339509,-0.06055031828084412,0.0398649649157663,0.04259439754775807
PI3KIC50,0.1,0,original_mclrp,0.5523942447529747,0.9514629167413828,0.6881767224938562,12534,1393,0.5523942447529747,0.9514629167413828,0.6881767224938562,0.0,0.0,0.0
PI3KIC50,0.1,0,mfmr_base,0.5890525563688133,0.8027681379402413,0.5628068350487484,12534,1393,0.5890525563688133,0.8027681379402413,0.5628068350487484,0.0,0.0,0.0
PI3KIC50,0.1,1,original_mclrp,0.5575398168471041,0.963585232700676,0.7005771154968918,12534,1393,0.5575398168471041,0.963585232700676,0.7005771154968918,0.0,0.0,0.0
PI3KIC50,0.1,1,mfmr_base,0.5945257836154647,0.8096710488452978,0.5646825246706776,12534,1393,0.5945257836154647,0.8096710488452978,0.5646825246706776,0.0,0.0,0.0
PI3KIC50,0.1,2,original_mclrp,0.5648846432043206,1.000595378805039,0.7059440131276911,12534,1393,0.5648846432043206,1.000595378805039,0.7059440131276911,0.0,0.0,0.0
PI3KIC50,0.1,2,mfmr_base,0.6086464981532188,0.8252659591500701,0.5662854616026042,12534,1393,0.6086464981532188,0.8252659591500701,0.5662854616026042,0.0,0.0,0.0
PI3KIC50,0.1,3,original_mclrp,0.5530460500865781,1.0377874231651687,0.7211329726564346,12534,1393,0.5530460500865781,1.0377874231651687,0.7211329726564346,0.0,0.0,0.0
PI3KIC50,0.1,3,mfmr_base,0.6432623639248068,0.8213138415147715,0.5518408384039056,12534,1393,0.6432623639248068,0.8213138415147715,0.5518408384039056,0.0,0.0,0.0
PI3KIC50,0.1,4,original_mclrp,0.5467237172410002,0.9979201607688094,0.7159930128874977,12534,1393,0.5467237172410002,0.9979201607688094,0.7159930128874977,0.0,0.0,0.0
PI3KIC50,0.1,4,mfmr_base,0.5958584218353769,0.8347875244571221,0.575540590404609,12534,1393,0.5958584218353769,0.8347875244571221,0.575540590404609,0.0,0.0,0.0
PI3KIC50,0.1,5,original_mclrp,0.5519136902916177,0.9293120597686924,0.6864058707984652,12534,1393,0.5519136902916177,0.9293120597686924,0.6864058707984652,0.0,0.0,0.0
PI3KIC50,0.1,5,mfmr_base,0.5880336760423622,0.7898482531195414,0.5788472894320434,12534,1393,0.5880336760423622,0.7898482531195414,0.5788472894320434,0.0,0.0,0.0
PI3KIC50,0.1,6,original_mclrp,0.5566624033447496,0.9321640821412392,0.6970966249896359,12534,1393,0.5566624033447496,0.9321640821412392,0.6970966249896359,0.0,0.0,0.0
PI3KIC50,0.1,6,mfmr_base,0.6017314896250371,0.7774487696758188,0.5576992148914299,12534,1393,0.6017314896250371,0.7774487696758188,0.5576992148914299,0.0,0.0,0.0
PI3KIC50,0.1,7,original_mclrp,0.5543078197246396,0.929836601683206,0.6767875202326352,12534,1393,0.5543078197246396,0.929836601683206,0.6767875202326352,0.0,0.0,0.0
PI3KIC50,0.1,7,mfmr_base,0.5887274038619509,0.785497888072826,0.552099077884868,12534,1393,0.5887274038619509,0.785497888072826,0.552099077884868,0.0,0.0,0.0
PI3KIC50,0.1,8,original_mclrp,0.5723835983130214,0.995315773516058,0.7141366083818023,12534,1393,0.5723835983130214,0.995315773516058,0.7141366083818023,0.0,0.0,0.0
PI3KIC50,0.1,8,mfmr_base,0.6245797421440716,0.8080666093243962,0.5741424562452309,12534,1393,0.6245797421440716,0.8080666093243962,0.5741424562452309,0.0,0.0,0.0
PI3KIC50,0.1,9,original_mclrp,0.6004019800891355,0.954830512534359,0.6923553308418463,12534,1393,0.6004019800891355,0.954830512534359,0.6923553308418463,0.0,0.0,0.0
PI3KIC50,0.1,9,mfmr_base,0.6390021096845111,0.7646060640242155,0.5557754608552858,12534,1393,0.6390021096845111,0.7646060640242155,0.5557754608552858,0.0,0.0,0.0
PI3KIC50,0.15,0,original_mclrp,0.5416109853925818,0.9545071964217644,0.6952104436401281,11838,2089,0.5523942447529747,0.9514629167413828,0.6881767224938562,-0.010783259360392927,0.0030442796803815675,0.007033721146271876
PI3KIC50,0.15,0,mfmr_base,0.5924533376511175,0.8028228861235175,0.5742967892666657,11838,2089,0.5890525563688133,0.8027681379402413,0.5628068350487484,0.003400781282304255,5.4748183276220885e-05,0.01148995421791732
PI3KIC50,0.15,1,original_mclrp,0.5113075610844422,1.0064011022930113,0.715416078007256,11838,2089,0.5575398168471041,0.963585232700676,0.7005771154968918,-0.04623225576266188,0.0428158695923353,0.014838962510364206
PI3KIC50,0.15,1,mfmr_base,0.5554235790919556,0.869411364112313,0.5882250846785686,11838,2089,0.5945257836154647,0.8096710488452978,0.5646825246706776,-0.0391022045235091,0.059740315267015176,0.02354256000789101
PI3KIC50,0.15,2,original_mclrp,0.5380084364304292,0.9720533003956556,0.6970700875906336,11838,2089,0.5648846432043206,1.000595378805039,0.7059440131276911,-0.026876206773891465,-0.028542078409383387,-0.008873925537057459
PI3KIC50,0.15,2,mfmr_base,0.5742008651411245,0.8296202590954613,0.5766646531720745,11838,2089,0.6086464981532188,0.8252659591500701,0.5662854616026042,-0.03444563301209436,0.004354299945391271,0.010379191569470314
PI3KIC50,0.15,3,original_mclrp,0.5457841825083909,1.019318442282943,0.7206688802522688,11838,2089,0.5530460500865781,1.0377874231651687,0.7211329726564346,-0.007261867578187253,-0.018468980882225594,-0.00046409240416578346
PI3KIC50,0.15,3,mfmr_base,0.6330939086881089,0.8139209732218582,0.5551355757931846,11838,2089,0.6432623639248068,0.8213138415147715,0.5518408384039056,-0.01016845523669796,-0.007392868292913302,0.00329473738927899
PI3KIC50,0.15,4,original_mclrp,0.5307548312981607,0.9707731039008906,0.7061179645797453,11838,2089,0.5467237172410002,0.9979201607688094,0.7159930128874977,-0.015968885942839517,-0.02714705686791885,-0.009875048307752432
PI3KIC50,0.15,4,mfmr_base,0.5658740079955736,0.841247076008874,0.5932529575618647,11838,2089,0.5958584218353769,0.8347875244571221,0.575540590404609,-0.029984413839803215,0.00645955155175193,0.01771236715725566
PI3KIC50,0.15,5,original_mclrp,0.5289627628401191,0.9239589985661854,0.6843220559639335,11838,2089,0.5519136902916177,0.9293120597686924,0.6864058707984652,-0.022950927451498626,-0.0053530612025070035,-0.002083814834531683
PI3KIC50,0.15,5,mfmr_base,0.5727718616456748,0.7977022522689231,0.5840856196480454,11838,2089,0.5880336760423622,0.7898482531195414,0.5788472894320434,-0.01526181439668739,0.007853999149381674,0.005238330216001952
PI3KIC50,0.15,6,original_mclrp,0.536614592361079,0.9168826269738806,0.6861273733722465,11838,2089,0.5566624033447496,0.9321640821412392,0.6970966249896359,-0.02004781098367059,-0.015281455167358682,-0.010969251617389375
PI3KIC50,0.15,6,mfmr_base,0.5960128083717082,0.772110271023195,0.5647550708177774,11838,2089,0.6017314896250371,0.7774487696758188,0.5576992148914299,-0.005718681253328861,-0.005338498652623813,0.0070558559263474985
PI3KIC50,0.15,7,original_mclrp,0.5497820594975998,0.9088870789859784,0.6666595543181534,11838,2089,0.5543078197246396,0.929836601683206,0.6767875202326352,-0.004525760227039766,-0.020949522697227607,-0.01012796591448184
PI3KIC50,0.15,7,mfmr_base,0.5858284992209257,0.7738759539879472,0.553981464193626,11838,2089,0.5887274038619509,0.785497888072826,0.552099077884868,-0.0028989046410251573,-0.011621934084878771,0.0018823863087580328
PI3KIC50,0.15,8,original_mclrp,0.5568360217536718,0.9829694227172668,0.7122643287463234,11838,2089,0.5723835983130214,0.995315773516058,0.7141366083818023,-0.015547576559349685,-0.012346350798791206,-0.0018722796354788684
PI3KIC50,0.15,8,mfmr_base,0.6038307741338386,0.8147102273737286,0.5794818555697033,11838,2089,0.6245797421440716,0.8080666093243962,0.5741424562452309,-0.02074896801023307,0.006643618049332334,0.005339399324472471
PI3KIC50,0.15,9,original_mclrp,0.5771127627278425,0.9560391363392808,0.6990196059931604,11838,2089,0.6004019800891355,0.954830512534359,0.6923553308418463,-0.02328921736129297,0.0012086238049218156,0.00666427515131407
PI3KIC50,0.15,9,mfmr_base,0.6268156622710219,0.7773470088758168,0.5649632798132197,11838,2089,0.6390021096845111,0.7646060640242155,0.5557754608552858,-0.012186447413489176,0.012740944851601266,0.009187818957933858
PI3KIC50,0.2,0,original_mclrp,0.5211508006503168,0.9809171628127896,0.7053029639996996,11142,2785,0.5523942447529747,0.9514629167413828,0.6881767224938562,-0.03124344410265789,0.029454246071406787,0.01712624150584341
PI3KIC50,0.2,0,mfmr_base,0.5711606223225477,0.8398562907383016,0.5936012976779268,11142,2785,0.5890525563688133,0.8027681379402413,0.5628068350487484,-0.017891934046265545,0.037088152798060325,0.0307944626291784
PI3KIC50,0.2,1,original_mclrp,0.4973560404520497,1.0030643142164597,0.7172550383095293,11142,2785,0.5575398168471041,0.963585232700676,0.7005771154968918,-0.0601837763950544,0.03947908151578372,0.01667792281263747
PI3KIC50,0.2,1,mfmr_base,0.5404671222180802,0.8767778683178455,0.6000233832923353,11142,2785,0.5945257836154647,0.8096710488452978,0.5646825246706776,-0.054058661397384467,0.06710681947254771,0.0353408586216577
PI3KIC50,0.2,2,original_mclrp,0.5279167869359597,0.9581707754885608,0.694161282537524,11142,2785,0.5648846432043206,1.000595378805039,0.7059440131276911,-0.036967856268360966,-0.04242460331647824,-0.011782730590167101
PI3KIC50,0.2,2,mfmr_base,0.5739696843938179,0.8179187130573845,0.5799911486569845,11142,2785,0.6086464981532188,0.8252659591500701,0.5662854616026042,-0.034676813759400904,-0.007347246092685555,0.013705687054380356
PI3KIC50,0.2,3,original_mclrp,0.5300254523164171,0.996651915646172,0.7089079962292408,11142,2785,0.5530460500865781,1.0377874231651687,0.7211329726564346,-0.023020597770161078,-0.04113550751899675,-0.012224976427193779
PI3KIC50,0.2,3,mfmr_base,0.6118485013434992,0.8140063292216763,0.564754408291115,11142,2785,0.6432623639248068,0.8213138415147715,0.5518408384039056,-0.03141386258130763,-0.007307512293095231,0.012913569887209375
PI3KIC50,0.2,4,original_mclrp,0.5373377233338481,0.9653491354890364,0.7078547701178006,11142,2785,0.5467237172410002,0.9979201607688094,0.7159930128874977,-0.009385993907152113,-0.03257102527977296,-0.008138242769697102
PI3KIC50,0.2,4,mfmr_base,0.5828673031379218,0.8217882374999654,0.5825655057790139,11142,2785,0.5958584218353769,0.8347875244571221,0.575540590404609,-0.012991118697455062,-0.012999286957156686,0.007024915374404861
PI3KIC50,0.2,5,original_mclrp,0.5156228529713445,0.9007261305813348,0.6730321385315065,11142,2785,0.5519136902916177,0.9293120597686924,0.6864058707984652,-0.03629083732027327,-0.028585929187357584,-0.013373732266958704
PI3KIC50,0.2,5,mfmr_base,0.5473125790873902,0.8036201221743324,0.5917076195267835,11142,2785,0.5880336760423622,0.7898482531195414,0.5788472894320434,-0.04072109695497206,0.013771869054790997,0.01286033009474008
PI3KIC50,0.2,6,original_mclrp,0.5522564345773008,0.9640141195410538,0.7066206191630638,11142,2785,0.5566624033447496,0.9321640821412392,0.6970966249896359,-0.004405968767448809,0.03185003739981451,0.009523994173427974
PI3KIC50,0.2,6,mfmr_base,0.6104865314200498,0.794461082760276,0.5733549388419608,11142,2785,0.6017314896250371,0.7774487696758188,0.5576992148914299,0.008755041795012741,0.017012313084457276,0.01565572395053083
PI3KIC50,0.2,7,original_mclrp,0.533340708340372,0.9348810364385868,0.6837142806766187,11142,2785,0.5543078197246396,0.929836601683206,0.6767875202326352,-0.020967111384267656,0.0050444347553807445,0.006926760443983437
PI3KIC50,0.2,7,mfmr_base,0.5748648240179236,0.8030044100155856,0.575937087587967,11142,2785,0.5887274038619509,0.785497888072826,0.552099077884868,-0.013862579844027278,0.0175065219427597,0.023838009703099017
PI3KIC50,0.2,8,original_mclrp,0.5362194510124819,0.9641341251921016,0.7083911879117416,11142,2785,0.5723835983130214,0.995315773516058,0.7141366083818023,-0.03616414730053952,-0.031181648323956423,-0.005745420470060658
PI3KIC50,0.2,8,mfmr_base,0.5939238201311825,0.8089403632670378,0.5828905675545187,11142,2785,0.6245797421440716,0.8080666093243962,0.5741424562452309,-0.030655922012889136,0.000873753942641553,0.008748111309287876
PI3KIC50,0.2,9,original_mclrp,0.5532257996153435,0.9514831259497374,0.6924475188438,11142,2785,0.6004019800891355,0.954830512534359,0.6923553308418463,-0.04717618047379202,-0.0033473865846216366,9.218800195365251e-05
PI3KIC50,0.2,9,mfmr_base,0.5930075828809521,0.8025932298823988,0.5811414720483652,11142,2785,0.6390021096845111,0.7646060640242155,0.5557754608552858,-0.04599452680355898,0.03798716585818329,0.025366011193079352
PI3KIC50,0.25,0,original_mclrp,0.5057157276243984,0.977246570366486,0.7069454512319033,10445,3482,0.5523942447529747,0.9514629167413828,0.6881767224938562,-0.04667851712857629,0.025783653625103153,0.018768728738047136
PI3KIC50,0.25,0,mfmr_base,0.554832645984985,0.8492541635800338,0.6045230521281555,10445,3482,0.5890525563688133,0.8027681379402413,0.5628068350487484,-0.03421991038382821,0.04648602563979254,0.04171621707940709
PI3KIC50,0.25,1,original_mclrp,0.504719353348201,1.01561275662773,0.7242882731495445,10445,3482,0.5575398168471041,0.963585232700676,0.7005771154968918,-0.052820463498903125,0.05202752392705401,0.023711157652652637
PI3KIC50,0.25,1,mfmr_base,0.5595734097500267,0.8707073394488402,0.6026119058919807,10445,3482,0.5945257836154647,0.8096710488452978,0.5646825246706776,-0.034952373865438036,0.06103629060354232,0.03792938122130307
PI3KIC50,0.25,2,original_mclrp,0.5093995043682594,0.9789631436910552,0.6998448603289678,10445,3482,0.5648846432043206,1.000595378805039,0.7059440131276911,-0.05548513883606121,-0.021632235113983822,-0.006099152798723306
PI3KIC50,0.25,2,mfmr_base,0.5679344998439861,0.8372758716073707,0.5852757658360174,10445,3482,0.6086464981532188,0.8252659591500701,0.5662854616026042,-0.040711998309232666,0.012009912457300653,0.01899030423341319
PI3KIC50,0.25,3,original_mclrp,0.5055372931959474,0.9900499832395918,0.7081621360727838,10445,3482,0.5530460500865781,1.0377874231651687,0.7211329726564346,-0.04750875689063072,-0.047737439925576886,-0.012970836583650835
PI3KIC50,0.25,3,mfmr_base,0.5749015731472228,0.8383566538893732,0.5865959137877171,10445,3482,0.6432623639248068,0.8213138415147715,0.5518408384039056,-0.06836079077758406,0.0170428123746017,0.03475507538381151
PI3KIC50,0.25,4,original_mclrp,0.5147322808898923,0.9697830085483342,0.7106559109788767,10445,3482,0.5467237172410002,0.9979201607688094,0.7159930128874977,-0.031991436351107905,-0.028137152220475192,-0.0053371019086210225
PI3KIC50,0.25,4,mfmr_base,0.5811069007808902,0.8249689711793504,0.5873684348667203,10445,3482,0.5958584218353769,0.8347875244571221,0.575540590404609,-0.014751521054486627,-0.009818553277771702,0.01182784446211127
PI3KIC50,0.25,5,original_mclrp,0.5087612752629282,0.914130048666878,0.6800864349473356,10445,3482,0.5519136902916177,0.9293120597686924,0.6864058707984652,-0.043152415028689495,-0.015182011101814386,-0.006319435851129596
PI3KIC50,0.25,5,mfmr_base,0.5451294994898216,0.8145258844408122,0.5994265320965739,10445,3482,0.5880336760423622,0.7898482531195414,0.5788472894320434,-0.04290417655254064,0.024677631321270765,0.020579242664530484
PI3KIC50,0.25,6,original_mclrp,0.5328679931485649,0.9781783392227792,0.7123116186820913,10445,3482,0.5566624033447496,0.9321640821412392,0.6970966249896359,-0.023794410196184668,0.046014257081539944,0.01521499369245538
PI3KIC50,0.25,6,mfmr_base,0.5874506383838304,0.8256900673677279,0.5883335522309635,10445,3482,0.6017314896250371,0.7774487696758188,0.5576992148914299,-0.014280851241206705,0.0482412976919091,0.03063433733953358
PI3KIC50,0.25,7,original_mclrp,0.509063727332167,0.963435159038257,0.6978830627149092,10445,3482,0.5543078197246396,0.929836601683206,0.6767875202326352,-0.045244092392472623,0.03359855735505102,0.021095542482273966
PI3KIC50,0.25,7,mfmr_base,0.533408804230496,0.8602743989635274,0.6085834963274461,10445,3482,0.5887274038619509,0.785497888072826,0.552099077884868,-0.05531859963145491,0.07477651089070148,0.05648441844257812
PI3KIC50,0.25,8,original_mclrp,0.5190097801479066,0.9613206652469096,0.7069364108474221,10445,3482,0.5723835983130214,0.995315773516058,0.7141366083818023,-0.053373818165114884,-0.03399510826914842,-0.0072001975343801705
PI3KIC50,0.25,8,mfmr_base,0.5799249735808544,0.8212496898349041,0.5930386615283623,10445,3482,0.6245797421440716,0.8080666093243962,0.5741424562452309,-0.04465476856321726,0.013183080510507872,0.018896205283131406
PI3KIC50,0.25,9,original_mclrp,0.529409757275865,0.9554229105728224,0.6958795953709088,10445,3482,0.6004019800891355,0.954830512534359,0.6923553308418463,-0.07099222281327044,0.0005923980384633376,0.003524264529062515
PI3KIC50,0.25,9,mfmr_base,0.5855918995686668,0.8089555484512003,0.5863193500349054,10445,3482,0.6390021096845111,0.7646060640242155,0.5557754608552858,-0.05341021011584435,0.04434948442698483,0.030543889179619588
PI3KIC50,0.3,0,original_mclrp,0.4906021304233009,0.9999636760504376,0.722224847942531,9749,4178,0.5523942447529747,0.9514629167413828,0.6881767224938562,-0.0617921143296738,0.04850075930905473,0.03404812544867475
PI3KIC50,0.3,0,mfmr_base,0.5419652202409859,0.8749427203118089,0.6148724540202771,9749,4178,0.5890525563688133,0.8027681379402413,0.5628068350487484,-0.04708733612782734,0.0721745823715676,0.05206561897152873
PI3KIC50,0.3,1,original_mclrp,0.492277010124479,1.0097314890865834,0.7198011581069487,9749,4178,0.5575398168471041,0.963585232700676,0.7005771154968918,-0.06526280672262508,0.046146256385907414,0.019224042610056835
PI3KIC50,0.3,1,mfmr_base,0.5641090311061825,0.8586191854814192,0.5988668818090171,9749,4178,0.5945257836154647,0.8096710488452978,0.5646825246706776,-0.03041675250928222,0.04894813663612141,0.03418435713833956
PI3KIC50,0.3,2,original_mclrp,0.5019380924323504,0.9613333986086324,0.6944102732485395,9749,4178,0.5648846432043206,1.000595378805039,0.7059440131276911,-0.0629465507719702,-0.03926198019640659,-0.011533739879151517
PI3KIC50,0.3,2,mfmr_base,0.5607787556968641,0.8269757383369853,0.5858187494493943,9749,4178,0.6086464981532188,0.8252659591500701,0.5662854616026042,-0.04786774245635472,0.0017097791869152834,0.019533287846790093
PI3KIC50,0.3,3,original_mclrp,0.4915042566341958,0.9716733287558352,0.7011320429134199,9749,4178,0.5530460500865781,1.0377874231651687,0.7211329726564346,-0.061541793452382365,-0.06611409440933347,-0.020000929743014706
PI3KIC50,0.3,3,mfmr_base,0.5657040067111514,0.8292853869884057,0.5819568796318562,9749,4178,0.6432623639248068,0.8213138415147715,0.5518408384039056,-0.07755835721365545,0.007971545473634212,0.03011604122795053
PI3KIC50,0.3,4,original_mclrp,0.5000620714062277,0.96213292520124,0.7105126203605915,9749,4178,0.5467237172410002,0.9979201607688094,0.7159930128874977,-0.0466616458347725,-0.03578723556756935,-0.0054803925269062415
PI3KIC50,0.3,4,mfmr_base,0.5682564447831857,0.8286216634423518,0.5987576102543148,9749,4178,0.5958584218353769,0.8347875244571221,0.575540590404609,-0.02760197705219114,-0.006165861014770346,0.02321701984970581
PI3KIC50,0.3,5,original_mclrp,0.4926071352582009,0.951350543401453,0.6947827202354551,9749,4178,0.5519136902916177,0.9293120597686924,0.6864058707984652,-0.05930655503341686,0.02203848363276062,0.008376849436989908
PI3KIC50,0.3,5,mfmr_base,0.5317566985498533,0.8466665931416125,0.6093075011575572,9749,4178,0.5880336760423622,0.7898482531195414,0.5788472894320434,-0.05627697749250893,0.05681834002207109,0.03046021172551372
PI3KIC50,0.3,6,original_mclrp,0.5116381791323291,0.9710278612327312,0.7116894633973028,9749,4178,0.5566624033447496,0.9321640821412392,0.6970966249896359,-0.04502422421242047,0.03886377909149197,0.014592838407666897
PI3KIC50,0.3,6,mfmr_base,0.5315414989184615,0.8714052513786671,0.6170582250892319,9749,4178,0.6017314896250371,0.7774487696758188,0.5576992148914299,-0.07018999070657561,0.09395648170284832,0.05935901019780199
PI3KIC50,0.3,7,original_mclrp,0.5017610961748721,0.9670792026090969,0.7027755454815775,9749,4178,0.5543078197246396,0.929836601683206,0.6767875202326352,-0.05254672354976753,0.03724260092589082,0.02598802524894228
PI3KIC50,0.3,7,mfmr_base,0.5349018568069488,0.860000535026567,0.6129942040265413,9749,4178,0.5887274038619509,0.785497888072826,0.552099077884868,-0.05382554705500209,0.07450264695374109,0.06089512614167325
PI3KIC50,0.3,8,original_mclrp,0.4926205131211116,0.9734056757816684,0.7154971923786122,9749,4178,0.5723835983130214,0.995315773516058,0.7141366083818023,-0.07976308519190983,-0.021910097734389677,0.0013605839968099387
PI3KIC50,0.3,8,mfmr_base,0.5574494695924664,0.84658003357448,0.6080882331470119,9749,4178,0.6245797421440716,0.8080666093243962,0.5741424562452309,-0.0671302725516052,0.03851342425008375,0.03394577690178102
PI3KIC50,0.3,9,original_mclrp,0.5102538340011281,0.965928920457608,0.703123143581764,9749,4178,0.6004019800891355,0.954830512534359,0.6923553308418463,-0.09014814608800736,0.01109840792324901,0.01076781273991767
PI3KIC50,0.3,9,mfmr_base,0.5809519019227857,0.8160933264875987,0.5891980343254805,9749,4178,0.6390021096845111,0.7646060640242155,0.5557754608552858,-0.058050207761725425,0.0514872624633832,0.033422573470194616
