dataset,method,seed,drug_idx,drug,pcc,rmse,mae,n_test
PRISM19Q4_independent,original_mclrp,0,0,P276-00::BRD-K51791723-003-01-7,0.17372314225325158,0.5174191315282394,0.511900647847276,95
PRISM19Q4_independent,original_mclrp,0,1,abemaciclib::BRD-K33622447-066-01-9,0.38149291558110904,0.6594146630189389,0.6519916615988078,95
PRISM19Q4_independent,original_mclrp,0,2,PHA-848125::BRD-K60997853-001-02-3,0.20972080371097135,0.5755814152418812,0.5674376754384292,95
PRISM19Q4_independent,original_mclrp,0,3,foretinib::BRD-K03449891-001-08-6,0.2622813578428308,0.6078071652021224,0.599240230023861,95
PRISM19Q4_independent,original_mclrp,0,4,tivantinib::BRD-K33379087-001-07-5,0.08098601646798341,0.5977355558269706,0.5932706759164208,95
PRISM19Q4_independent,original_mclrp,0,5,ponatinib::BRD-K44227013-001-06-4,0.19816873196375515,0.6274713959472422,0.6220227045581695,94
PRISM19Q4_independent,original_mclrp,0,6,GSK2110183::BRD-K25412176-001-01-9,0.19740009474468556,0.7379133379762578,0.7241082234268493,94
PRISM19Q4_independent,original_mclrp,0,7,ARRY-334543::BRD-K46386702-001-02-1,0.14946697936446593,0.6838627729757516,0.6721102156220599,94
PRISM19Q4_independent,original_mclrp,0,8,GDC-0068::BRD-K71480163-001-01-4,0.08603534361417152,0.8090875882022086,0.7939063103750665,94
PRISM19Q4_independent,original_mclrp,0,9,dacomitinib::BRD-K57169635-001-04-5,0.14140335261246328,0.5952363101247186,0.5778742634711114,94
PRISM19Q4_independent,original_mclrp,0,10,uprosertib::BRD-K38332599-001-01-3,0.1412234932298117,0.6141511601737422,0.6081677216323133,94
PRISM19Q4_independent,original_mclrp,0,11,neratinib::BRD-K85606544-001-09-1,0.17900132487506415,0.6834622730891261,0.6726703031900081,94
PRISM19Q4_independent,original_mclrp,0,12,osimertinib::BRD-K42805893-001-04-9,0.2891640557208341,0.6825231433549445,0.6718168169260025,95
PRISM19Q4_independent,original_mclrp,0,13,atiprimod::BRD-K38527262-300-01-0,0.1123099942971581,0.639069482472512,0.6351868957281113,94
PRISM19Q4_independent,original_mclrp,0,14,LY2801653::BRD-K18961567-001-01-1,-0.03760270951184529,0.6951280115131816,0.6834611212636562,94
PRISM19Q4_independent,original_mclrp,0,15,tucatinib::BRD-K26026438-001-01-0,0.332291855561579,0.7491175637968654,0.738595151045221,94
PRISM19Q4_independent,original_mclrp,0,16,canertinib::BRD-K50168500-001-07-9,0.22750769358090542,0.7362583642216332,0.71864205990967,95
PRISM19Q4_independent,original_mclrp,0,17,lenvatinib::BRD-K39974922-001-04-3,0.16119494036642676,0.6107777653660323,0.6031557411906567,94
PRISM19Q4_independent,original_mclrp,0,18,pelitinib::BRD-K08799216-001-05-3,0.46734543220405184,0.5638528222024483,0.5491338751818005,95
PRISM19Q4_independent,original_mclrp,0,19,XL-647::BRD-K03765900-001-01-9,0.316774230518474,0.5992345466868774,0.5838468128696401,94
PRISM19Q4_independent,original_mclrp,0,20,ribociclib::BRD-K36788280-001-01-2,0.1625036352548023,0.7986728281515971,0.782496459468415,95
PRISM19Q4_independent,original_mclrp,0,21,linifanib::BRD-K99749624-001-07-0,0.1684689729984253,0.8216771785118342,0.8083550268982319,94
PRISM19Q4_independent,original_mclrp,0,22,tivozanib::BRD-K53414658-001-08-2,0.1932539441699067,0.7270516638988839,0.7171476267753764,94
PRISM19Q4_independent,original_mclrp,0,23,axitinib::BRD-K29905972-001-06-3,0.17659611313701795,0.7546681408680724,0.7379450717187942,94
PRISM19Q4_independent,imputer_only,0,0,P276-00::BRD-K51791723-003-01-7,0.31100433404157835,0.06980733230225193,0.055334206003891794,95
PRISM19Q4_independent,imputer_only,0,1,abemaciclib::BRD-K33622447-066-01-9,0.5242377540829771,0.09165902279546195,0.06397748871853477,95
PRISM19Q4_independent,imputer_only,0,2,PHA-848125::BRD-K60997853-001-02-3,0.5970847394721523,0.07936308412360255,0.0653521158193287,95
PRISM19Q4_independent,imputer_only,0,3,foretinib::BRD-K03449891-001-08-6,0.5242302692604527,0.09023324162224995,0.06165474527760556,95
PRISM19Q4_independent,imputer_only,0,4,tivantinib::BRD-K33379087-001-07-5,0.4520846966045966,0.06429177745262536,0.04835492121545892,95
PRISM19Q4_independent,imputer_only,0,5,ponatinib::BRD-K44227013-001-06-4,0.5250227674170007,0.07202244180389661,0.05555729092435634,94
PRISM19Q4_independent,imputer_only,0,6,GSK2110183::BRD-K25412176-001-01-9,0.5112619274520871,0.12632752417887627,0.08998555198628852,94
PRISM19Q4_independent,imputer_only,0,7,ARRY-334543::BRD-K46386702-001-02-1,0.35871729920373085,0.12123263690088311,0.061058612579995016,94
PRISM19Q4_independent,imputer_only,0,8,GDC-0068::BRD-K71480163-001-01-4,0.4579431046657904,0.13982978487334724,0.10475978318681108,94
PRISM19Q4_independent,imputer_only,0,9,dacomitinib::BRD-K57169635-001-04-5,0.8257271341762351,0.08094397084702112,0.059246930353184964,94
PRISM19Q4_independent,imputer_only,0,10,uprosertib::BRD-K38332599-001-01-3,0.4649946952358114,0.08377630255824081,0.0637518104086531,94
PRISM19Q4_independent,imputer_only,0,11,neratinib::BRD-K85606544-001-09-1,0.4854273139065106,0.1081844107195689,0.07274666048110799,94
PRISM19Q4_independent,imputer_only,0,12,osimertinib::BRD-K42805893-001-04-9,0.6587000054337911,0.09566183748339387,0.06735316734564932,95
PRISM19Q4_independent,imputer_only,0,13,atiprimod::BRD-K38527262-300-01-0,0.4842455621153851,0.05667594248746282,0.047590569612827704,94
PRISM19Q4_independent,imputer_only,0,14,LY2801653::BRD-K18961567-001-01-1,0.5368199466441681,0.10405521513120773,0.07220882684626478,94
PRISM19Q4_independent,imputer_only,0,15,tucatinib::BRD-K26026438-001-01-0,0.5695665863877524,0.11089098418123194,0.08271476816623768,94
PRISM19Q4_independent,imputer_only,0,16,canertinib::BRD-K50168500-001-07-9,0.5638553347571325,0.13693812203653147,0.09263430771074797,95
PRISM19Q4_independent,imputer_only,0,17,lenvatinib::BRD-K39974922-001-04-3,0.4237834076289357,0.08753078902455176,0.05881233101195477,94
PRISM19Q4_independent,imputer_only,0,18,pelitinib::BRD-K08799216-001-05-3,0.8101263485064616,0.08518627610408526,0.061752042017484965,95
PRISM19Q4_independent,imputer_only,0,19,XL-647::BRD-K03765900-001-01-9,0.7950230950585994,0.08609691874855167,0.06704365351098648,94
PRISM19Q4_independent,imputer_only,0,20,ribociclib::BRD-K36788280-001-01-2,0.40465505134502866,0.15043056982232603,0.1154016657879478,95
PRISM19Q4_independent,imputer_only,0,21,linifanib::BRD-K99749624-001-07-0,0.3656155664139325,0.14327424060138028,0.10858667213866051,94
PRISM19Q4_independent,imputer_only,0,22,tivozanib::BRD-K53414658-001-08-2,0.5846958562030737,0.09986384502917767,0.07403237578716684,94
PRISM19Q4_independent,imputer_only,0,23,axitinib::BRD-K29905972-001-06-3,0.603002033152484,0.12828803649326304,0.09262151001615727,94
PRISM19Q4_independent,ridge_only,0,0,P276-00::BRD-K51791723-003-01-7,0.2677250474447064,0.07077664594892767,0.056108150984111586,95
PRISM19Q4_independent,ridge_only,0,1,abemaciclib::BRD-K33622447-066-01-9,0.4666824752149309,0.09418319306737989,0.0669807465452897,95
PRISM19Q4_independent,ridge_only,0,2,PHA-848125::BRD-K60997853-001-02-3,0.539938622382478,0.08459684769735064,0.06847037296546132,95
PRISM19Q4_independent,ridge_only,0,3,foretinib::BRD-K03449891-001-08-6,0.4708761519813071,0.0929619626092918,0.0659405645571257,95
PRISM19Q4_independent,ridge_only,0,4,tivantinib::BRD-K33379087-001-07-5,0.3707341912384009,0.0673065727654649,0.04954252243041992,95
PRISM19Q4_independent,ridge_only,0,5,ponatinib::BRD-K44227013-001-06-4,0.43754559794799164,0.07665203201471085,0.060748261340121006,94
PRISM19Q4_independent,ridge_only,0,6,GSK2110183::BRD-K25412176-001-01-9,0.486156944990437,0.1267139903450076,0.08807870935886464,94
PRISM19Q4_independent,ridge_only,0,7,ARRY-334543::BRD-K46386702-001-02-1,0.36414041653860707,0.12139463546892888,0.06044599984554534,94
PRISM19Q4_independent,ridge_only,0,8,GDC-0068::BRD-K71480163-001-01-4,0.34597534425497384,0.14670701527628793,0.11037589451099963,94
PRISM19Q4_independent,ridge_only,0,9,dacomitinib::BRD-K57169635-001-04-5,0.7220344766213508,0.10052016990353652,0.07763926494628826,94
PRISM19Q4_independent,ridge_only,0,10,uprosertib::BRD-K38332599-001-01-3,0.45751333556585355,0.07667981976175459,0.05859071333357628,94
PRISM19Q4_independent,ridge_only,0,11,neratinib::BRD-K85606544-001-09-1,0.4064585195814613,0.11332761295571918,0.07813508333043849,94
PRISM19Q4_independent,ridge_only,0,12,osimertinib::BRD-K42805893-001-04-9,0.5939694954597244,0.10174614992143403,0.07031257999570746,95
PRISM19Q4_independent,ridge_only,0,13,atiprimod::BRD-K38527262-300-01-0,0.595912648075347,0.05232082823733267,0.042571535135837314,94
PRISM19Q4_independent,ridge_only,0,14,LY2801653::BRD-K18961567-001-01-1,0.5052534603713722,0.1066612005384175,0.07480171576459357,94
PRISM19Q4_independent,ridge_only,0,15,tucatinib::BRD-K26026438-001-01-0,0.5198496267654558,0.11389305390121911,0.08564816003150129,94
PRISM19Q4_independent,ridge_only,0,16,canertinib::BRD-K50168500-001-07-9,0.5514530835262272,0.13820613100492982,0.09261674880981445,95
PRISM19Q4_independent,ridge_only,0,17,lenvatinib::BRD-K39974922-001-04-3,0.40204630878430325,0.08821627496641826,0.05889303570098065,94
PRISM19Q4_independent,ridge_only,0,18,pelitinib::BRD-K08799216-001-05-3,0.6801782379538545,0.10749560025549736,0.07431242277747706,95
PRISM19Q4_independent,ridge_only,0,19,XL-647::BRD-K03765900-001-01-9,0.7411795949399012,0.09826676502659382,0.0743644285075208,94
PRISM19Q4_independent,ridge_only,0,20,ribociclib::BRD-K36788280-001-01-2,0.40253677834480533,0.151446541200139,0.11864910000248959,95
PRISM19Q4_independent,ridge_only,0,21,linifanib::BRD-K99749624-001-07-0,0.3729703391327753,0.1389754024657834,0.11129446739846087,94
PRISM19Q4_independent,ridge_only,0,22,tivozanib::BRD-K53414658-001-08-2,0.5391448161974153,0.10338506105072735,0.07362062436469058,94
PRISM19Q4_independent,ridge_only,0,23,axitinib::BRD-K29905972-001-06-3,0.595179747751588,0.1341691182650319,0.09537713419883809,94
PRISM19Q4_independent,mfmr_base,0,0,P276-00::BRD-K51791723-003-01-7,0.2928894939779588,0.07018159919538024,0.05566305925971583,95
PRISM19Q4_independent,mfmr_base,0,1,abemaciclib::BRD-K33622447-066-01-9,0.5078002096565191,0.0918756445421043,0.06414767629221867,95
PRISM19Q4_independent,mfmr_base,0,2,PHA-848125::BRD-K60997853-001-02-3,0.5872561037380306,0.08035763828862176,0.06574776831426118,95
PRISM19Q4_independent,mfmr_base,0,3,foretinib::BRD-K03449891-001-08-6,0.5106050854272679,0.09058329917343708,0.06276632610120271,95
PRISM19Q4_independent,mfmr_base,0,4,tivantinib::BRD-K33379087-001-07-5,0.42544409275865536,0.0652703405170972,0.048545090148323464,95
PRISM19Q4_independent,mfmr_base,0,5,ponatinib::BRD-K44227013-001-06-4,0.4979757942645973,0.07368714025219524,0.05776888132095337,94
PRISM19Q4_independent,mfmr_base,0,6,GSK2110183::BRD-K25412176-001-01-9,0.523541968922273,0.12349873514297413,0.08564178677315408,94
PRISM19Q4_independent,mfmr_base,0,7,ARRY-334543::BRD-K46386702-001-02-1,0.36587425598794004,0.12065272687131846,0.059850415650834425,94
PRISM19Q4_independent,mfmr_base,0,8,GDC-0068::BRD-K71480163-001-01-4,0.4261961205899772,0.14134877452835612,0.10586124341538612,94
PRISM19Q4_independent,mfmr_base,0,9,dacomitinib::BRD-K57169635-001-04-5,0.8148763932258117,0.08454840820193173,0.06414016415464117,94
PRISM19Q4_independent,mfmr_base,0,10,uprosertib::BRD-K38332599-001-01-3,0.4791200463811509,0.07760086291184172,0.05926810934188518,94
PRISM19Q4_independent,mfmr_base,0,11,neratinib::BRD-K85606544-001-09-1,0.4550100200318834,0.11015352028324604,0.07466454772239035,94
PRISM19Q4_independent,mfmr_base,0,12,osimertinib::BRD-K42805893-001-04-9,0.6495415353867757,0.09644932795343752,0.06728658142842744,95
PRISM19Q4_independent,mfmr_base,0,13,atiprimod::BRD-K38527262-300-01-0,0.5664677891080776,0.05406411124579947,0.04483982857237471,94
PRISM19Q4_independent,mfmr_base,0,14,LY2801653::BRD-K18961567-001-01-1,0.5348443330485435,0.10431725941787168,0.07240664451680284,94
PRISM19Q4_independent,mfmr_base,0,15,tucatinib::BRD-K26026438-001-01-0,0.5489522862215194,0.11219728180750928,0.08401842764083375,94
PRISM19Q4_independent,mfmr_base,0,16,canertinib::BRD-K50168500-001-07-9,0.5676305583316952,0.13628961073803716,0.09163759256664075,95
PRISM19Q4_independent,mfmr_base,0,17,lenvatinib::BRD-K39974922-001-04-3,0.4221045876477519,0.08762683483528816,0.05842389198059731,94
PRISM19Q4_independent,mfmr_base,0,18,pelitinib::BRD-K08799216-001-05-3,0.7729681581383989,0.09403018221346256,0.066634454225239,95
PRISM19Q4_independent,mfmr_base,0,19,XL-647::BRD-K03765900-001-01-9,0.7982324322500896,0.08710876597493648,0.06691893903498954,94
PRISM19Q4_independent,mfmr_base,0,20,ribociclib::BRD-K36788280-001-01-2,0.4156188523208581,0.14972959112503004,0.11687866512097811,95
PRISM19Q4_independent,mfmr_base,0,21,linifanib::BRD-K99749624-001-07-0,0.37373161232953417,0.13992562551491805,0.10878487280074586,94
PRISM19Q4_independent,mfmr_base,0,22,tivozanib::BRD-K53414658-001-08-2,0.5769731668632564,0.09965797583636657,0.07130076213085905,94
PRISM19Q4_independent,mfmr_base,0,23,axitinib::BRD-K29905972-001-06-3,0.610936473741682,0.12953168174685836,0.09334175352086412,94
PRISM19Q4_independent,mfmr_mutation,0,0,P276-00::BRD-K51791723-003-01-7,0.27397224555211624,0.07180789680751629,0.05710618935133281,95
PRISM19Q4_independent,mfmr_mutation,0,1,abemaciclib::BRD-K33622447-066-01-9,0.4874574797578032,0.0941600236581445,0.0668490397302728,95
PRISM19Q4_independent,mfmr_mutation,0,2,PHA-848125::BRD-K60997853-001-02-3,0.5961086681210387,0.07971387085968662,0.06577844839347036,95
PRISM19Q4_independent,mfmr_mutation,0,3,foretinib::BRD-K03449891-001-08-6,0.5383882126703904,0.08889686073786841,0.06289010424362985,95
PRISM19Q4_independent,mfmr_mutation,0,4,tivantinib::BRD-K33379087-001-07-5,0.38951343508642233,0.06710808775999626,0.051259198941682516,95
PRISM19Q4_independent,mfmr_mutation,0,5,ponatinib::BRD-K44227013-001-06-4,0.48457284696363134,0.07419744746790664,0.059047047762160604,94
PRISM19Q4_independent,mfmr_mutation,0,6,GSK2110183::BRD-K25412176-001-01-9,0.49970850546980894,0.126576061262321,0.089756245308734,94
PRISM19Q4_independent,mfmr_mutation,0,7,ARRY-334543::BRD-K46386702-001-02-1,0.36631104890800265,0.12090566297222781,0.06249820805610495,94
PRISM19Q4_independent,mfmr_mutation,0,8,GDC-0068::BRD-K71480163-001-01-4,0.41279232367506813,0.1456340901683361,0.10811556273318351,94
PRISM19Q4_independent,mfmr_mutation,0,9,dacomitinib::BRD-K57169635-001-04-5,0.804436839471863,0.08537383214760166,0.06546073581310029,94
PRISM19Q4_independent,mfmr_mutation,0,10,uprosertib::BRD-K38332599-001-01-3,0.5120878919759277,0.07666801777129811,0.058087776950065124,94
PRISM19Q4_independent,mfmr_mutation,0,11,neratinib::BRD-K85606544-001-09-1,0.38152298984007804,0.11521861103492939,0.0804101843783196,94
PRISM19Q4_independent,mfmr_mutation,0,12,osimertinib::BRD-K42805893-001-04-9,0.6442659953057764,0.09680621134971357,0.06736905229719062,95
PRISM19Q4_independent,mfmr_mutation,0,13,atiprimod::BRD-K38527262-300-01-0,0.5423850179824481,0.053769714615433055,0.04285321083474666,94
PRISM19Q4_independent,mfmr_mutation,0,14,LY2801653::BRD-K18961567-001-01-1,0.5523805280000612,0.10211123306416305,0.07115964306161758,94
PRISM19Q4_independent,mfmr_mutation,0,15,tucatinib::BRD-K26026438-001-01-0,0.563058395700352,0.1098747000419099,0.08255352809074078,94
PRISM19Q4_independent,mfmr_mutation,0,16,canertinib::BRD-K50168500-001-07-9,0.5546381357301955,0.13793387160382464,0.09129284181092914,95
PRISM19Q4_independent,mfmr_mutation,0,17,lenvatinib::BRD-K39974922-001-04-3,0.4285815445201634,0.08666758930223785,0.060636190657920024,94
PRISM19Q4_independent,mfmr_mutation,0,18,pelitinib::BRD-K08799216-001-05-3,0.754491522939232,0.09541363783610182,0.068282151222229,95
PRISM19Q4_independent,mfmr_mutation,0,19,XL-647::BRD-K03765900-001-01-9,0.784625958413542,0.08808465436396716,0.06871131728304193,94
PRISM19Q4_independent,mfmr_mutation,0,20,ribociclib::BRD-K36788280-001-01-2,0.429452855346034,0.14925648561629704,0.11429727391192787,95
PRISM19Q4_independent,mfmr_mutation,0,21,linifanib::BRD-K99749624-001-07-0,0.31489817485096894,0.1456047479909583,0.11345060962311765,94
PRISM19Q4_independent,mfmr_mutation,0,22,tivozanib::BRD-K53414658-001-08-2,0.5544008811308969,0.10170650255769838,0.07433538107161826,94
PRISM19Q4_independent,mfmr_mutation,0,23,axitinib::BRD-K29905972-001-06-3,0.5988943997307953,0.12947108909015906,0.09624922434066205,94
PRISM19Q4_independent,original_mclrp,1,0,P276-00::BRD-K51791723-003-01-7,0.17372314225325158,0.5174191315282394,0.511900647847276,95
PRISM19Q4_independent,original_mclrp,1,1,abemaciclib::BRD-K33622447-066-01-9,0.38149291558110904,0.6594146630189389,0.6519916615988078,95
PRISM19Q4_independent,original_mclrp,1,2,PHA-848125::BRD-K60997853-001-02-3,0.20972080371097135,0.5755814152418812,0.5674376754384292,95
PRISM19Q4_independent,original_mclrp,1,3,foretinib::BRD-K03449891-001-08-6,0.2622813578428308,0.6078071652021224,0.599240230023861,95
PRISM19Q4_independent,original_mclrp,1,4,tivantinib::BRD-K33379087-001-07-5,0.08098601646798341,0.5977355558269706,0.5932706759164208,95
PRISM19Q4_independent,original_mclrp,1,5,ponatinib::BRD-K44227013-001-06-4,0.19816873196375515,0.6274713959472422,0.6220227045581695,94
PRISM19Q4_independent,original_mclrp,1,6,GSK2110183::BRD-K25412176-001-01-9,0.19740009474468556,0.7379133379762578,0.7241082234268493,94
PRISM19Q4_independent,original_mclrp,1,7,ARRY-334543::BRD-K46386702-001-02-1,0.14946697936446593,0.6838627729757516,0.6721102156220599,94
PRISM19Q4_independent,original_mclrp,1,8,GDC-0068::BRD-K71480163-001-01-4,0.08603534361417152,0.8090875882022086,0.7939063103750665,94
PRISM19Q4_independent,original_mclrp,1,9,dacomitinib::BRD-K57169635-001-04-5,0.14140335261246328,0.5952363101247186,0.5778742634711114,94
PRISM19Q4_independent,original_mclrp,1,10,uprosertib::BRD-K38332599-001-01-3,0.1412234932298117,0.6141511601737422,0.6081677216323133,94
PRISM19Q4_independent,original_mclrp,1,11,neratinib::BRD-K85606544-001-09-1,0.17900132487506415,0.6834622730891261,0.6726703031900081,94
PRISM19Q4_independent,original_mclrp,1,12,osimertinib::BRD-K42805893-001-04-9,0.2891640557208341,0.6825231433549445,0.6718168169260025,95
PRISM19Q4_independent,original_mclrp,1,13,atiprimod::BRD-K38527262-300-01-0,0.1123099942971581,0.639069482472512,0.6351868957281113,94
PRISM19Q4_independent,original_mclrp,1,14,LY2801653::BRD-K18961567-001-01-1,-0.03760270951184529,0.6951280115131816,0.6834611212636562,94
PRISM19Q4_independent,original_mclrp,1,15,tucatinib::BRD-K26026438-001-01-0,0.332291855561579,0.7491175637968654,0.738595151045221,94
PRISM19Q4_independent,original_mclrp,1,16,canertinib::BRD-K50168500-001-07-9,0.22750769358090542,0.7362583642216332,0.71864205990967,95
PRISM19Q4_independent,original_mclrp,1,17,lenvatinib::BRD-K39974922-001-04-3,0.16119494036642676,0.6107777653660323,0.6031557411906567,94
PRISM19Q4_independent,original_mclrp,1,18,pelitinib::BRD-K08799216-001-05-3,0.46734543220405184,0.5638528222024483,0.5491338751818005,95
PRISM19Q4_independent,original_mclrp,1,19,XL-647::BRD-K03765900-001-01-9,0.316774230518474,0.5992345466868774,0.5838468128696401,94
PRISM19Q4_independent,original_mclrp,1,20,ribociclib::BRD-K36788280-001-01-2,0.1625036352548023,0.7986728281515971,0.782496459468415,95
PRISM19Q4_independent,original_mclrp,1,21,linifanib::BRD-K99749624-001-07-0,0.1684689729984253,0.8216771785118342,0.8083550268982319,94
PRISM19Q4_independent,original_mclrp,1,22,tivozanib::BRD-K53414658-001-08-2,0.1932539441699067,0.7270516638988839,0.7171476267753764,94
PRISM19Q4_independent,original_mclrp,1,23,axitinib::BRD-K29905972-001-06-3,0.17659611313701795,0.7546681408680724,0.7379450717187942,94
PRISM19Q4_independent,imputer_only,1,0,P276-00::BRD-K51791723-003-01-7,0.30978456864887993,0.06985440576717497,0.055427132154765885,95
PRISM19Q4_independent,imputer_only,1,1,abemaciclib::BRD-K33622447-066-01-9,0.5241306242913142,0.09165699108914963,0.064011718097486,95
PRISM19Q4_independent,imputer_only,1,2,PHA-848125::BRD-K60997853-001-02-3,0.5957204250651005,0.07945842485106565,0.06533036953524539,95
PRISM19Q4_independent,imputer_only,1,3,foretinib::BRD-K03449891-001-08-6,0.5235339518619075,0.09028536283224446,0.06169576833122655,95
PRISM19Q4_independent,imputer_only,1,4,tivantinib::BRD-K33379087-001-07-5,0.4522330385322071,0.06428630225975668,0.04833754112845973,95
PRISM19Q4_independent,imputer_only,1,5,ponatinib::BRD-K44227013-001-06-4,0.5255842425724402,0.07199428982947899,0.05555315410837214,94
PRISM19Q4_independent,imputer_only,1,6,GSK2110183::BRD-K25412176-001-01-9,0.5105830006560838,0.126403479698287,0.09003283432189454,94
PRISM19Q4_independent,imputer_only,1,7,ARRY-334543::BRD-K46386702-001-02-1,0.35858337216258507,0.12124165440245215,0.06104293655841909,94
PRISM19Q4_independent,imputer_only,1,8,GDC-0068::BRD-K71480163-001-01-4,0.45785746391216525,0.13983501340956508,0.10481805877482638,94
PRISM19Q4_independent,imputer_only,1,9,dacomitinib::BRD-K57169635-001-04-5,0.8257533681678239,0.08093810113031209,0.05923797855985925,94
PRISM19Q4_independent,imputer_only,1,10,uprosertib::BRD-K38332599-001-01-3,0.46471010890368186,0.08379164365707592,0.06376919150352478,94
PRISM19Q4_independent,imputer_only,1,11,neratinib::BRD-K85606544-001-09-1,0.4858458350083792,0.10813979754968772,0.07271136565411344,94
PRISM19Q4_independent,imputer_only,1,12,osimertinib::BRD-K42805893-001-04-9,0.6592870460652613,0.09560432134981749,0.06732045443434465,95
PRISM19Q4_independent,imputer_only,1,13,atiprimod::BRD-K38527262-300-01-0,0.4819385029867297,0.056732069329089335,0.04762504202254275,94
PRISM19Q4_independent,imputer_only,1,14,LY2801653::BRD-K18961567-001-01-1,0.5383195798175657,0.1039420543441223,0.07220657074705084,94
PRISM19Q4_independent,imputer_only,1,15,tucatinib::BRD-K26026438-001-01-0,0.5697609291903704,0.11082230749962582,0.08275197224414095,94
PRISM19Q4_independent,imputer_only,1,16,canertinib::BRD-K50168500-001-07-9,0.5640557471427885,0.13691155467802693,0.09262887553164834,95
PRISM19Q4_independent,imputer_only,1,17,lenvatinib::BRD-K39974922-001-04-3,0.42271549216093796,0.08756208764933368,0.05881610195687477,94
PRISM19Q4_independent,imputer_only,1,18,pelitinib::BRD-K08799216-001-05-3,0.8103007179899764,0.08514362395965114,0.06172900356744465,95
PRISM19Q4_independent,imputer_only,1,19,XL-647::BRD-K03765900-001-01-9,0.7950909780654742,0.08608598892838773,0.06700836565900356,94
PRISM19Q4_independent,imputer_only,1,20,ribociclib::BRD-K36788280-001-01-2,0.40430832795705024,0.15046877360640137,0.11537331405438875,95
PRISM19Q4_independent,imputer_only,1,21,linifanib::BRD-K99749624-001-07-0,0.3659992237360569,0.14324389574116214,0.108563631772995,94
PRISM19Q4_independent,imputer_only,1,22,tivozanib::BRD-K53414658-001-08-2,0.5845549901332012,0.09985959966101784,0.07400013855163087,94
PRISM19Q4_independent,imputer_only,1,23,axitinib::BRD-K29905972-001-06-3,0.6034201126264758,0.12824462194577638,0.09258391533760314,94
PRISM19Q4_independent,ridge_only,1,0,P276-00::BRD-K51791723-003-01-7,0.26762941974649246,0.07077767294874276,0.056129431097131026,95
PRISM19Q4_independent,ridge_only,1,1,abemaciclib::BRD-K33622447-066-01-9,0.4666828130655264,0.09418388389010765,0.0669123561758744,95
PRISM19Q4_independent,ridge_only,1,2,PHA-848125::BRD-K60997853-001-02-3,0.5399401977138523,0.08453212994022018,0.06836879347500048,95
PRISM19Q4_independent,ridge_only,1,3,foretinib::BRD-K03449891-001-08-6,0.47255533575137454,0.09286801552083611,0.06591411954478214,95
PRISM19Q4_independent,ridge_only,1,4,tivantinib::BRD-K33379087-001-07-5,0.3695111954176995,0.06736900750033376,0.04956947941529123,95
PRISM19Q4_independent,ridge_only,1,5,ponatinib::BRD-K44227013-001-06-4,0.43666864484610884,0.07668701071442982,0.06077792099181642,94
PRISM19Q4_independent,ridge_only,1,6,GSK2110183::BRD-K25412176-001-01-9,0.4856349286048774,0.12675553326055075,0.08810658784622842,94
PRISM19Q4_independent,ridge_only,1,7,ARRY-334543::BRD-K46386702-001-02-1,0.3646876967752412,0.1213582025061134,0.060430941429544,94
PRISM19Q4_independent,ridge_only,1,8,GDC-0068::BRD-K71480163-001-01-4,0.3490943782594892,0.14648090984858886,0.11021964156881292,94
PRISM19Q4_independent,ridge_only,1,9,dacomitinib::BRD-K57169635-001-04-5,0.7215379931721041,0.10057601957385683,0.07769900655492823,94
PRISM19Q4_independent,ridge_only,1,10,uprosertib::BRD-K38332599-001-01-3,0.45897841700109016,0.07667132446345079,0.058586299419403076,94
PRISM19Q4_independent,ridge_only,1,11,neratinib::BRD-K85606544-001-09-1,0.4057557146645312,0.11335396291785182,0.07822376933503658,94
PRISM19Q4_independent,ridge_only,1,12,osimertinib::BRD-K42805893-001-04-9,0.5928942530486321,0.10183974107841133,0.070272895223216,95
PRISM19Q4_independent,ridge_only,1,13,atiprimod::BRD-K38527262-300-01-0,0.5931652254159901,0.052413049155947494,0.04264629838314462,94
PRISM19Q4_independent,ridge_only,1,14,LY2801653::BRD-K18961567-001-01-1,0.507120339875011,0.10654358584378297,0.07463134413069868,94
PRISM19Q4_independent,ridge_only,1,15,tucatinib::BRD-K26026438-001-01-0,0.5286590992485019,0.1132568413609916,0.0854015090364091,94
PRISM19Q4_independent,ridge_only,1,16,canertinib::BRD-K50168500-001-07-9,0.5508993928900507,0.13824907550753726,0.09264356901771144,95
PRISM19Q4_independent,ridge_only,1,17,lenvatinib::BRD-K39974922-001-04-3,0.40185160846864937,0.08821861051204577,0.0589309867392195,94
PRISM19Q4_independent,ridge_only,1,18,pelitinib::BRD-K08799216-001-05-3,0.6800910513778888,0.10753724244898656,0.07422923226105539,95
PRISM19Q4_independent,ridge_only,1,19,XL-647::BRD-K03765900-001-01-9,0.7397816998889626,0.09842597629107003,0.07453749312999401,94
PRISM19Q4_independent,ridge_only,1,20,ribociclib::BRD-K36788280-001-01-2,0.40490267360859317,0.15131287809618157,0.11849349360716971,95
PRISM19Q4_independent,ridge_only,1,21,linifanib::BRD-K99749624-001-07-0,0.3742640836829141,0.1388829458225132,0.11112389983014857,94
PRISM19Q4_independent,ridge_only,1,22,tivozanib::BRD-K53414658-001-08-2,0.5386654465885026,0.10343149041498398,0.07366464049258131,94
PRISM19Q4_independent,ridge_only,1,23,axitinib::BRD-K29905972-001-06-3,0.5935943280915245,0.1343125027631154,0.09533852370495492,94
PRISM19Q4_independent,mfmr_base,1,0,P276-00::BRD-K51791723-003-01-7,0.2923836913348776,0.07019880356004082,0.05570272332743594,95
PRISM19Q4_independent,mfmr_base,1,1,abemaciclib::BRD-K33622447-066-01-9,0.5076691007143048,0.09188412067916096,0.06415899552797016,95
PRISM19Q4_independent,mfmr_base,1,2,PHA-848125::BRD-K60997853-001-02-3,0.5872288789701587,0.08033788852720526,0.06569716334342957,95
PRISM19Q4_independent,mfmr_base,1,3,foretinib::BRD-K03449891-001-08-6,0.510910278174042,0.09056419589071041,0.06279003808372899,95
PRISM19Q4_independent,mfmr_base,1,4,tivantinib::BRD-K33379087-001-07-5,0.4250641023573611,0.06529297231340296,0.04855439160999499,95
PRISM19Q4_independent,mfmr_base,1,5,ponatinib::BRD-K44227013-001-06-4,0.4979122679296673,0.07369262414097795,0.05777625834688227,94
PRISM19Q4_independent,mfmr_base,1,6,GSK2110183::BRD-K25412176-001-01-9,0.5230464920706521,0.12354108671519709,0.08568353221771564,94
PRISM19Q4_independent,mfmr_base,1,7,ARRY-334543::BRD-K46386702-001-02-1,0.36602151404873673,0.12064222447927697,0.059829454472724426,94
PRISM19Q4_independent,mfmr_base,1,8,GDC-0068::BRD-K71480163-001-01-4,0.4272865072961497,0.14125838394462759,0.10586180205040789,94
PRISM19Q4_independent,mfmr_base,1,9,dacomitinib::BRD-K57169635-001-04-5,0.81474275588908,0.08456999122869262,0.06418375163636308,94
PRISM19Q4_independent,mfmr_base,1,10,uprosertib::BRD-K38332599-001-01-3,0.4804591446325295,0.0775205962577328,0.059189100214775574,94
PRISM19Q4_independent,mfmr_base,1,11,neratinib::BRD-K85606544-001-09-1,0.4548249135420584,0.11015225497905966,0.07469929215755869,94
PRISM19Q4_independent,mfmr_base,1,12,osimertinib::BRD-K42805893-001-04-9,0.6493368370716694,0.09647208790997316,0.06726828405731602,95
PRISM19Q4_independent,mfmr_base,1,13,atiprimod::BRD-K38527262-300-01-0,0.5640385648552627,0.054134690842504926,0.044892948992708896,94
PRISM19Q4_independent,mfmr_base,1,14,LY2801653::BRD-K18961567-001-01-1,0.5358757678867111,0.1042366312135171,0.07237901078893784,94
PRISM19Q4_independent,mfmr_base,1,15,tucatinib::BRD-K26026438-001-01-0,0.5536377955971699,0.1118282421810363,0.08387855392821292,94
PRISM19Q4_independent,mfmr_base,1,16,canertinib::BRD-K50168500-001-07-9,0.5674910595321132,0.13629939223814322,0.09166402126613417,95
PRISM19Q4_independent,mfmr_base,1,17,lenvatinib::BRD-K39974922-001-04-3,0.42144762554361276,0.08764191281533935,0.05844363126348942,94
PRISM19Q4_independent,mfmr_base,1,18,pelitinib::BRD-K08799216-001-05-3,0.7730759752166486,0.09402545990708966,0.06659492944416247,95
PRISM19Q4_independent,mfmr_base,1,19,XL-647::BRD-K03765900-001-01-9,0.7978934912775854,0.08716586681921987,0.0669266717865112,94
PRISM19Q4_independent,mfmr_base,1,20,ribociclib::BRD-K36788280-001-01-2,0.41653911723732645,0.1496785553997329,0.11678736021644191,95
PRISM19Q4_independent,mfmr_base,1,21,linifanib::BRD-K99749624-001-07-0,0.3744547817120242,0.13986517018020336,0.10870502223359778,94
PRISM19Q4_independent,mfmr_base,1,22,tivozanib::BRD-K53414658-001-08-2,0.5766618049205643,0.0996843343897473,0.07131378003891478,94
PRISM19Q4_independent,mfmr_base,1,23,axitinib::BRD-K29905972-001-06-3,0.6105052026494965,0.12958421777753523,0.09330974329025188,94
PRISM19Q4_independent,mfmr_mutation,1,0,P276-00::BRD-K51791723-003-01-7,0.28254578721062085,0.07126827896787406,0.056508767604827884,95
PRISM19Q4_independent,mfmr_mutation,1,1,abemaciclib::BRD-K33622447-066-01-9,0.4905220853313509,0.09392345676187583,0.06683350048567119,95
PRISM19Q4_independent,mfmr_mutation,1,2,PHA-848125::BRD-K60997853-001-02-3,0.5974857969334684,0.07978689613855203,0.06527198019780611,95
PRISM19Q4_independent,mfmr_mutation,1,3,foretinib::BRD-K03449891-001-08-6,0.5391068914469928,0.08882873729980834,0.06256265389291864,95
PRISM19Q4_independent,mfmr_mutation,1,4,tivantinib::BRD-K33379087-001-07-5,0.3932616992040946,0.0669494602504762,0.05110872795707301,95
PRISM19Q4_independent,mfmr_mutation,1,5,ponatinib::BRD-K44227013-001-06-4,0.4853334132586175,0.0741945612275038,0.05903328416195321,94
PRISM19Q4_independent,mfmr_mutation,1,6,GSK2110183::BRD-K25412176-001-01-9,0.5027710716708983,0.12628632952280808,0.0901705838264303,94
PRISM19Q4_independent,mfmr_mutation,1,7,ARRY-334543::BRD-K46386702-001-02-1,0.3662552544743635,0.12103641707014531,0.06245597626300568,94
PRISM19Q4_independent,mfmr_mutation,1,8,GDC-0068::BRD-K71480163-001-01-4,0.42290545865829227,0.14439974720278353,0.10652085631451708,94
PRISM19Q4_independent,mfmr_mutation,1,9,dacomitinib::BRD-K57169635-001-04-5,0.8025058733082371,0.08572745969799107,0.06587211153608688,94
PRISM19Q4_independent,mfmr_mutation,1,10,uprosertib::BRD-K38332599-001-01-3,0.512316847444038,0.07646945668079726,0.05765569970962849,94
PRISM19Q4_independent,mfmr_mutation,1,11,neratinib::BRD-K85606544-001-09-1,0.37881101245973864,0.1152102308122195,0.08004007757978236,94
PRISM19Q4_independent,mfmr_mutation,1,12,osimertinib::BRD-K42805893-001-04-9,0.6496371170187522,0.09613960248775286,0.06668258058397393,95
PRISM19Q4_independent,mfmr_mutation,1,13,atiprimod::BRD-K38527262-300-01-0,0.5415759666049663,0.05382605147085393,0.04296301654044618,94
PRISM19Q4_independent,mfmr_mutation,1,14,LY2801653::BRD-K18961567-001-01-1,0.5491892043418741,0.1023198797749037,0.07178607265999977,94
PRISM19Q4_independent,mfmr_mutation,1,15,tucatinib::BRD-K26026438-001-01-0,0.5603126413143129,0.11017000250173345,0.08259151083357791,94
PRISM19Q4_independent,mfmr_mutation,1,16,canertinib::BRD-K50168500-001-07-9,0.5601862754100375,0.13716480969392633,0.09130623089639764,95
PRISM19Q4_independent,mfmr_mutation,1,17,lenvatinib::BRD-K39974922-001-04-3,0.4120569571618772,0.08734961044607667,0.06117236233772116,94
PRISM19Q4_independent,mfmr_mutation,1,18,pelitinib::BRD-K08799216-001-05-3,0.7533301099529286,0.09573112795292392,0.06817846925635086,95
PRISM19Q4_independent,mfmr_mutation,1,19,XL-647::BRD-K03765900-001-01-9,0.7880783127726606,0.08744095678817887,0.06843893420188984,94
PRISM19Q4_independent,mfmr_mutation,1,20,ribociclib::BRD-K36788280-001-01-2,0.41862160079355426,0.1501545792446217,0.11413620835856388,95
PRISM19Q4_independent,mfmr_mutation,1,21,linifanib::BRD-K99749624-001-07-0,0.3064835333688206,0.14626773034877158,0.11385949558400094,94
PRISM19Q4_independent,mfmr_mutation,1,22,tivozanib::BRD-K53414658-001-08-2,0.549674251694699,0.10210939867901864,0.07451368392782008,94
PRISM19Q4_independent,mfmr_mutation,1,23,axitinib::BRD-K29905972-001-06-3,0.5992670860277154,0.12959119309243813,0.09629416877919054,94
PRISM19Q4_independent,original_mclrp,2,0,P276-00::BRD-K51791723-003-01-7,0.17372314225325158,0.5174191315282394,0.511900647847276,95
PRISM19Q4_independent,original_mclrp,2,1,abemaciclib::BRD-K33622447-066-01-9,0.38149291558110904,0.6594146630189389,0.6519916615988078,95
PRISM19Q4_independent,original_mclrp,2,2,PHA-848125::BRD-K60997853-001-02-3,0.20972080371097135,0.5755814152418812,0.5674376754384292,95
PRISM19Q4_independent,original_mclrp,2,3,foretinib::BRD-K03449891-001-08-6,0.2622813578428308,0.6078071652021224,0.599240230023861,95
PRISM19Q4_independent,original_mclrp,2,4,tivantinib::BRD-K33379087-001-07-5,0.08098601646798341,0.5977355558269706,0.5932706759164208,95
PRISM19Q4_independent,original_mclrp,2,5,ponatinib::BRD-K44227013-001-06-4,0.19816873196375515,0.6274713959472422,0.6220227045581695,94
PRISM19Q4_independent,original_mclrp,2,6,GSK2110183::BRD-K25412176-001-01-9,0.19740009474468556,0.7379133379762578,0.7241082234268493,94
PRISM19Q4_independent,original_mclrp,2,7,ARRY-334543::BRD-K46386702-001-02-1,0.14946697936446593,0.6838627729757516,0.6721102156220599,94
PRISM19Q4_independent,original_mclrp,2,8,GDC-0068::BRD-K71480163-001-01-4,0.08603534361417152,0.8090875882022086,0.7939063103750665,94
PRISM19Q4_independent,original_mclrp,2,9,dacomitinib::BRD-K57169635-001-04-5,0.14140335261246328,0.5952363101247186,0.5778742634711114,94
PRISM19Q4_independent,original_mclrp,2,10,uprosertib::BRD-K38332599-001-01-3,0.1412234932298117,0.6141511601737422,0.6081677216323133,94
PRISM19Q4_independent,original_mclrp,2,11,neratinib::BRD-K85606544-001-09-1,0.17900132487506415,0.6834622730891261,0.6726703031900081,94
PRISM19Q4_independent,original_mclrp,2,12,osimertinib::BRD-K42805893-001-04-9,0.2891640557208341,0.6825231433549445,0.6718168169260025,95
PRISM19Q4_independent,original_mclrp,2,13,atiprimod::BRD-K38527262-300-01-0,0.1123099942971581,0.639069482472512,0.6351868957281113,94
PRISM19Q4_independent,original_mclrp,2,14,LY2801653::BRD-K18961567-001-01-1,-0.03760270951184529,0.6951280115131816,0.6834611212636562,94
PRISM19Q4_independent,original_mclrp,2,15,tucatinib::BRD-K26026438-001-01-0,0.332291855561579,0.7491175637968654,0.738595151045221,94
PRISM19Q4_independent,original_mclrp,2,16,canertinib::BRD-K50168500-001-07-9,0.22750769358090542,0.7362583642216332,0.71864205990967,95
PRISM19Q4_independent,original_mclrp,2,17,lenvatinib::BRD-K39974922-001-04-3,0.16119494036642676,0.6107777653660323,0.6031557411906567,94
PRISM19Q4_independent,original_mclrp,2,18,pelitinib::BRD-K08799216-001-05-3,0.46734543220405184,0.5638528222024483,0.5491338751818005,95
PRISM19Q4_independent,original_mclrp,2,19,XL-647::BRD-K03765900-001-01-9,0.316774230518474,0.5992345466868774,0.5838468128696401,94
PRISM19Q4_independent,original_mclrp,2,20,ribociclib::BRD-K36788280-001-01-2,0.1625036352548023,0.7986728281515971,0.782496459468415,95
PRISM19Q4_independent,original_mclrp,2,21,linifanib::BRD-K99749624-001-07-0,0.1684689729984253,0.8216771785118342,0.8083550268982319,94
PRISM19Q4_independent,original_mclrp,2,22,tivozanib::BRD-K53414658-001-08-2,0.1932539441699067,0.7270516638988839,0.7171476267753764,94
PRISM19Q4_independent,original_mclrp,2,23,axitinib::BRD-K29905972-001-06-3,0.17659611313701795,0.7546681408680724,0.7379450717187942,94
PRISM19Q4_independent,imputer_only,2,0,P276-00::BRD-K51791723-003-01-7,0.3113597485500772,0.06980169334276391,0.055337477357763995,95
PRISM19Q4_independent,imputer_only,2,1,abemaciclib::BRD-K33622447-066-01-9,0.5238161864833718,0.0916822536396626,0.06404318746767546,95
PRISM19Q4_independent,imputer_only,2,2,PHA-848125::BRD-K60997853-001-02-3,0.5967535441089011,0.07937793142084042,0.06534674951904698,95
PRISM19Q4_independent,imputer_only,2,3,foretinib::BRD-K03449891-001-08-6,0.5236227153880317,0.09028129899929739,0.061711306948410836,95
PRISM19Q4_independent,imputer_only,2,4,tivantinib::BRD-K33379087-001-07-5,0.4518679342527096,0.06430195067350931,0.048345768451690675,95
PRISM19Q4_independent,imputer_only,2,5,ponatinib::BRD-K44227013-001-06-4,0.5253496039521569,0.07201050764528545,0.055561161421714945,94
PRISM19Q4_independent,imputer_only,2,6,GSK2110183::BRD-K25412176-001-01-9,0.5112713877740144,0.12633851651459527,0.09002358989512667,94
PRISM19Q4_independent,imputer_only,2,7,ARRY-334543::BRD-K46386702-001-02-1,0.35892358823708465,0.12122291859433414,0.06106636308609171,94
PRISM19Q4_independent,imputer_only,2,8,GDC-0068::BRD-K71480163-001-01-4,0.4592669200867615,0.1396815849055664,0.10467503299104407,94
PRISM19Q4_independent,imputer_only,2,9,dacomitinib::BRD-K57169635-001-04-5,0.8258524118059073,0.0809164267465287,0.05922582967484251,94
PRISM19Q4_independent,imputer_only,2,10,uprosertib::BRD-K38332599-001-01-3,0.4643199244776378,0.08384584495042739,0.06378612683174457,94
PRISM19Q4_independent,imputer_only,2,11,neratinib::BRD-K85606544-001-09-1,0.4860054510303942,0.10813042080159867,0.07269664774549768,94
PRISM19Q4_independent,imputer_only,2,12,osimertinib::BRD-K42805893-001-04-9,0.6590944903834919,0.09562774339081036,0.06732283046371058,95
PRISM19Q4_independent,imputer_only,2,13,atiprimod::BRD-K38527262-300-01-0,0.48372181783492396,0.056695604350998956,0.04760506241879565,94
PRISM19Q4_independent,imputer_only,2,14,LY2801653::BRD-K18961567-001-01-1,0.5371276115843576,0.10403118638211314,0.07216730904071889,94
PRISM19Q4_independent,imputer_only,2,15,tucatinib::BRD-K26026438-001-01-0,0.5701748667272776,0.11083006153664904,0.08274468208881135,94
PRISM19Q4_independent,imputer_only,2,16,canertinib::BRD-K50168500-001-07-9,0.5641416103798017,0.1369048082449324,0.09261669234225625,95
PRISM19Q4_independent,imputer_only,2,17,lenvatinib::BRD-K39974922-001-04-3,0.4237879296852966,0.0875366047548843,0.05881912086872344,94
PRISM19Q4_independent,imputer_only,2,18,pelitinib::BRD-K08799216-001-05-3,0.8103095560207868,0.0851519260871916,0.06173385758148996,95
PRISM19Q4_independent,imputer_only,2,19,XL-647::BRD-K03765900-001-01-9,0.7949725586084381,0.08610313607097923,0.06702193586116141,94
PRISM19Q4_independent,imputer_only,2,20,ribociclib::BRD-K36788280-001-01-2,0.404451025949055,0.1504505900882219,0.11542007044741982,95
PRISM19Q4_independent,imputer_only,2,21,linifanib::BRD-K99749624-001-07-0,0.3659747077754887,0.14323607452404616,0.10852513604975761,94
PRISM19Q4_independent,imputer_only,2,22,tivozanib::BRD-K53414658-001-08-2,0.5845707297709188,0.09988098862698375,0.07405582641033416,94
PRISM19Q4_independent,imputer_only,2,23,axitinib::BRD-K29905972-001-06-3,0.6032572019244825,0.12826321357027262,0.09260489427028819,94
PRISM19Q4_independent,ridge_only,2,0,P276-00::BRD-K51791723-003-01-7,0.2684925285248338,0.07075430875637564,0.05610028944517437,95
PRISM19Q4_independent,ridge_only,2,1,abemaciclib::BRD-K33622447-066-01-9,0.46662940516609047,0.09418496293164011,0.06702139754044383,95
PRISM19Q4_independent,ridge_only,2,2,PHA-848125::BRD-K60997853-001-02-3,0.5362602087462245,0.08485502305186364,0.06855555490443581,95
PRISM19Q4_independent,ridge_only,2,3,foretinib::BRD-K03449891-001-08-6,0.4721378268993679,0.09289147324183217,0.06582990131880108,95
PRISM19Q4_independent,ridge_only,2,4,tivantinib::BRD-K33379087-001-07-5,0.37166114330407307,0.06731998479167041,0.04949621777785452,95
PRISM19Q4_independent,ridge_only,2,5,ponatinib::BRD-K44227013-001-06-4,0.43702246548863344,0.07667349945613457,0.06075088267630719,94
PRISM19Q4_independent,ridge_only,2,6,GSK2110183::BRD-K25412176-001-01-9,0.4859154014592036,0.12672713533963878,0.08812461254444529,94
PRISM19Q4_independent,ridge_only,2,7,ARRY-334543::BRD-K46386702-001-02-1,0.36435203415203243,0.12138201749737502,0.060427478653319336,94
PRISM19Q4_independent,ridge_only,2,8,GDC-0068::BRD-K71480163-001-01-4,0.3442449588339356,0.14681480669825464,0.1104218452534777,94
PRISM19Q4_independent,ridge_only,2,9,dacomitinib::BRD-K57169635-001-04-5,0.7213133635626516,0.10060097421404095,0.07766889669793717,94
PRISM19Q4_independent,ridge_only,2,10,uprosertib::BRD-K38332599-001-01-3,0.4621971057052748,0.07642955215802988,0.05835046983779745,94
PRISM19Q4_independent,ridge_only,2,11,neratinib::BRD-K85606544-001-09-1,0.40596650867653333,0.11337559124995944,0.07813559948129857,94
PRISM19Q4_independent,ridge_only,2,12,osimertinib::BRD-K42805893-001-04-9,0.5941644791940489,0.10173724685841296,0.07032004814398916,95
PRISM19Q4_independent,ridge_only,2,13,atiprimod::BRD-K38527262-300-01-0,0.5950606272749638,0.052360544926182986,0.04264632564909915,94
PRISM19Q4_independent,ridge_only,2,14,LY2801653::BRD-K18961567-001-01-1,0.5014468584919317,0.10690588896373537,0.07438700503491341,94
PRISM19Q4_independent,ridge_only,2,15,tucatinib::BRD-K26026438-001-01-0,0.5261282006399878,0.11345217807872096,0.08541944179129093,94
PRISM19Q4_independent,ridge_only,2,16,canertinib::BRD-K50168500-001-07-9,0.551060150982489,0.1382387281528664,0.09262151592656186,95
PRISM19Q4_independent,ridge_only,2,17,lenvatinib::BRD-K39974922-001-04-3,0.3998352261393866,0.08828521911051282,0.0589930459539941,94
PRISM19Q4_independent,ridge_only,2,18,pelitinib::BRD-K08799216-001-05-3,0.6803939739099943,0.10751078157347864,0.07428605556488037,95
PRISM19Q4_independent,ridge_only,2,19,XL-647::BRD-K03765900-001-01-9,0.7399004309998268,0.09837474928588522,0.0744844488006957,94
PRISM19Q4_independent,ridge_only,2,20,ribociclib::BRD-K36788280-001-01-2,0.4056329213408809,0.15125635491299672,0.11839352720662168,95
PRISM19Q4_independent,ridge_only,2,21,linifanib::BRD-K99749624-001-07-0,0.3737260686431568,0.13890224235504453,0.1110944373810545,94
PRISM19Q4_independent,ridge_only,2,22,tivozanib::BRD-K53414658-001-08-2,0.5400676555431193,0.10334827212387435,0.07354984067855998,94
PRISM19Q4_independent,ridge_only,2,23,axitinib::BRD-K29905972-001-06-3,0.592667645383264,0.13440569614530312,0.09549649186590885,94
PRISM19Q4_independent,mfmr_base,2,0,P276-00::BRD-K51791723-003-01-7,0.2935513128870951,0.07016331378866028,0.05565208824057328,95
PRISM19Q4_independent,mfmr_base,2,1,abemaciclib::BRD-K33622447-066-01-9,0.5075574004931215,0.09188888665549971,0.06420720313724719,95
PRISM19Q4_independent,mfmr_base,2,2,PHA-848125::BRD-K60997853-001-02-3,0.5859527090817553,0.08046600477687864,0.06574961103891072,95
PRISM19Q4_independent,mfmr_base,2,3,foretinib::BRD-K03449891-001-08-6,0.5107966521941794,0.09057101674948156,0.06275330280002794,95
PRISM19Q4_independent,mfmr_base,2,4,tivantinib::BRD-K33379087-001-07-5,0.42575866567472626,0.06528229305920046,0.04852604803286101,95
PRISM19Q4_independent,mfmr_base,2,5,ponatinib::BRD-K44227013-001-06-4,0.4977651989488907,0.0737012151148479,0.057788755031342204,94
PRISM19Q4_independent,mfmr_base,2,6,GSK2110183::BRD-K25412176-001-01-9,0.5236734118460892,0.12348640989936331,0.085672509162984,94
PRISM19Q4_independent,mfmr_base,2,7,ARRY-334543::BRD-K46386702-001-02-1,0.366073507829562,0.12064163752741462,0.0598477784623491,94
PRISM19Q4_independent,mfmr_base,2,8,GDC-0068::BRD-K71480163-001-01-4,0.42644036302842553,0.14132117084646673,0.1059043401099266,94
PRISM19Q4_independent,mfmr_base,2,9,dacomitinib::BRD-K57169635-001-04-5,0.8147055489343146,0.08457560731132567,0.06415383073877781,94
PRISM19Q4_independent,mfmr_base,2,10,uprosertib::BRD-K38332599-001-01-3,0.48126909832554515,0.07746053613505463,0.05912520847422011,94
PRISM19Q4_independent,mfmr_base,2,11,neratinib::BRD-K85606544-001-09-1,0.4549168351911175,0.11016331711090337,0.07466941691459493,94
PRISM19Q4_independent,mfmr_base,2,12,osimertinib::BRD-K42805893-001-04-9,0.6497432975439902,0.09643470907057539,0.067278559270658,95
PRISM19Q4_independent,mfmr_base,2,13,atiprimod::BRD-K38527262-300-01-0,0.5659590678442873,0.05409131543468517,0.04487792418358174,94
PRISM19Q4_independent,mfmr_base,2,14,LY2801653::BRD-K18961567-001-01-1,0.5323291779529495,0.10448557997724607,0.07229164496381232,94
PRISM19Q4_independent,mfmr_base,2,15,tucatinib::BRD-K26026438-001-01-0,0.5524868793657426,0.1119368257673365,0.08390301783034142,94
PRISM19Q4_independent,mfmr_base,2,16,canertinib::BRD-K50168500-001-07-9,0.5676327703499193,0.13628700986067704,0.09163722176300852,95
PRISM19Q4_independent,mfmr_base,2,17,lenvatinib::BRD-K39974922-001-04-3,0.42104088226121444,0.08765885503835369,0.0584604670392706,94
PRISM19Q4_independent,mfmr_base,2,18,pelitinib::BRD-K08799216-001-05-3,0.7732135805134505,0.094015015630674,0.0666173640050386,95
PRISM19Q4_independent,mfmr_base,2,19,XL-647::BRD-K03765900-001-01-9,0.7976819717478792,0.08718763086151425,0.06692916059747656,94
PRISM19Q4_independent,mfmr_base,2,20,ribociclib::BRD-K36788280-001-01-2,0.4171321189539998,0.14963308801807942,0.11677004161633943,95
PRISM19Q4_independent,mfmr_base,2,21,linifanib::BRD-K99749624-001-07-0,0.3741738223573267,0.13986815169887995,0.10867651916564779,94
PRISM19Q4_independent,mfmr_base,2,22,tivozanib::BRD-K53414658-001-08-2,0.5772174909221629,0.09964269909303594,0.07128469804500012,94
PRISM19Q4_independent,mfmr_base,2,23,axitinib::BRD-K29905972-001-06-3,0.6101090478468865,0.12963671960098358,0.09337149497042312,94
PRISM19Q4_independent,mfmr_mutation,2,0,P276-00::BRD-K51791723-003-01-7,0.2759341868572113,0.0715778789014146,0.0571715141597547,95
PRISM19Q4_independent,mfmr_mutation,2,1,abemaciclib::BRD-K33622447-066-01-9,0.48942890352094187,0.09401909462434237,0.06715167447140342,95
PRISM19Q4_independent,mfmr_mutation,2,2,PHA-848125::BRD-K60997853-001-02-3,0.5895909966827508,0.08032783467535493,0.065812024003581,95
PRISM19Q4_independent,mfmr_mutation,2,3,foretinib::BRD-K03449891-001-08-6,0.5286033237086118,0.08960195196515024,0.06267242933574475,95
PRISM19Q4_independent,mfmr_mutation,2,4,tivantinib::BRD-K33379087-001-07-5,0.40977855844029876,0.06652022313901781,0.0506814203764263,95
PRISM19Q4_independent,mfmr_mutation,2,5,ponatinib::BRD-K44227013-001-06-4,0.4802728998130255,0.07422761415526644,0.05912579944793214,94
PRISM19Q4_independent,mfmr_mutation,2,6,GSK2110183::BRD-K25412176-001-01-9,0.49308428923763253,0.12732627020369933,0.09079266609029567,94
PRISM19Q4_independent,mfmr_mutation,2,7,ARRY-334543::BRD-K46386702-001-02-1,0.37528092830862414,0.12038435769423851,0.06215788645947233,94
PRISM19Q4_independent,mfmr_mutation,2,8,GDC-0068::BRD-K71480163-001-01-4,0.420494181689024,0.1450098801945998,0.10695454097808675,94
PRISM19Q4_independent,mfmr_mutation,2,9,dacomitinib::BRD-K57169635-001-04-5,0.8072895891053167,0.0848548746483941,0.06519592220478869,94
PRISM19Q4_independent,mfmr_mutation,2,10,uprosertib::BRD-K38332599-001-01-3,0.5121885805965365,0.0769222512178267,0.0580824632593926,94
PRISM19Q4_independent,mfmr_mutation,2,11,neratinib::BRD-K85606544-001-09-1,0.3899724018800635,0.11475875294441032,0.07986798184983274,94
PRISM19Q4_independent,mfmr_mutation,2,12,osimertinib::BRD-K42805893-001-04-9,0.6522771252106687,0.09606009238752547,0.06703029337682222,95
PRISM19Q4_independent,mfmr_mutation,2,13,atiprimod::BRD-K38527262-300-01-0,0.5437541499716896,0.0537812150573668,0.042904346547228224,94
PRISM19Q4_independent,mfmr_mutation,2,14,LY2801653::BRD-K18961567-001-01-1,0.5623640011025438,0.10146003931572782,0.06954818837186123,94
PRISM19Q4_independent,mfmr_mutation,2,15,tucatinib::BRD-K26026438-001-01-0,0.5487417579612749,0.11087887701714497,0.08311185050517955,94
PRISM19Q4_independent,mfmr_mutation,2,16,canertinib::BRD-K50168500-001-07-9,0.5591403675025358,0.13738900433827803,0.0912076146979081,95
PRISM19Q4_independent,mfmr_mutation,2,17,lenvatinib::BRD-K39974922-001-04-3,0.413040395502142,0.08737261026792136,0.06123638343303762,94
PRISM19Q4_independent,mfmr_mutation,2,18,pelitinib::BRD-K08799216-001-05-3,0.7549724374823354,0.09535867361920336,0.06836100816726684,95
PRISM19Q4_independent,mfmr_mutation,2,19,XL-647::BRD-K03765900-001-01-9,0.7811462879482682,0.08893332096757434,0.06938997006162684,94
PRISM19Q4_independent,mfmr_mutation,2,20,ribociclib::BRD-K36788280-001-01-2,0.4217148106665569,0.1497667308775362,0.11406230550063284,95
PRISM19Q4_independent,mfmr_mutation,2,21,linifanib::BRD-K99749624-001-07-0,0.3126298247768844,0.14598719569617225,0.11336240743068939,94
PRISM19Q4_independent,mfmr_mutation,2,22,tivozanib::BRD-K53414658-001-08-2,0.5562326557868925,0.10160906565297842,0.07395581171867695,94
PRISM19Q4_independent,mfmr_mutation,2,23,axitinib::BRD-K29905972-001-06-3,0.6024969136769507,0.12920679263353108,0.09614234560347618,94
PRISM19Q4_independent,original_mclrp,3,0,P276-00::BRD-K51791723-003-01-7,0.17372314225325158,0.5174191315282394,0.511900647847276,95
PRISM19Q4_independent,original_mclrp,3,1,abemaciclib::BRD-K33622447-066-01-9,0.38149291558110904,0.6594146630189389,0.6519916615988078,95
PRISM19Q4_independent,original_mclrp,3,2,PHA-848125::BRD-K60997853-001-02-3,0.20972080371097135,0.5755814152418812,0.5674376754384292,95
PRISM19Q4_independent,original_mclrp,3,3,foretinib::BRD-K03449891-001-08-6,0.2622813578428308,0.6078071652021224,0.599240230023861,95
PRISM19Q4_independent,original_mclrp,3,4,tivantinib::BRD-K33379087-001-07-5,0.08098601646798341,0.5977355558269706,0.5932706759164208,95
PRISM19Q4_independent,original_mclrp,3,5,ponatinib::BRD-K44227013-001-06-4,0.19816873196375515,0.6274713959472422,0.6220227045581695,94
PRISM19Q4_independent,original_mclrp,3,6,GSK2110183::BRD-K25412176-001-01-9,0.19740009474468556,0.7379133379762578,0.7241082234268493,94
PRISM19Q4_independent,original_mclrp,3,7,ARRY-334543::BRD-K46386702-001-02-1,0.14946697936446593,0.6838627729757516,0.6721102156220599,94
PRISM19Q4_independent,original_mclrp,3,8,GDC-0068::BRD-K71480163-001-01-4,0.08603534361417152,0.8090875882022086,0.7939063103750665,94
PRISM19Q4_independent,original_mclrp,3,9,dacomitinib::BRD-K57169635-001-04-5,0.14140335261246328,0.5952363101247186,0.5778742634711114,94
PRISM19Q4_independent,original_mclrp,3,10,uprosertib::BRD-K38332599-001-01-3,0.1412234932298117,0.6141511601737422,0.6081677216323133,94
PRISM19Q4_independent,original_mclrp,3,11,neratinib::BRD-K85606544-001-09-1,0.17900132487506415,0.6834622730891261,0.6726703031900081,94
PRISM19Q4_independent,original_mclrp,3,12,osimertinib::BRD-K42805893-001-04-9,0.2891640557208341,0.6825231433549445,0.6718168169260025,95
PRISM19Q4_independent,original_mclrp,3,13,atiprimod::BRD-K38527262-300-01-0,0.1123099942971581,0.639069482472512,0.6351868957281113,94
PRISM19Q4_independent,original_mclrp,3,14,LY2801653::BRD-K18961567-001-01-1,-0.03760270951184529,0.6951280115131816,0.6834611212636562,94
PRISM19Q4_independent,original_mclrp,3,15,tucatinib::BRD-K26026438-001-01-0,0.332291855561579,0.7491175637968654,0.738595151045221,94
PRISM19Q4_independent,original_mclrp,3,16,canertinib::BRD-K50168500-001-07-9,0.22750769358090542,0.7362583642216332,0.71864205990967,95
PRISM19Q4_independent,original_mclrp,3,17,lenvatinib::BRD-K39974922-001-04-3,0.16119494036642676,0.6107777653660323,0.6031557411906567,94
PRISM19Q4_independent,original_mclrp,3,18,pelitinib::BRD-K08799216-001-05-3,0.46734543220405184,0.5638528222024483,0.5491338751818005,95
PRISM19Q4_independent,original_mclrp,3,19,XL-647::BRD-K03765900-001-01-9,0.316774230518474,0.5992345466868774,0.5838468128696401,94
PRISM19Q4_independent,original_mclrp,3,20,ribociclib::BRD-K36788280-001-01-2,0.1625036352548023,0.7986728281515971,0.782496459468415,95
PRISM19Q4_independent,original_mclrp,3,21,linifanib::BRD-K99749624-001-07-0,0.1684689729984253,0.8216771785118342,0.8083550268982319,94
PRISM19Q4_independent,original_mclrp,3,22,tivozanib::BRD-K53414658-001-08-2,0.1932539441699067,0.7270516638988839,0.7171476267753764,94
PRISM19Q4_independent,original_mclrp,3,23,axitinib::BRD-K29905972-001-06-3,0.17659611313701795,0.7546681408680724,0.7379450717187942,94
PRISM19Q4_independent,imputer_only,3,0,P276-00::BRD-K51791723-003-01-7,0.31274588471393155,0.06976096895645212,0.055309370944374485,95
PRISM19Q4_independent,imputer_only,3,1,abemaciclib::BRD-K33622447-066-01-9,0.5241188538360733,0.09165959441373223,0.06403331505624872,95
PRISM19Q4_independent,imputer_only,3,2,PHA-848125::BRD-K60997853-001-02-3,0.5979237486845852,0.07930117979151409,0.06530007155318009,95
PRISM19Q4_independent,imputer_only,3,3,foretinib::BRD-K03449891-001-08-6,0.523851184279582,0.09026242664741808,0.06167198356829191,95
PRISM19Q4_independent,imputer_only,3,4,tivantinib::BRD-K33379087-001-07-5,0.4521705235663791,0.06429006280433533,0.04833847221575285,95
PRISM19Q4_independent,imputer_only,3,5,ponatinib::BRD-K44227013-001-06-4,0.5250902683691877,0.07201564397261606,0.055551054629873725,94
PRISM19Q4_independent,imputer_only,3,6,GSK2110183::BRD-K25412176-001-01-9,0.5102630002009245,0.12644016034151834,0.09004374704462417,94
PRISM19Q4_independent,imputer_only,3,7,ARRY-334543::BRD-K46386702-001-02-1,0.3591145805786862,0.12120908422327174,0.0610463226095159,94
PRISM19Q4_independent,imputer_only,3,8,GDC-0068::BRD-K71480163-001-01-4,0.4578761841985289,0.13982889864955456,0.10481939417250613,94
PRISM19Q4_independent,imputer_only,3,9,dacomitinib::BRD-K57169635-001-04-5,0.8259018430776028,0.08090735903467092,0.05923053527131994,94
PRISM19Q4_independent,imputer_only,3,10,uprosertib::BRD-K38332599-001-01-3,0.4645599947505915,0.08382332233680817,0.06378259303721975,94
PRISM19Q4_independent,imputer_only,3,11,neratinib::BRD-K85606544-001-09-1,0.4854694807342772,0.10817395765906117,0.0727272629737854,94
PRISM19Q4_independent,imputer_only,3,12,osimertinib::BRD-K42805893-001-04-9,0.6593628976136882,0.09559553886965683,0.06732070100934882,95
PRISM19Q4_independent,imputer_only,3,13,atiprimod::BRD-K38527262-300-01-0,0.4833728534974531,0.05668971724145567,0.047599419634392924,94
PRISM19Q4_independent,imputer_only,3,14,LY2801653::BRD-K18961567-001-01-1,0.5373401326728322,0.10401184070910524,0.07219476268646564,94
PRISM19Q4_independent,imputer_only,3,15,tucatinib::BRD-K26026438-001-01-0,0.5702956374927898,0.11081991627490273,0.08273958272122323,94
PRISM19Q4_independent,imputer_only,3,16,canertinib::BRD-K50168500-001-07-9,0.5638352117166879,0.13693948672855202,0.09265481986497578,95
PRISM19Q4_independent,imputer_only,3,17,lenvatinib::BRD-K39974922-001-04-3,0.42454322070196265,0.08749983588739481,0.05882382329474104,94
PRISM19Q4_independent,imputer_only,3,18,pelitinib::BRD-K08799216-001-05-3,0.8102990370373814,0.0851512212560736,0.061725608612361704,95
PRISM19Q4_independent,imputer_only,3,19,XL-647::BRD-K03765900-001-01-9,0.7951616998603016,0.08607353055757348,0.06702271325791136,94
PRISM19Q4_independent,imputer_only,3,20,ribociclib::BRD-K36788280-001-01-2,0.40459483435497845,0.15044860926352854,0.11536637105439838,95
PRISM19Q4_independent,imputer_only,3,21,linifanib::BRD-K99749624-001-07-0,0.36564798881382976,0.14329060413385647,0.1086164579746571,94
PRISM19Q4_independent,imputer_only,3,22,tivozanib::BRD-K53414658-001-08-2,0.5845708185374978,0.09987412474162637,0.0740435224898318,94
PRISM19Q4_independent,imputer_only,3,23,axitinib::BRD-K29905972-001-06-3,0.6034169057640256,0.12824135292806188,0.09255535139682446,94
PRISM19Q4_independent,ridge_only,3,0,P276-00::BRD-K51791723-003-01-7,0.266446002237153,0.07081087622121762,0.056143044170580414,95
PRISM19Q4_independent,ridge_only,3,1,abemaciclib::BRD-K33622447-066-01-9,0.46763809028477055,0.09413310894752859,0.06692736650768079,95
PRISM19Q4_independent,ridge_only,3,2,PHA-848125::BRD-K60997853-001-02-3,0.5374627122406613,0.08478830076671907,0.06856006540750202,95
PRISM19Q4_independent,ridge_only,3,3,foretinib::BRD-K03449891-001-08-6,0.4729796339064509,0.09284453028280337,0.06584607425488924,95
PRISM19Q4_independent,ridge_only,3,4,tivantinib::BRD-K33379087-001-07-5,0.37198562244511496,0.06728203855289334,0.04952899405830785,95
PRISM19Q4_independent,ridge_only,3,5,ponatinib::BRD-K44227013-001-06-4,0.4380942391593382,0.07662786491812941,0.0607367494004838,94
PRISM19Q4_independent,ridge_only,3,6,GSK2110183::BRD-K25412176-001-01-9,0.4849815700196294,0.12680022685291678,0.08813498628900406,94
PRISM19Q4_independent,ridge_only,3,7,ARRY-334543::BRD-K46386702-001-02-1,0.36444791497773354,0.12138297591564129,0.060454407270918505,94
PRISM19Q4_independent,ridge_only,3,8,GDC-0068::BRD-K71480163-001-01-4,0.34160938978363,0.1469954150069926,0.11053796968561538,94
PRISM19Q4_independent,ridge_only,3,9,dacomitinib::BRD-K57169635-001-04-5,0.7215881796552072,0.10056714732006396,0.07769457234981213,94
PRISM19Q4_independent,ridge_only,3,10,uprosertib::BRD-K38332599-001-01-3,0.4602860246133428,0.07657630899713357,0.05849489823300788,94
PRISM19Q4_independent,ridge_only,3,11,neratinib::BRD-K85606544-001-09-1,0.405338660540242,0.11338337260190282,0.07822667220805554,94
PRISM19Q4_independent,ridge_only,3,12,osimertinib::BRD-K42805893-001-04-9,0.5932007610217919,0.1018110152540518,0.07036129581300836,95
PRISM19Q4_independent,ridge_only,3,13,atiprimod::BRD-K38527262-300-01-0,0.5957422340891282,0.05233535020820957,0.04259282984632127,94
PRISM19Q4_independent,ridge_only,3,14,LY2801653::BRD-K18961567-001-01-1,0.5059062712590573,0.10662955550067588,0.07458015769085985,94
PRISM19Q4_independent,ridge_only,3,15,tucatinib::BRD-K26026438-001-01-0,0.5240092678155048,0.11362120004454614,0.08549547322252964,94
PRISM19Q4_independent,ridge_only,3,16,canertinib::BRD-K50168500-001-07-9,0.5515133473976389,0.1382057115580729,0.09264181224923385,95
PRISM19Q4_independent,ridge_only,3,17,lenvatinib::BRD-K39974922-001-04-3,0.39887447096661377,0.08831560248355537,0.0589792658673956,94
PRISM19Q4_independent,ridge_only,3,18,pelitinib::BRD-K08799216-001-05-3,0.680674724713085,0.10748772295880119,0.07419564786710237,95
PRISM19Q4_independent,ridge_only,3,19,XL-647::BRD-K03765900-001-01-9,0.7411538457650862,0.09824321457394128,0.07435187095023216,94
PRISM19Q4_independent,ridge_only,3,20,ribociclib::BRD-K36788280-001-01-2,0.4077477506547065,0.1511638531901696,0.11836574579540052,95
PRISM19Q4_independent,ridge_only,3,21,linifanib::BRD-K99749624-001-07-0,0.3731980693651028,0.13894803328295827,0.11113241251478805,94
PRISM19Q4_independent,ridge_only,3,22,tivozanib::BRD-K53414658-001-08-2,0.5392841724419564,0.10337913350108188,0.07361743615028706,94
PRISM19Q4_independent,ridge_only,3,23,axitinib::BRD-K29905972-001-06-3,0.5917987465088942,0.13448649708188462,0.09549160048048547,94
PRISM19Q4_independent,mfmr_base,3,0,P276-00::BRD-K51791723-003-01-7,0.2933302158672569,0.07017159222785287,0.055651889976702236,95
PRISM19Q4_independent,mfmr_base,3,1,abemaciclib::BRD-K33622447-066-01-9,0.5080667065519914,0.09186104293179936,0.06416635513305664,95
PRISM19Q4_independent,mfmr_base,3,2,PHA-848125::BRD-K60997853-001-02-3,0.586934443666369,0.08040376345934336,0.06575915719333449,95
PRISM19Q4_independent,mfmr_base,3,3,foretinib::BRD-K03449891-001-08-6,0.5113552310013836,0.09053500473018264,0.06276465466147975,95
PRISM19Q4_independent,mfmr_base,3,4,tivantinib::BRD-K33379087-001-07-5,0.4260900485365549,0.06525655438865738,0.04853837803790444,95
PRISM19Q4_independent,mfmr_base,3,5,ponatinib::BRD-K44227013-001-06-4,0.49812749977044934,0.07367587620127938,0.0577500766896187,94
PRISM19Q4_independent,mfmr_base,3,6,GSK2110183::BRD-K25412176-001-01-9,0.5226574719303553,0.12357524717734078,0.08568809070485703,94
PRISM19Q4_independent,mfmr_base,3,7,ARRY-334543::BRD-K46386702-001-02-1,0.3662305966729213,0.12063622250858179,0.0598493478399642,94
PRISM19Q4_independent,mfmr_base,3,8,GDC-0068::BRD-K71480163-001-01-4,0.42470229006385185,0.14146167996458284,0.10597798355082248,94
PRISM19Q4_independent,mfmr_base,3,9,dacomitinib::BRD-K57169635-001-04-5,0.8148566698608621,0.08454660286821564,0.06416498885509815,94
PRISM19Q4_independent,mfmr_base,3,10,uprosertib::BRD-K38332599-001-01-3,0.48085052422338076,0.07749514199594207,0.05919771118366972,94
PRISM19Q4_independent,mfmr_base,3,11,neratinib::BRD-K85606544-001-09-1,0.45441792478550946,0.11018536993715142,0.07472221775257841,94
PRISM19Q4_independent,mfmr_base,3,12,osimertinib::BRD-K42805893-001-04-9,0.6494981728226646,0.09645646874898316,0.06729972393889176,95
PRISM19Q4_independent,mfmr_base,3,13,atiprimod::BRD-K38527262-300-01-0,0.5658821649888011,0.054080950196907465,0.044856782289261515,94
PRISM19Q4_independent,mfmr_base,3,14,LY2801653::BRD-K18961567-001-01-1,0.5348027148683856,0.1043118643440756,0.07235449425717617,94
PRISM19Q4_independent,mfmr_base,3,15,tucatinib::BRD-K26026438-001-01-0,0.5514791921462538,0.11202124086420898,0.08394642713222097,94
PRISM19Q4_independent,mfmr_base,3,16,canertinib::BRD-K50168500-001-07-9,0.5676739811110431,0.1362877915230801,0.09161550245786967,95
PRISM19Q4_independent,mfmr_base,3,17,lenvatinib::BRD-K39974922-001-04-3,0.42092859696973206,0.08765506220537497,0.05846259251553962,94
PRISM19Q4_independent,mfmr_base,3,18,pelitinib::BRD-K08799216-001-05-3,0.7732860544865421,0.09400602627010901,0.06657032401938187,95
PRISM19Q4_independent,mfmr_base,3,19,XL-647::BRD-K03765900-001-01-9,0.7982309254175648,0.08710010299957552,0.06687134662841229,94
PRISM19Q4_independent,mfmr_base,3,20,ribociclib::BRD-K36788280-001-01-2,0.41768889790969743,0.14961084389968743,0.11670971230456703,95
PRISM19Q4_independent,mfmr_base,3,21,linifanib::BRD-K99749624-001-07-0,0.3737882198267846,0.13992508427232558,0.10874992165159672,94
PRISM19Q4_independent,mfmr_base,3,22,tivozanib::BRD-K53414658-001-08-2,0.576924839089398,0.09966135756940693,0.07132163517018582,94
PRISM19Q4_independent,mfmr_base,3,23,axitinib::BRD-K29905972-001-06-3,0.6099085528280057,0.12966214869245737,0.09335821645056948,94
PRISM19Q4_independent,mfmr_mutation,3,0,P276-00::BRD-K51791723-003-01-7,0.2757594299290486,0.07174922905783955,0.05708535344977128,95
PRISM19Q4_independent,mfmr_mutation,3,1,abemaciclib::BRD-K33622447-066-01-9,0.49345925470987567,0.09374981706337648,0.06646092377210919,95
PRISM19Q4_independent,mfmr_mutation,3,2,PHA-848125::BRD-K60997853-001-02-3,0.6060444581526958,0.07903393113105693,0.06495935822788038,95
PRISM19Q4_independent,mfmr_mutation,3,3,foretinib::BRD-K03449891-001-08-6,0.5421086747148199,0.08862104664426296,0.062426568959888656,95
PRISM19Q4_independent,mfmr_mutation,3,4,tivantinib::BRD-K33379087-001-07-5,0.38855623092939384,0.06725481900327525,0.05151948426899157,95
PRISM19Q4_independent,mfmr_mutation,3,5,ponatinib::BRD-K44227013-001-06-4,0.47364575667121844,0.07466453117153476,0.05956655613919522,94
PRISM19Q4_independent,mfmr_mutation,3,6,GSK2110183::BRD-K25412176-001-01-9,0.49427248354748965,0.12692337443317575,0.0912789061982581,94
PRISM19Q4_independent,mfmr_mutation,3,7,ARRY-334543::BRD-K46386702-001-02-1,0.37071686091492484,0.1208759597806056,0.06223261609990546,94
PRISM19Q4_independent,mfmr_mutation,3,8,GDC-0068::BRD-K71480163-001-01-4,0.426463065175476,0.14420007772261415,0.10637111422863413,94
PRISM19Q4_independent,mfmr_mutation,3,9,dacomitinib::BRD-K57169635-001-04-5,0.7984903184471219,0.08647791594679621,0.06662147254385847,94
PRISM19Q4_independent,mfmr_mutation,3,10,uprosertib::BRD-K38332599-001-01-3,0.5228357157742869,0.07558752266946028,0.05699192906947846,94
PRISM19Q4_independent,mfmr_mutation,3,11,neratinib::BRD-K85606544-001-09-1,0.38896981531928154,0.11479930564265449,0.07967050468668024,94
PRISM19Q4_independent,mfmr_mutation,3,12,osimertinib::BRD-K42805893-001-04-9,0.6482260954103894,0.09647483372693305,0.06675691761468586,95
PRISM19Q4_independent,mfmr_mutation,3,13,atiprimod::BRD-K38527262-300-01-0,0.5463540769603552,0.05370066355030917,0.042759509162699924,94
PRISM19Q4_independent,mfmr_mutation,3,14,LY2801653::BRD-K18961567-001-01-1,0.5443396741417951,0.10267541772383887,0.07134173842186624,94
PRISM19Q4_independent,mfmr_mutation,3,15,tucatinib::BRD-K26026438-001-01-0,0.5538363602149148,0.1105747476212725,0.08304110740093475,94
PRISM19Q4_independent,mfmr_mutation,3,16,canertinib::BRD-K50168500-001-07-9,0.5649845399939355,0.1363847627607657,0.08979992176357068,95
PRISM19Q4_independent,mfmr_mutation,3,17,lenvatinib::BRD-K39974922-001-04-3,0.4106096013600717,0.08748113539308938,0.061547790436034505,94
PRISM19Q4_independent,mfmr_mutation,3,18,pelitinib::BRD-K08799216-001-05-3,0.7559681096166496,0.09515878238678419,0.06785979145451596,95
PRISM19Q4_independent,mfmr_mutation,3,19,XL-647::BRD-K03765900-001-01-9,0.7897130592957174,0.08729627057799852,0.06826404276046347,94
PRISM19Q4_independent,mfmr_mutation,3,20,ribociclib::BRD-K36788280-001-01-2,0.4214881328929967,0.14970012812410485,0.11488155377538581,95
PRISM19Q4_independent,mfmr_mutation,3,21,linifanib::BRD-K99749624-001-07-0,0.3075628156838286,0.14620616006590728,0.11370773201293134,94
PRISM19Q4_independent,mfmr_mutation,3,22,tivozanib::BRD-K53414658-001-08-2,0.5495495940188231,0.10201134985909122,0.07357445169002452,94
PRISM19Q4_independent,mfmr_mutation,3,23,axitinib::BRD-K29905972-001-06-3,0.5967015622114374,0.12971361683044405,0.09600898781989484,94
PRISM19Q4_independent,original_mclrp,4,0,P276-00::BRD-K51791723-003-01-7,0.17372314225325158,0.5174191315282394,0.511900647847276,95
PRISM19Q4_independent,original_mclrp,4,1,abemaciclib::BRD-K33622447-066-01-9,0.38149291558110904,0.6594146630189389,0.6519916615988078,95
PRISM19Q4_independent,original_mclrp,4,2,PHA-848125::BRD-K60997853-001-02-3,0.20972080371097135,0.5755814152418812,0.5674376754384292,95
PRISM19Q4_independent,original_mclrp,4,3,foretinib::BRD-K03449891-001-08-6,0.2622813578428308,0.6078071652021224,0.599240230023861,95
PRISM19Q4_independent,original_mclrp,4,4,tivantinib::BRD-K33379087-001-07-5,0.08098601646798341,0.5977355558269706,0.5932706759164208,95
PRISM19Q4_independent,original_mclrp,4,5,ponatinib::BRD-K44227013-001-06-4,0.19816873196375515,0.6274713959472422,0.6220227045581695,94
PRISM19Q4_independent,original_mclrp,4,6,GSK2110183::BRD-K25412176-001-01-9,0.19740009474468556,0.7379133379762578,0.7241082234268493,94
PRISM19Q4_independent,original_mclrp,4,7,ARRY-334543::BRD-K46386702-001-02-1,0.14946697936446593,0.6838627729757516,0.6721102156220599,94
PRISM19Q4_independent,original_mclrp,4,8,GDC-0068::BRD-K71480163-001-01-4,0.08603534361417152,0.8090875882022086,0.7939063103750665,94
PRISM19Q4_independent,original_mclrp,4,9,dacomitinib::BRD-K57169635-001-04-5,0.14140335261246328,0.5952363101247186,0.5778742634711114,94
PRISM19Q4_independent,original_mclrp,4,10,uprosertib::BRD-K38332599-001-01-3,0.1412234932298117,0.6141511601737422,0.6081677216323133,94
PRISM19Q4_independent,original_mclrp,4,11,neratinib::BRD-K85606544-001-09-1,0.17900132487506415,0.6834622730891261,0.6726703031900081,94
PRISM19Q4_independent,original_mclrp,4,12,osimertinib::BRD-K42805893-001-04-9,0.2891640557208341,0.6825231433549445,0.6718168169260025,95
PRISM19Q4_independent,original_mclrp,4,13,atiprimod::BRD-K38527262-300-01-0,0.1123099942971581,0.639069482472512,0.6351868957281113,94
PRISM19Q4_independent,original_mclrp,4,14,LY2801653::BRD-K18961567-001-01-1,-0.03760270951184529,0.6951280115131816,0.6834611212636562,94
PRISM19Q4_independent,original_mclrp,4,15,tucatinib::BRD-K26026438-001-01-0,0.332291855561579,0.7491175637968654,0.738595151045221,94
PRISM19Q4_independent,original_mclrp,4,16,canertinib::BRD-K50168500-001-07-9,0.22750769358090542,0.7362583642216332,0.71864205990967,95
PRISM19Q4_independent,original_mclrp,4,17,lenvatinib::BRD-K39974922-001-04-3,0.16119494036642676,0.6107777653660323,0.6031557411906567,94
PRISM19Q4_independent,original_mclrp,4,18,pelitinib::BRD-K08799216-001-05-3,0.46734543220405184,0.5638528222024483,0.5491338751818005,95
PRISM19Q4_independent,original_mclrp,4,19,XL-647::BRD-K03765900-001-01-9,0.316774230518474,0.5992345466868774,0.5838468128696401,94
PRISM19Q4_independent,original_mclrp,4,20,ribociclib::BRD-K36788280-001-01-2,0.1625036352548023,0.7986728281515971,0.782496459468415,95
PRISM19Q4_independent,original_mclrp,4,21,linifanib::BRD-K99749624-001-07-0,0.1684689729984253,0.8216771785118342,0.8083550268982319,94
PRISM19Q4_independent,original_mclrp,4,22,tivozanib::BRD-K53414658-001-08-2,0.1932539441699067,0.7270516638988839,0.7171476267753764,94
PRISM19Q4_independent,original_mclrp,4,23,axitinib::BRD-K29905972-001-06-3,0.17659611313701795,0.7546681408680724,0.7379450717187942,94
PRISM19Q4_independent,imputer_only,4,0,P276-00::BRD-K51791723-003-01-7,0.31189570275601225,0.06978312708403091,0.05533427251012702,95
PRISM19Q4_independent,imputer_only,4,1,abemaciclib::BRD-K33622447-066-01-9,0.5232921731879795,0.09173028365985364,0.06405373498013145,95
PRISM19Q4_independent,imputer_only,4,2,PHA-848125::BRD-K60997853-001-02-3,0.5973843954469858,0.0793339664798442,0.06530171036720275,95
PRISM19Q4_independent,imputer_only,4,3,foretinib::BRD-K03449891-001-08-6,0.5236323014894485,0.09027797785855107,0.061700519762541116,95
PRISM19Q4_independent,imputer_only,4,4,tivantinib::BRD-K33379087-001-07-5,0.4529716039772124,0.06425606003192194,0.04832025327180561,95
PRISM19Q4_independent,imputer_only,4,5,ponatinib::BRD-K44227013-001-06-4,0.5245985869847979,0.072049409597017,0.05558134266670714,94
PRISM19Q4_independent,imputer_only,4,6,GSK2110183::BRD-K25412176-001-01-9,0.5107166026666498,0.1263842819496135,0.08998001509524406,94
PRISM19Q4_independent,imputer_only,4,7,ARRY-334543::BRD-K46386702-001-02-1,0.35881334053195457,0.12122671822026894,0.06105545163154602,94
PRISM19Q4_independent,imputer_only,4,8,GDC-0068::BRD-K71480163-001-01-4,0.4579404837522124,0.13983322336231488,0.10476701056703608,94
PRISM19Q4_independent,imputer_only,4,9,dacomitinib::BRD-K57169635-001-04-5,0.8258398355086696,0.08091985188642635,0.05921894185086514,94
PRISM19Q4_independent,imputer_only,4,10,uprosertib::BRD-K38332599-001-01-3,0.4649726623147313,0.08377614894930809,0.06376336039380824,94
PRISM19Q4_independent,imputer_only,4,11,neratinib::BRD-K85606544-001-09-1,0.4854614694892139,0.10817106029969212,0.07273421071945353,94
PRISM19Q4_independent,imputer_only,4,12,osimertinib::BRD-K42805893-001-04-9,0.6596149280661943,0.09557128270235798,0.06728210606073079,95
PRISM19Q4_independent,imputer_only,4,13,atiprimod::BRD-K38527262-300-01-0,0.4823752775185093,0.05672452870371927,0.04764733225741285,94
PRISM19Q4_independent,imputer_only,4,14,LY2801653::BRD-K18961567-001-01-1,0.5376388068434981,0.10401435146769832,0.07215226140428097,94
PRISM19Q4_independent,imputer_only,4,15,tucatinib::BRD-K26026438-001-01-0,0.5705476032168115,0.11080750356704405,0.08271468383200625,94
PRISM19Q4_independent,imputer_only,4,16,canertinib::BRD-K50168500-001-07-9,0.5641502924353364,0.13690063484965084,0.09262660616322567,95
PRISM19Q4_independent,imputer_only,4,17,lenvatinib::BRD-K39974922-001-04-3,0.42335365720554746,0.08755093349392296,0.05880863488988673,94
PRISM19Q4_independent,imputer_only,4,18,pelitinib::BRD-K08799216-001-05-3,0.8103170689086077,0.08515200159795758,0.0617369062022159,95
PRISM19Q4_independent,imputer_only,4,19,XL-647::BRD-K03765900-001-01-9,0.7948996536347461,0.08612080779037073,0.06704738641038854,94
PRISM19Q4_independent,imputer_only,4,20,ribociclib::BRD-K36788280-001-01-2,0.40523731796638984,0.15038354260179682,0.11534609606391505,95
PRISM19Q4_independent,imputer_only,4,21,linifanib::BRD-K99749624-001-07-0,0.3656651686571203,0.1432801604891952,0.10858331969443788,94
PRISM19Q4_independent,imputer_only,4,22,tivozanib::BRD-K53414658-001-08-2,0.5845272878937611,0.09986000630300332,0.07398416133637124,94
PRISM19Q4_independent,imputer_only,4,23,axitinib::BRD-K29905972-001-06-3,0.6033485174429125,0.12824833733954855,0.09258777505539834,94
PRISM19Q4_independent,ridge_only,4,0,P276-00::BRD-K51791723-003-01-7,0.2658606035896468,0.07083056318268584,0.056154361524079974,95
PRISM19Q4_independent,ridge_only,4,1,abemaciclib::BRD-K33622447-066-01-9,0.46636558391279287,0.09420089831904015,0.06705605732767206,95
PRISM19Q4_independent,ridge_only,4,2,PHA-848125::BRD-K60997853-001-02-3,0.5386564889280551,0.08469848481876172,0.0685209942491431,95
PRISM19Q4_independent,ridge_only,4,3,foretinib::BRD-K03449891-001-08-6,0.47167616840901017,0.09291794139270752,0.06592546199497423,95
PRISM19Q4_independent,ridge_only,4,4,tivantinib::BRD-K33379087-001-07-5,0.37020712990405263,0.06736093002323422,0.04957381549634431,95
PRISM19Q4_independent,ridge_only,4,5,ponatinib::BRD-K44227013-001-06-4,0.43717492580774375,0.07667282415629215,0.06076906653160744,94
PRISM19Q4_independent,ridge_only,4,6,GSK2110183::BRD-K25412176-001-01-9,0.48450909689328026,0.12683524464464085,0.0881854663503931,94
PRISM19Q4_independent,ridge_only,4,7,ARRY-334543::BRD-K46386702-001-02-1,0.36452209825640636,0.12138561029620984,0.06045339906469305,94
PRISM19Q4_independent,ridge_only,4,8,GDC-0068::BRD-K71480163-001-01-4,0.34155714109908036,0.14700805931363325,0.11052629732071086,94
PRISM19Q4_independent,ridge_only,4,9,dacomitinib::BRD-K57169635-001-04-5,0.7218526618110754,0.10054144729013335,0.07763963018326049,94
PRISM19Q4_independent,ridge_only,4,10,uprosertib::BRD-K38332599-001-01-3,0.4547087394993538,0.0768882226170692,0.0588904581171401,94
PRISM19Q4_independent,ridge_only,4,11,neratinib::BRD-K85606544-001-09-1,0.40500058103312453,0.11343146452007527,0.0782306619147037,94
PRISM19Q4_independent,ridge_only,4,12,osimertinib::BRD-K42805893-001-04-9,0.5927083071792091,0.1018425435595822,0.07037526525949177,95
PRISM19Q4_independent,ridge_only,4,13,atiprimod::BRD-K38527262-300-01-0,0.5968820100127895,0.05230400694423161,0.04257886714123665,94
PRISM19Q4_independent,ridge_only,4,14,LY2801653::BRD-K18961567-001-01-1,0.5052880170964013,0.10668033711247842,0.07442057513176127,94
PRISM19Q4_independent,ridge_only,4,15,tucatinib::BRD-K26026438-001-01-0,0.5252547729285029,0.11351409692242997,0.08538950757777437,94
PRISM19Q4_independent,ridge_only,4,16,canertinib::BRD-K50168500-001-07-9,0.5507264040521991,0.1382490490549741,0.09260640771765458,95
PRISM19Q4_independent,ridge_only,4,17,lenvatinib::BRD-K39974922-001-04-3,0.39887618428919713,0.08831824003708395,0.058976836661075026,94
PRISM19Q4_independent,ridge_only,4,18,pelitinib::BRD-K08799216-001-05-3,0.6797260721593873,0.1075689639064558,0.07432205237840352,95
PRISM19Q4_independent,ridge_only,4,19,XL-647::BRD-K03765900-001-01-9,0.739578638007529,0.09842945786427253,0.07452520062314703,94
PRISM19Q4_independent,ridge_only,4,20,ribociclib::BRD-K36788280-001-01-2,0.40504540718781556,0.15129562121255724,0.11842501226224397,95
PRISM19Q4_independent,ridge_only,4,21,linifanib::BRD-K99749624-001-07-0,0.3740596041426593,0.13888554248053667,0.11101898550987244,94
PRISM19Q4_independent,ridge_only,4,22,tivozanib::BRD-K53414658-001-08-2,0.5394362992779678,0.10337374113363604,0.07359731958267536,94
PRISM19Q4_independent,ridge_only,4,23,axitinib::BRD-K29905972-001-06-3,0.5938043634073227,0.134319114107949,0.09531727401500052,94
PRISM19Q4_independent,mfmr_base,4,0,P276-00::BRD-K51791723-003-01-7,0.2926384063431225,0.07019108931735736,0.055680564830177706,95
PRISM19Q4_independent,mfmr_base,4,1,abemaciclib::BRD-K33622447-066-01-9,0.5071236500471827,0.09192050829991395,0.06421224255310862,95
PRISM19Q4_independent,mfmr_base,4,2,PHA-848125::BRD-K60997853-001-02-3,0.5871408102408174,0.08038032343364147,0.0657378795899843,95
PRISM19Q4_independent,mfmr_base,4,3,foretinib::BRD-K03449891-001-08-6,0.5106360630737167,0.09058155840950555,0.06276927935449701,95
PRISM19Q4_independent,mfmr_base,4,4,tivantinib::BRD-K33379087-001-07-5,0.4257129019637003,0.06527767671987914,0.048541706486752156,95
PRISM19Q4_independent,mfmr_base,4,5,ponatinib::BRD-K44227013-001-06-4,0.4974973642444272,0.07371446246273795,0.05778704995804645,94
PRISM19Q4_independent,mfmr_base,4,6,GSK2110183::BRD-K25412176-001-01-9,0.5227620738736626,0.12356617518657222,0.08567064746897271,94
PRISM19Q4_independent,mfmr_base,4,7,ARRY-334543::BRD-K46386702-001-02-1,0.3661476337497492,0.12064024926677984,0.059835546194238864,94
PRISM19Q4_independent,mfmr_base,4,8,GDC-0068::BRD-K71480163-001-01-4,0.4244626873324886,0.14149122506659925,0.10597976471515412,94
PRISM19Q4_independent,mfmr_base,4,9,dacomitinib::BRD-K57169635-001-04-5,0.8148956058026289,0.08454447769516492,0.06413181887028065,94
PRISM19Q4_independent,mfmr_base,4,10,uprosertib::BRD-K38332599-001-01-3,0.47809015863892335,0.07768353906076723,0.05935021093551149,94
PRISM19Q4_independent,mfmr_base,4,11,neratinib::BRD-K85606544-001-09-1,0.4542354976330871,0.11020679682793329,0.07472719600860109,94
PRISM19Q4_independent,mfmr_base,4,12,osimertinib::BRD-K42805893-001-04-9,0.649552891379757,0.09644680536527522,0.06729230974849902,95
PRISM19Q4_independent,mfmr_base,4,13,atiprimod::BRD-K38527262-300-01-0,0.566420353492371,0.054078583811362546,0.04487138859769131,94
PRISM19Q4_independent,mfmr_base,4,14,LY2801653::BRD-K18961567-001-01-1,0.5344523680287779,0.10435983070128359,0.07230980599180181,94
PRISM19Q4_independent,mfmr_base,4,15,tucatinib::BRD-K26026438-001-01-0,0.5522983438772455,0.11195461878414356,0.08388117272803124,94
PRISM19Q4_independent,mfmr_base,4,16,canertinib::BRD-K50168500-001-07-9,0.5674689995082116,0.13629356929438252,0.09164477147554097,95
PRISM19Q4_independent,mfmr_base,4,17,lenvatinib::BRD-K39974922-001-04-3,0.42042979169827716,0.08767983300268671,0.0584506779275042,94
PRISM19Q4_independent,mfmr_base,4,18,pelitinib::BRD-K08799216-001-05-3,0.7729271441974223,0.09404906106274649,0.0666534982229534,95
PRISM19Q4_independent,mfmr_base,4,19,XL-647::BRD-K03765900-001-01-9,0.7976797651271125,0.08719265621979787,0.06695438477587193,94
PRISM19Q4_independent,mfmr_base,4,20,ribociclib::BRD-K36788280-001-01-2,0.4172270588980932,0.14962662607179272,0.11673952341079712,95
PRISM19Q4_independent,mfmr_base,4,21,linifanib::BRD-K99749624-001-07-0,0.374059940837314,0.1398920407016783,0.10868324434503596,94
PRISM19Q4_independent,mfmr_base,4,22,tivozanib::BRD-K53414658-001-08-2,0.5769812892043023,0.09966101277416349,0.07129323419104232,94
PRISM19Q4_independent,mfmr_base,4,23,axitinib::BRD-K29905972-001-06-3,0.6106734590192514,0.12957692980571495,0.09329287010304471,94
PRISM19Q4_independent,mfmr_mutation,4,0,P276-00::BRD-K51791723-003-01-7,0.28796259039429495,0.07105667580701959,0.056527610201584665,95
PRISM19Q4_independent,mfmr_mutation,4,1,abemaciclib::BRD-K33622447-066-01-9,0.48362705070098,0.09429497308567777,0.06729587881188644,95
PRISM19Q4_independent,mfmr_mutation,4,2,PHA-848125::BRD-K60997853-001-02-3,0.5958067377263463,0.08007526912980549,0.06556588693668967,95
PRISM19Q4_independent,mfmr_mutation,4,3,foretinib::BRD-K03449891-001-08-6,0.5414461348976884,0.08870509275719857,0.06280523036655626,95
PRISM19Q4_independent,mfmr_mutation,4,4,tivantinib::BRD-K33379087-001-07-5,0.3950221303656408,0.0673161839739405,0.05156834627452649,95
PRISM19Q4_independent,mfmr_mutation,4,5,ponatinib::BRD-K44227013-001-06-4,0.49012772916132136,0.07354033193232626,0.058577269315719604,94
PRISM19Q4_independent,mfmr_mutation,4,6,GSK2110183::BRD-K25412176-001-01-9,0.49925777067481925,0.1265839741092398,0.09025798642888982,94
PRISM19Q4_independent,mfmr_mutation,4,7,ARRY-334543::BRD-K46386702-001-02-1,0.3706001871759398,0.12056765982477229,0.06288269606042415,94
PRISM19Q4_independent,mfmr_mutation,4,8,GDC-0068::BRD-K71480163-001-01-4,0.42392211309578665,0.1447455369368152,0.1069799655295433,94
PRISM19Q4_independent,mfmr_mutation,4,9,dacomitinib::BRD-K57169635-001-04-5,0.8034360903627336,0.08561241464927043,0.066026526879757,94
PRISM19Q4_independent,mfmr_mutation,4,10,uprosertib::BRD-K38332599-001-01-3,0.518181698042909,0.076564270476429,0.05780151866851969,94
PRISM19Q4_independent,mfmr_mutation,4,11,neratinib::BRD-K85606544-001-09-1,0.3943252832707838,0.11438365749369774,0.07908798659101446,94
PRISM19Q4_independent,mfmr_mutation,4,12,osimertinib::BRD-K42805893-001-04-9,0.6522498092547895,0.09595316659398885,0.06696129315777828,95
PRISM19Q4_independent,mfmr_mutation,4,13,atiprimod::BRD-K38527262-300-01-0,0.551119196382878,0.05352905910146567,0.04273163574807187,94
PRISM19Q4_independent,mfmr_mutation,4,14,LY2801653::BRD-K18961567-001-01-1,0.5475257834032564,0.10235058839299874,0.07146332936084017,94
PRISM19Q4_independent,mfmr_mutation,4,15,tucatinib::BRD-K26026438-001-01-0,0.5536011061582,0.11045762663919409,0.0827419992457045,94
PRISM19Q4_independent,mfmr_mutation,4,16,canertinib::BRD-K50168500-001-07-9,0.5611193884209237,0.13717857213823198,0.09070821122119302,95
PRISM19Q4_independent,mfmr_mutation,4,17,lenvatinib::BRD-K39974922-001-04-3,0.4216740297806843,0.0869880632605329,0.061023526369257175,94
PRISM19Q4_independent,mfmr_mutation,4,18,pelitinib::BRD-K08799216-001-05-3,0.7574231001271239,0.09487149271805452,0.06794261242214002,95
PRISM19Q4_independent,mfmr_mutation,4,19,XL-647::BRD-K03765900-001-01-9,0.7836898499095524,0.08820441094340394,0.06906122952065569,94
PRISM19Q4_independent,mfmr_mutation,4,20,ribociclib::BRD-K36788280-001-01-2,0.4300282992367636,0.14846183154605755,0.11365664820922049,95
PRISM19Q4_independent,mfmr_mutation,4,21,linifanib::BRD-K99749624-001-07-0,0.31299731401345815,0.14552891742905513,0.1139485480937552,94
PRISM19Q4_independent,mfmr_mutation,4,22,tivozanib::BRD-K53414658-001-08-2,0.5512892593415786,0.1019932407355288,0.07441693480978621,94
PRISM19Q4_independent,mfmr_mutation,4,23,axitinib::BRD-K29905972-001-06-3,0.6027954628083433,0.12909667210905199,0.09562744517275627,94
PRISM19Q4_independent,original_mclrp,5,0,P276-00::BRD-K51791723-003-01-7,0.17372314225325158,0.5174191315282394,0.511900647847276,95
PRISM19Q4_independent,original_mclrp,5,1,abemaciclib::BRD-K33622447-066-01-9,0.38149291558110904,0.6594146630189389,0.6519916615988078,95
PRISM19Q4_independent,original_mclrp,5,2,PHA-848125::BRD-K60997853-001-02-3,0.20972080371097135,0.5755814152418812,0.5674376754384292,95
PRISM19Q4_independent,original_mclrp,5,3,foretinib::BRD-K03449891-001-08-6,0.2622813578428308,0.6078071652021224,0.599240230023861,95
PRISM19Q4_independent,original_mclrp,5,4,tivantinib::BRD-K33379087-001-07-5,0.08098601646798341,0.5977355558269706,0.5932706759164208,95
PRISM19Q4_independent,original_mclrp,5,5,ponatinib::BRD-K44227013-001-06-4,0.19816873196375515,0.6274713959472422,0.6220227045581695,94
PRISM19Q4_independent,original_mclrp,5,6,GSK2110183::BRD-K25412176-001-01-9,0.19740009474468556,0.7379133379762578,0.7241082234268493,94
PRISM19Q4_independent,original_mclrp,5,7,ARRY-334543::BRD-K46386702-001-02-1,0.14946697936446593,0.6838627729757516,0.6721102156220599,94
PRISM19Q4_independent,original_mclrp,5,8,GDC-0068::BRD-K71480163-001-01-4,0.08603534361417152,0.8090875882022086,0.7939063103750665,94
PRISM19Q4_independent,original_mclrp,5,9,dacomitinib::BRD-K57169635-001-04-5,0.14140335261246328,0.5952363101247186,0.5778742634711114,94
PRISM19Q4_independent,original_mclrp,5,10,uprosertib::BRD-K38332599-001-01-3,0.1412234932298117,0.6141511601737422,0.6081677216323133,94
PRISM19Q4_independent,original_mclrp,5,11,neratinib::BRD-K85606544-001-09-1,0.17900132487506415,0.6834622730891261,0.6726703031900081,94
PRISM19Q4_independent,original_mclrp,5,12,osimertinib::BRD-K42805893-001-04-9,0.2891640557208341,0.6825231433549445,0.6718168169260025,95
PRISM19Q4_independent,original_mclrp,5,13,atiprimod::BRD-K38527262-300-01-0,0.1123099942971581,0.639069482472512,0.6351868957281113,94
PRISM19Q4_independent,original_mclrp,5,14,LY2801653::BRD-K18961567-001-01-1,-0.03760270951184529,0.6951280115131816,0.6834611212636562,94
PRISM19Q4_independent,original_mclrp,5,15,tucatinib::BRD-K26026438-001-01-0,0.332291855561579,0.7491175637968654,0.738595151045221,94
PRISM19Q4_independent,original_mclrp,5,16,canertinib::BRD-K50168500-001-07-9,0.22750769358090542,0.7362583642216332,0.71864205990967,95
PRISM19Q4_independent,original_mclrp,5,17,lenvatinib::BRD-K39974922-001-04-3,0.16119494036642676,0.6107777653660323,0.6031557411906567,94
PRISM19Q4_independent,original_mclrp,5,18,pelitinib::BRD-K08799216-001-05-3,0.46734543220405184,0.5638528222024483,0.5491338751818005,95
PRISM19Q4_independent,original_mclrp,5,19,XL-647::BRD-K03765900-001-01-9,0.316774230518474,0.5992345466868774,0.5838468128696401,94
PRISM19Q4_independent,original_mclrp,5,20,ribociclib::BRD-K36788280-001-01-2,0.1625036352548023,0.7986728281515971,0.782496459468415,95
PRISM19Q4_independent,original_mclrp,5,21,linifanib::BRD-K99749624-001-07-0,0.1684689729984253,0.8216771785118342,0.8083550268982319,94
PRISM19Q4_independent,original_mclrp,5,22,tivozanib::BRD-K53414658-001-08-2,0.1932539441699067,0.7270516638988839,0.7171476267753764,94
PRISM19Q4_independent,original_mclrp,5,23,axitinib::BRD-K29905972-001-06-3,0.17659611313701795,0.7546681408680724,0.7379450717187942,94
PRISM19Q4_independent,imputer_only,5,0,P276-00::BRD-K51791723-003-01-7,0.30972683527177874,0.06985341539990532,0.05539860286210713,95
PRISM19Q4_independent,imputer_only,5,1,abemaciclib::BRD-K33622447-066-01-9,0.5238660018730991,0.09167499656449873,0.06404262467434532,95
PRISM19Q4_independent,imputer_only,5,2,PHA-848125::BRD-K60997853-001-02-3,0.5980711808434604,0.07928561891241637,0.06527778255312067,95
PRISM19Q4_independent,imputer_only,5,3,foretinib::BRD-K03449891-001-08-6,0.5235650333101377,0.09028341201359541,0.061684959185750864,95
PRISM19Q4_independent,imputer_only,5,4,tivantinib::BRD-K33379087-001-07-5,0.45233856894310953,0.06427438555277984,0.04833290765160009,95
PRISM19Q4_independent,imputer_only,5,5,ponatinib::BRD-K44227013-001-06-4,0.5248725110314609,0.07204135298690392,0.05558904117726265,94
PRISM19Q4_independent,imputer_only,5,6,GSK2110183::BRD-K25412176-001-01-9,0.5108767409935207,0.12637944719235747,0.09002065468341747,94
PRISM19Q4_independent,imputer_only,5,7,ARRY-334543::BRD-K46386702-001-02-1,0.35849666122998447,0.12124372685023119,0.061094611249071486,94
PRISM19Q4_independent,imputer_only,5,8,GDC-0068::BRD-K71480163-001-01-4,0.45802011874333187,0.13981756576042317,0.10475764122415096,94
PRISM19Q4_independent,imputer_only,5,9,dacomitinib::BRD-K57169635-001-04-5,0.8261143481609341,0.08085998240666922,0.05913106621579921,94
PRISM19Q4_independent,imputer_only,5,10,uprosertib::BRD-K38332599-001-01-3,0.46421156440669875,0.08383580264182589,0.06379862097983664,94
PRISM19Q4_independent,imputer_only,5,11,neratinib::BRD-K85606544-001-09-1,0.4850233246421748,0.10820975058058975,0.07275169009857989,94
PRISM19Q4_independent,imputer_only,5,12,osimertinib::BRD-K42805893-001-04-9,0.659437307584572,0.09559069280603975,0.06730724792731435,95
PRISM19Q4_independent,imputer_only,5,13,atiprimod::BRD-K38527262-300-01-0,0.4834373095687244,0.05670706031805874,0.04761903463525975,94
PRISM19Q4_independent,imputer_only,5,14,LY2801653::BRD-K18961567-001-01-1,0.537202855225938,0.10401442208800499,0.07222652308484341,94
PRISM19Q4_independent,imputer_only,5,15,tucatinib::BRD-K26026438-001-01-0,0.5702058462816789,0.11082765404299598,0.08274340692986833,94
PRISM19Q4_independent,imputer_only,5,16,canertinib::BRD-K50168500-001-07-9,0.5636135238738018,0.1369635603778224,0.0926697147519965,95
PRISM19Q4_independent,imputer_only,5,17,lenvatinib::BRD-K39974922-001-04-3,0.4234645215131141,0.0875487979302566,0.05881670878288594,94
PRISM19Q4_independent,imputer_only,5,18,pelitinib::BRD-K08799216-001-05-3,0.8102180065058237,0.0851717702559844,0.06174743457844383,95
PRISM19Q4_independent,imputer_only,5,19,XL-647::BRD-K03765900-001-01-9,0.7950423381331064,0.08609659727550599,0.06703232292165147,94
PRISM19Q4_independent,imputer_only,5,20,ribociclib::BRD-K36788280-001-01-2,0.4048509116434997,0.1503924984009462,0.11544531144593892,95
PRISM19Q4_independent,imputer_only,5,21,linifanib::BRD-K99749624-001-07-0,0.36573749780843134,0.14328444295735498,0.1085935190637061,94
PRISM19Q4_independent,imputer_only,5,22,tivozanib::BRD-K53414658-001-08-2,0.5848481416754667,0.09983453615800976,0.07397888061848093,94
PRISM19Q4_independent,imputer_only,5,23,axitinib::BRD-K29905972-001-06-3,0.603055405126203,0.12828555352368573,0.09260522209583445,94
PRISM19Q4_independent,ridge_only,5,0,P276-00::BRD-K51791723-003-01-7,0.2635028589774292,0.0708997992271532,0.05620285398081729,95
PRISM19Q4_independent,ridge_only,5,1,abemaciclib::BRD-K33622447-066-01-9,0.4676732945670345,0.09412377080787546,0.06693424111918399,95
PRISM19Q4_independent,ridge_only,5,2,PHA-848125::BRD-K60997853-001-02-3,0.5384591331232439,0.08471292374481851,0.068572042176598,95
PRISM19Q4_independent,ridge_only,5,3,foretinib::BRD-K03449891-001-08-6,0.47183986503088593,0.09290845130108996,0.06589460498408267,95
PRISM19Q4_independent,ridge_only,5,4,tivantinib::BRD-K33379087-001-07-5,0.37142421700998407,0.06732857709204332,0.04953231058622661,95
PRISM19Q4_independent,ridge_only,5,5,ponatinib::BRD-K44227013-001-06-4,0.44035125900119315,0.07653573967037133,0.06072766032624752,94
PRISM19Q4_independent,ridge_only,5,6,GSK2110183::BRD-K25412176-001-01-9,0.4863040886409702,0.12670216517802735,0.08806838380529526,94
PRISM19Q4_independent,ridge_only,5,7,ARRY-334543::BRD-K46386702-001-02-1,0.36493808981728815,0.1213464982913501,0.060420279807232795,94
PRISM19Q4_independent,ridge_only,5,8,GDC-0068::BRD-K71480163-001-01-4,0.3463631265068244,0.14667746667276313,0.11034753982056962,94
PRISM19Q4_independent,ridge_only,5,9,dacomitinib::BRD-K57169635-001-04-5,0.7216441039630216,0.1005586469524407,0.07766822075590174,94
PRISM19Q4_independent,ridge_only,5,10,uprosertib::BRD-K38332599-001-01-3,0.4579693433669307,0.07666955826794321,0.05857049911580187,94
PRISM19Q4_independent,ridge_only,5,11,neratinib::BRD-K85606544-001-09-1,0.4050025081308261,0.11341313621728348,0.07819877977066851,94
PRISM19Q4_independent,ridge_only,5,12,osimertinib::BRD-K42805893-001-04-9,0.5928292986057515,0.10183609746464911,0.07036888317057961,95
PRISM19Q4_independent,ridge_only,5,13,atiprimod::BRD-K38527262-300-01-0,0.5947690492867052,0.052347690310076696,0.042567840916045166,94
PRISM19Q4_independent,ridge_only,5,14,LY2801653::BRD-K18961567-001-01-1,0.5026048410466436,0.10683710416107343,0.07442265305113285,94
PRISM19Q4_independent,ridge_only,5,15,tucatinib::BRD-K26026438-001-01-0,0.525460287290143,0.11349796909385292,0.08542747256603647,94
PRISM19Q4_independent,ridge_only,5,16,canertinib::BRD-K50168500-001-07-9,0.5515696496174056,0.13818970673117398,0.09259765148162842,95
PRISM19Q4_independent,ridge_only,5,17,lenvatinib::BRD-K39974922-001-04-3,0.4005454720591361,0.08825080770595445,0.0589414619384928,94
PRISM19Q4_independent,ridge_only,5,18,pelitinib::BRD-K08799216-001-05-3,0.6795939011569555,0.10755689728119207,0.07429773368333516,95
PRISM19Q4_independent,ridge_only,5,19,XL-647::BRD-K03765900-001-01-9,0.7395525167431944,0.09844146837239048,0.0744627666600207,94
PRISM19Q4_independent,ridge_only,5,20,ribociclib::BRD-K36788280-001-01-2,0.4053209012191738,0.15128113046806158,0.11841961208142732,95
PRISM19Q4_independent,ridge_only,5,21,linifanib::BRD-K99749624-001-07-0,0.3749203665195228,0.13883790161247236,0.11105651043831034,94
PRISM19Q4_independent,ridge_only,5,22,tivozanib::BRD-K53414658-001-08-2,0.54011991214449,0.10334045491888103,0.07357588473786698,94
PRISM19Q4_independent,ridge_only,5,23,axitinib::BRD-K29905972-001-06-3,0.5924088968776805,0.134429520093541,0.09548964303858737,94
PRISM19Q4_independent,mfmr_base,5,0,P276-00::BRD-K51791723-003-01-7,0.2901709666395377,0.07026740036843815,0.05573820816843133,95
PRISM19Q4_independent,mfmr_base,5,1,abemaciclib::BRD-K33622447-066-01-9,0.5079263306909041,0.09186452788246463,0.06419801021877088,95
PRISM19Q4_independent,mfmr_base,5,2,PHA-848125::BRD-K60997853-001-02-3,0.5871156207896555,0.08038281861300292,0.06576689387622632,95
PRISM19Q4_independent,mfmr_base,5,3,foretinib::BRD-K03449891-001-08-6,0.5106646155353665,0.09057949766973443,0.06276584173503676,95
PRISM19Q4_independent,mfmr_base,5,4,tivantinib::BRD-K33379087-001-07-5,0.42585985273731203,0.06527320361941036,0.048529421655755293,95
PRISM19Q4_independent,mfmr_base,5,5,ponatinib::BRD-K44227013-001-06-4,0.49894107522238745,0.07364632644084224,0.05777133525686061,94
PRISM19Q4_independent,mfmr_base,5,6,GSK2110183::BRD-K25412176-001-01-9,0.5233221173142278,0.12351840368859253,0.08565556432338471,94
PRISM19Q4_independent,mfmr_base,5,7,ARRY-334543::BRD-K46386702-001-02-1,0.3661123010369349,0.12063125114675177,0.05984215470070534,94
PRISM19Q4_independent,mfmr_base,5,8,GDC-0068::BRD-K71480163-001-01-4,0.42644115423466655,0.14132627473181192,0.10585757202290474,94
PRISM19Q4_independent,mfmr_base,5,9,dacomitinib::BRD-K57169635-001-04-5,0.8150568891270196,0.08451604698835528,0.06413697784251356,94
PRISM19Q4_independent,mfmr_base,5,10,uprosertib::BRD-K38332599-001-01-3,0.4793834322799486,0.0775704102674277,0.05925883194233509,94
PRISM19Q4_independent,mfmr_base,5,11,neratinib::BRD-K85606544-001-09-1,0.45397830009693685,0.11022040014631182,0.07472930753484686,94
PRISM19Q4_independent,mfmr_base,5,12,osimertinib::BRD-K42805893-001-04-9,0.6494314097992985,0.09645844357849433,0.06730314273583261,95
PRISM19Q4_independent,mfmr_base,5,13,atiprimod::BRD-K38527262-300-01-0,0.5657222477658224,0.05408722023259763,0.044852549725390496,94
PRISM19Q4_independent,mfmr_base,5,14,LY2801653::BRD-K18961567-001-01-1,0.5329288957769439,0.10444007342732906,0.0723308781360058,94
PRISM19Q4_independent,mfmr_base,5,15,tucatinib::BRD-K26026438-001-01-0,0.5521017068300118,0.11196216277098384,0.08390530753642955,94
PRISM19Q4_independent,mfmr_base,5,16,canertinib::BRD-K50168500-001-07-9,0.5675936070153182,0.13629009954761376,0.09156925050835861,95
PRISM19Q4_independent,mfmr_base,5,17,lenvatinib::BRD-K39974922-001-04-3,0.42137130245333193,0.08764404741384946,0.05842601301822257,94
PRISM19Q4_independent,mfmr_base,5,18,pelitinib::BRD-K08799216-001-05-3,0.7728445922357696,0.09404964658662497,0.06662968334398772,95
PRISM19Q4_independent,mfmr_base,5,19,XL-647::BRD-K03765900-001-01-9,0.7977285735355661,0.08718869280282723,0.06693494415029566,94
PRISM19Q4_independent,mfmr_base,5,20,ribociclib::BRD-K36788280-001-01-2,0.4170318128404963,0.1496250138967941,0.11678528722963835,95
PRISM19Q4_independent,mfmr_base,5,21,linifanib::BRD-K99749624-001-07-0,0.37447634657681844,0.13987107075379102,0.10869167269544398,94
PRISM19Q4_independent,mfmr_base,5,22,tivozanib::BRD-K53414658-001-08-2,0.5772497502103829,0.09963937474775952,0.0713019922692725,94
PRISM19Q4_independent,mfmr_base,5,23,axitinib::BRD-K29905972-001-06-3,0.6098701396179483,0.12965755288779224,0.09337212462374504,94
PRISM19Q4_independent,mfmr_mutation,5,0,P276-00::BRD-K51791723-003-01-7,0.2649478487599728,0.07201926216917491,0.0572174818892228,95
PRISM19Q4_independent,mfmr_mutation,5,1,abemaciclib::BRD-K33622447-066-01-9,0.4879600284305756,0.094169310120961,0.06701675716199373,95
PRISM19Q4_independent,mfmr_mutation,5,2,PHA-848125::BRD-K60997853-001-02-3,0.597328804814695,0.07995069770074564,0.06576593769224066,95
PRISM19Q4_independent,mfmr_mutation,5,3,foretinib::BRD-K03449891-001-08-6,0.5363829952268976,0.08905181749425668,0.06299392047681307,95
PRISM19Q4_independent,mfmr_mutation,5,4,tivantinib::BRD-K33379087-001-07-5,0.39803773827194405,0.06663686488593418,0.05079708036623503,95
PRISM19Q4_independent,mfmr_mutation,5,5,ponatinib::BRD-K44227013-001-06-4,0.4807241498204394,0.07451986838925813,0.05932880335665764,94
PRISM19Q4_independent,mfmr_mutation,5,6,GSK2110183::BRD-K25412176-001-01-9,0.4996697743053581,0.12662257112185793,0.09028411989516401,94
PRISM19Q4_independent,mfmr_mutation,5,7,ARRY-334543::BRD-K46386702-001-02-1,0.37272945887158526,0.12058225704596337,0.06253573552091071,94
PRISM19Q4_independent,mfmr_mutation,5,8,GDC-0068::BRD-K71480163-001-01-4,0.41039090643143095,0.14546696963434377,0.10737271131353175,94
PRISM19Q4_independent,mfmr_mutation,5,9,dacomitinib::BRD-K57169635-001-04-5,0.8050269120783998,0.0852809846951186,0.06576400836731525,94
PRISM19Q4_independent,mfmr_mutation,5,10,uprosertib::BRD-K38332599-001-01-3,0.5103349035588736,0.0764021118602011,0.057788386623910136,94
PRISM19Q4_independent,mfmr_mutation,5,11,neratinib::BRD-K85606544-001-09-1,0.38809266355213895,0.11464121441522844,0.0792705163042596,94
PRISM19Q4_independent,mfmr_mutation,5,12,osimertinib::BRD-K42805893-001-04-9,0.6488413191206284,0.09618502819813984,0.06708437863149141,95
PRISM19Q4_independent,mfmr_mutation,5,13,atiprimod::BRD-K38527262-300-01-0,0.5441018440981924,0.05375289724322653,0.04295173984892825,94
PRISM19Q4_independent,mfmr_mutation,5,14,LY2801653::BRD-K18961567-001-01-1,0.553107061854039,0.10204280513744854,0.07108763304162533,94
PRISM19Q4_independent,mfmr_mutation,5,15,tucatinib::BRD-K26026438-001-01-0,0.5557827853833947,0.11030126337971492,0.08316288793340643,94
PRISM19Q4_independent,mfmr_mutation,5,16,canertinib::BRD-K50168500-001-07-9,0.5566631573493945,0.13768712583546314,0.09135708495190269,95
PRISM19Q4_independent,mfmr_mutation,5,17,lenvatinib::BRD-K39974922-001-04-3,0.4150210625577937,0.08725742179322982,0.06144039427980463,94
PRISM19Q4_independent,mfmr_mutation,5,18,pelitinib::BRD-K08799216-001-05-3,0.7516970162347036,0.09565179926002662,0.06843285435124448,95
PRISM19Q4_independent,mfmr_mutation,5,19,XL-647::BRD-K03765900-001-01-9,0.784997241788226,0.0880528304493538,0.06864631080881078,94
PRISM19Q4_independent,mfmr_mutation,5,20,ribociclib::BRD-K36788280-001-01-2,0.4211930761212634,0.14969306279290612,0.11410241754431473,95
PRISM19Q4_independent,mfmr_mutation,5,21,linifanib::BRD-K99749624-001-07-0,0.31769230507714996,0.14560406981472615,0.11258754070768966,94
PRISM19Q4_independent,mfmr_mutation,5,22,tivozanib::BRD-K53414658-001-08-2,0.5561589062463869,0.10173619320833535,0.07416010537046067,94
PRISM19Q4_independent,mfmr_mutation,5,23,axitinib::BRD-K29905972-001-06-3,0.6058305666282163,0.12879045629319785,0.09522821516432661,94
PRISM19Q4_independent,original_mclrp,6,0,P276-00::BRD-K51791723-003-01-7,0.17372314225325158,0.5174191315282394,0.511900647847276,95
PRISM19Q4_independent,original_mclrp,6,1,abemaciclib::BRD-K33622447-066-01-9,0.38149291558110904,0.6594146630189389,0.6519916615988078,95
PRISM19Q4_independent,original_mclrp,6,2,PHA-848125::BRD-K60997853-001-02-3,0.20972080371097135,0.5755814152418812,0.5674376754384292,95
PRISM19Q4_independent,original_mclrp,6,3,foretinib::BRD-K03449891-001-08-6,0.2622813578428308,0.6078071652021224,0.599240230023861,95
PRISM19Q4_independent,original_mclrp,6,4,tivantinib::BRD-K33379087-001-07-5,0.08098601646798341,0.5977355558269706,0.5932706759164208,95
PRISM19Q4_independent,original_mclrp,6,5,ponatinib::BRD-K44227013-001-06-4,0.19816873196375515,0.6274713959472422,0.6220227045581695,94
PRISM19Q4_independent,original_mclrp,6,6,GSK2110183::BRD-K25412176-001-01-9,0.19740009474468556,0.7379133379762578,0.7241082234268493,94
PRISM19Q4_independent,original_mclrp,6,7,ARRY-334543::BRD-K46386702-001-02-1,0.14946697936446593,0.6838627729757516,0.6721102156220599,94
PRISM19Q4_independent,original_mclrp,6,8,GDC-0068::BRD-K71480163-001-01-4,0.08603534361417152,0.8090875882022086,0.7939063103750665,94
PRISM19Q4_independent,original_mclrp,6,9,dacomitinib::BRD-K57169635-001-04-5,0.14140335261246328,0.5952363101247186,0.5778742634711114,94
PRISM19Q4_independent,original_mclrp,6,10,uprosertib::BRD-K38332599-001-01-3,0.1412234932298117,0.6141511601737422,0.6081677216323133,94
PRISM19Q4_independent,original_mclrp,6,11,neratinib::BRD-K85606544-001-09-1,0.17900132487506415,0.6834622730891261,0.6726703031900081,94
PRISM19Q4_independent,original_mclrp,6,12,osimertinib::BRD-K42805893-001-04-9,0.2891640557208341,0.6825231433549445,0.6718168169260025,95
PRISM19Q4_independent,original_mclrp,6,13,atiprimod::BRD-K38527262-300-01-0,0.1123099942971581,0.639069482472512,0.6351868957281113,94
PRISM19Q4_independent,original_mclrp,6,14,LY2801653::BRD-K18961567-001-01-1,-0.03760270951184529,0.6951280115131816,0.6834611212636562,94
PRISM19Q4_independent,original_mclrp,6,15,tucatinib::BRD-K26026438-001-01-0,0.332291855561579,0.7491175637968654,0.738595151045221,94
PRISM19Q4_independent,original_mclrp,6,16,canertinib::BRD-K50168500-001-07-9,0.22750769358090542,0.7362583642216332,0.71864205990967,95
PRISM19Q4_independent,original_mclrp,6,17,lenvatinib::BRD-K39974922-001-04-3,0.16119494036642676,0.6107777653660323,0.6031557411906567,94
PRISM19Q4_independent,original_mclrp,6,18,pelitinib::BRD-K08799216-001-05-3,0.46734543220405184,0.5638528222024483,0.5491338751818005,95
PRISM19Q4_independent,original_mclrp,6,19,XL-647::BRD-K03765900-001-01-9,0.316774230518474,0.5992345466868774,0.5838468128696401,94
PRISM19Q4_independent,original_mclrp,6,20,ribociclib::BRD-K36788280-001-01-2,0.1625036352548023,0.7986728281515971,0.782496459468415,95
PRISM19Q4_independent,original_mclrp,6,21,linifanib::BRD-K99749624-001-07-0,0.1684689729984253,0.8216771785118342,0.8083550268982319,94
PRISM19Q4_independent,original_mclrp,6,22,tivozanib::BRD-K53414658-001-08-2,0.1932539441699067,0.7270516638988839,0.7171476267753764,94
PRISM19Q4_independent,original_mclrp,6,23,axitinib::BRD-K29905972-001-06-3,0.17659611313701795,0.7546681408680724,0.7379450717187942,94
PRISM19Q4_independent,imputer_only,6,0,P276-00::BRD-K51791723-003-01-7,0.31126919442731804,0.0698082595458275,0.05535741040581151,95
PRISM19Q4_independent,imputer_only,6,1,abemaciclib::BRD-K33622447-066-01-9,0.5234120541757871,0.09171566345356837,0.06405917092373496,95
PRISM19Q4_independent,imputer_only,6,2,PHA-848125::BRD-K60997853-001-02-3,0.5972617021922879,0.07934514141301272,0.06534612712107207,95
PRISM19Q4_independent,imputer_only,6,3,foretinib::BRD-K03449891-001-08-6,0.5234183544881696,0.0902966351853387,0.06169470548629761,95
PRISM19Q4_independent,imputer_only,6,4,tivantinib::BRD-K33379087-001-07-5,0.45155387129855495,0.06430808321649838,0.04837165067070409,95
PRISM19Q4_independent,imputer_only,6,5,ponatinib::BRD-K44227013-001-06-4,0.5247321512034925,0.07204015303922089,0.05556995627727914,94
PRISM19Q4_independent,imputer_only,6,6,GSK2110183::BRD-K25412176-001-01-9,0.5107556461961223,0.12639376331619104,0.09000395840786873,94
PRISM19Q4_independent,imputer_only,6,7,ARRY-334543::BRD-K46386702-001-02-1,0.35917953376426626,0.12122196339702049,0.06098563303338721,94
PRISM19Q4_independent,imputer_only,6,8,GDC-0068::BRD-K71480163-001-01-4,0.4581478358511508,0.13980430305764505,0.10478910169702896,94
PRISM19Q4_independent,imputer_only,6,9,dacomitinib::BRD-K57169635-001-04-5,0.8257739452743892,0.08093494935279844,0.05923384079273711,94
PRISM19Q4_independent,imputer_only,6,10,uprosertib::BRD-K38332599-001-01-3,0.4647624288291579,0.08379737089111347,0.06378425816272168,94
PRISM19Q4_independent,imputer_only,6,11,neratinib::BRD-K85606544-001-09-1,0.48488615522786044,0.10821854704121867,0.07274127830850317,94
PRISM19Q4_independent,imputer_only,6,12,osimertinib::BRD-K42805893-001-04-9,0.6586103480733995,0.09567079773782097,0.06741153911540383,95
PRISM19Q4_independent,imputer_only,6,13,atiprimod::BRD-K38527262-300-01-0,0.48440413320667347,0.05666425089751332,0.04757391455325675,94
PRISM19Q4_independent,imputer_only,6,14,LY2801653::BRD-K18961567-001-01-1,0.5370153787161219,0.10403934503049003,0.07220362982851394,94
PRISM19Q4_independent,imputer_only,6,15,tucatinib::BRD-K26026438-001-01-0,0.5707142172123878,0.11078762373527021,0.08271182407724097,94
PRISM19Q4_independent,imputer_only,6,16,canertinib::BRD-K50168500-001-07-9,0.5638304495762113,0.1369411532481636,0.09265826940536499,95
PRISM19Q4_independent,imputer_only,6,17,lenvatinib::BRD-K39974922-001-04-3,0.42340952976240975,0.0875534208179179,0.05882248662887735,94
PRISM19Q4_independent,imputer_only,6,18,pelitinib::BRD-K08799216-001-05-3,0.8103103400721068,0.08515266162137522,0.06172842226530376,95
PRISM19Q4_independent,imputer_only,6,19,XL-647::BRD-K03765900-001-01-9,0.7950011091278706,0.08609352987199465,0.06703097928077617,94
PRISM19Q4_independent,imputer_only,6,20,ribociclib::BRD-K36788280-001-01-2,0.40405498918846305,0.15050241109074297,0.11533948308543156,95
PRISM19Q4_independent,imputer_only,6,21,linifanib::BRD-K99749624-001-07-0,0.36569888612233986,0.14329091725356496,0.1085785798569943,94
PRISM19Q4_independent,imputer_only,6,22,tivozanib::BRD-K53414658-001-08-2,0.5843823445374583,0.0998929736139811,0.07407793212444225,94
PRISM19Q4_independent,imputer_only,6,23,axitinib::BRD-K29905972-001-06-3,0.6033716482493302,0.12824388412458687,0.09258734957968935,94
PRISM19Q4_independent,ridge_only,6,0,P276-00::BRD-K51791723-003-01-7,0.26670867226138534,0.07080500536708173,0.056152234579387464,95
PRISM19Q4_independent,ridge_only,6,1,abemaciclib::BRD-K33622447-066-01-9,0.46629276699674505,0.09420735191399217,0.0670437543015731,95
PRISM19Q4_independent,ridge_only,6,2,PHA-848125::BRD-K60997853-001-02-3,0.5384185244287362,0.08470808231592891,0.06852892354915016,95
PRISM19Q4_independent,ridge_only,6,3,foretinib::BRD-K03449891-001-08-6,0.47153269189183566,0.09292485923902255,0.06591586752941733,95
PRISM19Q4_independent,ridge_only,6,4,tivantinib::BRD-K33379087-001-07-5,0.37048331970535314,0.06734343858180052,0.04953675270080567,95
PRISM19Q4_independent,ridge_only,6,5,ponatinib::BRD-K44227013-001-06-4,0.43694303325974554,0.07668120469903279,0.06076944064586721,94
PRISM19Q4_independent,ridge_only,6,6,GSK2110183::BRD-K25412176-001-01-9,0.48689937671254246,0.12665720666846467,0.08803912997245789,94
PRISM19Q4_independent,ridge_only,6,7,ARRY-334543::BRD-K46386702-001-02-1,0.36456434876139376,0.12137103723538151,0.06044926795553654,94
PRISM19Q4_independent,ridge_only,6,8,GDC-0068::BRD-K71480163-001-01-4,0.3455288089780538,0.14673648642424442,0.1103831929095248,94
PRISM19Q4_independent,ridge_only,6,9,dacomitinib::BRD-K57169635-001-04-5,0.7217695152805524,0.1005424479199366,0.0776700754749014,94
PRISM19Q4_independent,ridge_only,6,10,uprosertib::BRD-K38332599-001-01-3,0.46040956778553044,0.07658297294506028,0.05850443624435587,94
PRISM19Q4_independent,ridge_only,6,11,neratinib::BRD-K85606544-001-09-1,0.4055910194851699,0.11339668834706725,0.07821822483488854,94
PRISM19Q4_independent,ridge_only,6,12,osimertinib::BRD-K42805893-001-04-9,0.5914357235750349,0.10195738555843085,0.07037940621376038,95
PRISM19Q4_independent,ridge_only,6,13,atiprimod::BRD-K38527262-300-01-0,0.6003385610679376,0.052164049670989976,0.04240254645651959,94
PRISM19Q4_independent,ridge_only,6,14,LY2801653::BRD-K18961567-001-01-1,0.49742300404066386,0.10714159630284563,0.07430566371755397,94
PRISM19Q4_independent,ridge_only,6,15,tucatinib::BRD-K26026438-001-01-0,0.5257647438780229,0.11347050188924251,0.08539104208033135,94
PRISM19Q4_independent,ridge_only,6,16,canertinib::BRD-K50168500-001-07-9,0.5510710521889512,0.13823653963407767,0.09262982355920892,95
PRISM19Q4_independent,ridge_only,6,17,lenvatinib::BRD-K39974922-001-04-3,0.40106433278063935,0.08824306459249061,0.05892368897478631,94
PRISM19Q4_independent,ridge_only,6,18,pelitinib::BRD-K08799216-001-05-3,0.6792285632471046,0.10763655882756658,0.07429996289704975,95
PRISM19Q4_independent,ridge_only,6,19,XL-647::BRD-K03765900-001-01-9,0.7396638752763507,0.09840504089912265,0.07438215010977806,94
PRISM19Q4_independent,ridge_only,6,20,ribociclib::BRD-K36788280-001-01-2,0.4060888461303054,0.15121384007479186,0.11846435258263036,95
PRISM19Q4_independent,ridge_only,6,21,linifanib::BRD-K99749624-001-07-0,0.37425890381862503,0.1388715849472641,0.11108591708731144,94
PRISM19Q4_independent,ridge_only,6,22,tivozanib::BRD-K53414658-001-08-2,0.5388288860899579,0.10341561041150726,0.07366339386777675,94
PRISM19Q4_independent,ridge_only,6,23,axitinib::BRD-K29905972-001-06-3,0.5931512640639789,0.13434071869559802,0.09532965085607895,94
PRISM19Q4_independent,mfmr_base,6,0,P276-00::BRD-K51791723-003-01-7,0.29269455529819194,0.07019043624644655,0.055681546110855906,95
PRISM19Q4_independent,mfmr_base,6,1,abemaciclib::BRD-K33622447-066-01-9,0.5072012150758178,0.0919149577938851,0.06422572763342606,95
PRISM19Q4_independent,mfmr_base,6,2,PHA-848125::BRD-K60997853-001-02-3,0.5869308607131993,0.08039038580746714,0.06576458749018217,95
PRISM19Q4_independent,mfmr_base,6,3,foretinib::BRD-K03449891-001-08-6,0.5104277470569241,0.0905950550429336,0.06275945776387265,95
PRISM19Q4_independent,mfmr_base,6,4,tivantinib::BRD-K33379087-001-07-5,0.4250282407320258,0.06529523458347165,0.04855139694715801,95
PRISM19Q4_independent,mfmr_base,6,5,ponatinib::BRD-K44227013-001-06-4,0.4975067896085712,0.07371210364644931,0.05776981280205098,94
PRISM19Q4_independent,mfmr_base,6,6,GSK2110183::BRD-K25412176-001-01-9,0.5236401403488808,0.12348854084922128,0.08561052223469348,94
PRISM19Q4_independent,mfmr_base,6,7,ARRY-334543::BRD-K46386702-001-02-1,0.36633331048431234,0.12063357664234799,0.05979290097317797,94
PRISM19Q4_independent,mfmr_base,6,8,GDC-0068::BRD-K71480163-001-01-4,0.4261499455874183,0.14135138651243934,0.10587228485878478,94
PRISM19Q4_independent,mfmr_base,6,9,dacomitinib::BRD-K57169635-001-04-5,0.8148505659073948,0.08454706601138826,0.06415632208611102,94
PRISM19Q4_independent,mfmr_base,6,10,uprosertib::BRD-K38332599-001-01-3,0.48118091609327046,0.077471488818659,0.059163988904750095,94
PRISM19Q4_independent,mfmr_base,6,11,neratinib::BRD-K85606544-001-09-1,0.4541720898968638,0.11021510084849721,0.0747314564725186,94
PRISM19Q4_independent,mfmr_base,6,12,osimertinib::BRD-K42805893-001-04-9,0.6485074068115936,0.09655281325237049,0.06734376298753839,95
PRISM19Q4_independent,mfmr_base,6,13,atiprimod::BRD-K38527262-300-01-0,0.5692849710135608,0.053977496284397214,0.044745047675802355,94
PRISM19Q4_independent,mfmr_base,6,14,LY2801653::BRD-K18961567-001-01-1,0.5304713611418863,0.10460694147471385,0.0722718708058621,94
PRISM19Q4_independent,mfmr_base,6,15,tucatinib::BRD-K26026438-001-01-0,0.5525199066848251,0.11192735272624071,0.08387367649281278,94
PRISM19Q4_independent,mfmr_base,6,16,canertinib::BRD-K50168500-001-07-9,0.5674603949000823,0.13630534322256196,0.09166319809461895,95
PRISM19Q4_independent,mfmr_base,6,17,lenvatinib::BRD-K39974922-001-04-3,0.4213836969882417,0.087649456724913,0.05844155905094552,94
PRISM19Q4_independent,mfmr_base,6,18,pelitinib::BRD-K08799216-001-05-3,0.7727604864865261,0.09408100026298288,0.0666298458450719,95
PRISM19Q4_independent,mfmr_base,6,19,XL-647::BRD-K03765900-001-01-9,0.797766638573323,0.0871843382385391,0.06687769452308087,94
PRISM19Q4_independent,mfmr_base,6,20,ribociclib::BRD-K36788280-001-01-2,0.4168370160503474,0.1496476821724243,0.11674609184265136,95
PRISM19Q4_independent,mfmr_base,6,21,linifanib::BRD-K99749624-001-07-0,0.3742666954591509,0.13987468582053225,0.10870417318445572,94
PRISM19Q4_independent,mfmr_base,6,22,tivozanib::BRD-K53414658-001-08-2,0.5769386492434485,0.09966706431910753,0.07132608966624483,94
PRISM19Q4_independent,mfmr_base,6,23,axitinib::BRD-K29905972-001-06-3,0.6101601037724084,0.12961681204659486,0.09328328897344305,94
PRISM19Q4_independent,mfmr_mutation,6,0,P276-00::BRD-K51791723-003-01-7,0.28698215666095,0.07112945560395419,0.05659613797539159,95
PRISM19Q4_independent,mfmr_mutation,6,1,abemaciclib::BRD-K33622447-066-01-9,0.4870811602319229,0.0939826632390625,0.06726673715992977,95
PRISM19Q4_independent,mfmr_mutation,6,2,PHA-848125::BRD-K60997853-001-02-3,0.598915452475206,0.07944532098864075,0.0656057291909268,95
PRISM19Q4_independent,mfmr_mutation,6,3,foretinib::BRD-K03449891-001-08-6,0.5317716860619468,0.08936556987453936,0.0623890525416324,95
PRISM19Q4_independent,mfmr_mutation,6,4,tivantinib::BRD-K33379087-001-07-5,0.39381967035889226,0.06679196879306151,0.05116094350814819,95
PRISM19Q4_independent,mfmr_mutation,6,5,ponatinib::BRD-K44227013-001-06-4,0.47490651728303945,0.07467952962704702,0.05941102098911367,94
PRISM19Q4_independent,mfmr_mutation,6,6,GSK2110183::BRD-K25412176-001-01-9,0.5047083498008477,0.12608079666536737,0.08963995474450132,94
PRISM19Q4_independent,mfmr_mutation,6,7,ARRY-334543::BRD-K46386702-001-02-1,0.37724441636420414,0.12030316862031036,0.062009698532997294,94
PRISM19Q4_independent,mfmr_mutation,6,8,GDC-0068::BRD-K71480163-001-01-4,0.4179900981915025,0.14503624390612532,0.10755855859594142,94
PRISM19Q4_independent,mfmr_mutation,6,9,dacomitinib::BRD-K57169635-001-04-5,0.8059371957949226,0.08513324666551107,0.06566812383367661,94
PRISM19Q4_independent,mfmr_mutation,6,10,uprosertib::BRD-K38332599-001-01-3,0.5152477451915644,0.07660628065804,0.058065098016820055,94
PRISM19Q4_independent,mfmr_mutation,6,11,neratinib::BRD-K85606544-001-09-1,0.3854386115679734,0.11492072361346402,0.07981020529219444,94
PRISM19Q4_independent,mfmr_mutation,6,12,osimertinib::BRD-K42805893-001-04-9,0.6440880811577163,0.09672180290295122,0.06754460491632161,95
PRISM19Q4_independent,mfmr_mutation,6,13,atiprimod::BRD-K38527262-300-01-0,0.5501031374610527,0.053519383643627266,0.04269236579854438,94
PRISM19Q4_independent,mfmr_mutation,6,14,LY2801653::BRD-K18961567-001-01-1,0.5436800526166998,0.10268214505683423,0.07126907592124128,94
PRISM19Q4_independent,mfmr_mutation,6,15,tucatinib::BRD-K26026438-001-01-0,0.5609738236577263,0.1100546913252895,0.08285501472493435,94
PRISM19Q4_independent,mfmr_mutation,6,16,canertinib::BRD-K50168500-001-07-9,0.5585754389811814,0.13746965008966888,0.0912939987684551,95
PRISM19Q4_independent,mfmr_mutation,6,17,lenvatinib::BRD-K39974922-001-04-3,0.42906261297802517,0.08666529686664709,0.060715194078201945,94
PRISM19Q4_independent,mfmr_mutation,6,18,pelitinib::BRD-K08799216-001-05-3,0.7506731310958416,0.09585858066785581,0.06872482801738539,95
PRISM19Q4_independent,mfmr_mutation,6,19,XL-647::BRD-K03765900-001-01-9,0.7865141364082037,0.0877845986911015,0.06865930462137182,94
PRISM19Q4_independent,mfmr_mutation,6,20,ribociclib::BRD-K36788280-001-01-2,0.4193347384840815,0.14955157353155812,0.11445115616447048,95
PRISM19Q4_independent,mfmr_mutation,6,21,linifanib::BRD-K99749624-001-07-0,0.3194669552112945,0.14551426589819935,0.1126898153031126,94
PRISM19Q4_independent,mfmr_mutation,6,22,tivozanib::BRD-K53414658-001-08-2,0.5518475683596846,0.1020419251212319,0.07438050305589716,94
PRISM19Q4_independent,mfmr_mutation,6,23,axitinib::BRD-K29905972-001-06-3,0.597692080997962,0.12966430122272837,0.09603182654431526,94
PRISM19Q4_independent,original_mclrp,7,0,P276-00::BRD-K51791723-003-01-7,0.17372314225325158,0.5174191315282394,0.511900647847276,95
PRISM19Q4_independent,original_mclrp,7,1,abemaciclib::BRD-K33622447-066-01-9,0.38149291558110904,0.6594146630189389,0.6519916615988078,95
PRISM19Q4_independent,original_mclrp,7,2,PHA-848125::BRD-K60997853-001-02-3,0.20972080371097135,0.5755814152418812,0.5674376754384292,95
PRISM19Q4_independent,original_mclrp,7,3,foretinib::BRD-K03449891-001-08-6,0.2622813578428308,0.6078071652021224,0.599240230023861,95
PRISM19Q4_independent,original_mclrp,7,4,tivantinib::BRD-K33379087-001-07-5,0.08098601646798341,0.5977355558269706,0.5932706759164208,95
PRISM19Q4_independent,original_mclrp,7,5,ponatinib::BRD-K44227013-001-06-4,0.19816873196375515,0.6274713959472422,0.6220227045581695,94
PRISM19Q4_independent,original_mclrp,7,6,GSK2110183::BRD-K25412176-001-01-9,0.19740009474468556,0.7379133379762578,0.7241082234268493,94
PRISM19Q4_independent,original_mclrp,7,7,ARRY-334543::BRD-K46386702-001-02-1,0.14946697936446593,0.6838627729757516,0.6721102156220599,94
PRISM19Q4_independent,original_mclrp,7,8,GDC-0068::BRD-K71480163-001-01-4,0.08603534361417152,0.8090875882022086,0.7939063103750665,94
PRISM19Q4_independent,original_mclrp,7,9,dacomitinib::BRD-K57169635-001-04-5,0.14140335261246328,0.5952363101247186,0.5778742634711114,94
PRISM19Q4_independent,original_mclrp,7,10,uprosertib::BRD-K38332599-001-01-3,0.1412234932298117,0.6141511601737422,0.6081677216323133,94
PRISM19Q4_independent,original_mclrp,7,11,neratinib::BRD-K85606544-001-09-1,0.17900132487506415,0.6834622730891261,0.6726703031900081,94
PRISM19Q4_independent,original_mclrp,7,12,osimertinib::BRD-K42805893-001-04-9,0.2891640557208341,0.6825231433549445,0.6718168169260025,95
PRISM19Q4_independent,original_mclrp,7,13,atiprimod::BRD-K38527262-300-01-0,0.1123099942971581,0.639069482472512,0.6351868957281113,94
PRISM19Q4_independent,original_mclrp,7,14,LY2801653::BRD-K18961567-001-01-1,-0.03760270951184529,0.6951280115131816,0.6834611212636562,94
PRISM19Q4_independent,original_mclrp,7,15,tucatinib::BRD-K26026438-001-01-0,0.332291855561579,0.7491175637968654,0.738595151045221,94
PRISM19Q4_independent,original_mclrp,7,16,canertinib::BRD-K50168500-001-07-9,0.22750769358090542,0.7362583642216332,0.71864205990967,95
PRISM19Q4_independent,original_mclrp,7,17,lenvatinib::BRD-K39974922-001-04-3,0.16119494036642676,0.6107777653660323,0.6031557411906567,94
PRISM19Q4_independent,original_mclrp,7,18,pelitinib::BRD-K08799216-001-05-3,0.46734543220405184,0.5638528222024483,0.5491338751818005,95
PRISM19Q4_independent,original_mclrp,7,19,XL-647::BRD-K03765900-001-01-9,0.316774230518474,0.5992345466868774,0.5838468128696401,94
PRISM19Q4_independent,original_mclrp,7,20,ribociclib::BRD-K36788280-001-01-2,0.1625036352548023,0.7986728281515971,0.782496459468415,95
PRISM19Q4_independent,original_mclrp,7,21,linifanib::BRD-K99749624-001-07-0,0.1684689729984253,0.8216771785118342,0.8083550268982319,94
PRISM19Q4_independent,original_mclrp,7,22,tivozanib::BRD-K53414658-001-08-2,0.1932539441699067,0.7270516638988839,0.7171476267753764,94
PRISM19Q4_independent,original_mclrp,7,23,axitinib::BRD-K29905972-001-06-3,0.17659611313701795,0.7546681408680724,0.7379450717187942,94
PRISM19Q4_independent,imputer_only,7,0,P276-00::BRD-K51791723-003-01-7,0.31173531438585467,0.06979293163486819,0.05531199229390998,95
PRISM19Q4_independent,imputer_only,7,1,abemaciclib::BRD-K33622447-066-01-9,0.5236662369442069,0.09170196521289249,0.0640571813834341,95
PRISM19Q4_independent,imputer_only,7,2,PHA-848125::BRD-K60997853-001-02-3,0.5962625912549787,0.0794200692333268,0.06539699121525414,95
PRISM19Q4_independent,imputer_only,7,3,foretinib::BRD-K03449891-001-08-6,0.5234295497904563,0.09029158394914476,0.06170967189889205,95
PRISM19Q4_independent,imputer_only,7,4,tivantinib::BRD-K33379087-001-07-5,0.4517530509040862,0.06429790893011297,0.04835282564163208,95
PRISM19Q4_independent,imputer_only,7,5,ponatinib::BRD-K44227013-001-06-4,0.5249443622603158,0.0720203891437027,0.055538913671006544,94
PRISM19Q4_independent,imputer_only,7,6,GSK2110183::BRD-K25412176-001-01-9,0.5109673438303943,0.1263653218878365,0.09000297619941387,94
PRISM19Q4_independent,imputer_only,7,7,ARRY-334543::BRD-K46386702-001-02-1,0.3586253700640469,0.12124640624168012,0.06103879720606702,94
PRISM19Q4_independent,imputer_only,7,8,GDC-0068::BRD-K71480163-001-01-4,0.45744595320935344,0.13988089734652126,0.10479501650688496,94
PRISM19Q4_independent,imputer_only,7,9,dacomitinib::BRD-K57169635-001-04-5,0.8259439531859625,0.08089683527280765,0.05919783039295927,94
PRISM19Q4_independent,imputer_only,7,10,uprosertib::BRD-K38332599-001-01-3,0.46460681296487466,0.0838078012685881,0.06374803312281345,94
PRISM19Q4_independent,imputer_only,7,11,neratinib::BRD-K85606544-001-09-1,0.48516462238278635,0.10819833108379225,0.07274967051566915,94
PRISM19Q4_independent,imputer_only,7,12,osimertinib::BRD-K42805893-001-04-9,0.660004204974157,0.09554871213520796,0.06720231740098251,95
PRISM19Q4_independent,imputer_only,7,13,atiprimod::BRD-K38527262-300-01-0,0.4829316561194689,0.05671054454558033,0.04761603411207808,94
PRISM19Q4_independent,imputer_only,7,14,LY2801653::BRD-K18961567-001-01-1,0.5371803737102602,0.10404161137867167,0.07217044462548926,94
PRISM19Q4_independent,imputer_only,7,15,tucatinib::BRD-K26026438-001-01-0,0.5706846961184658,0.11079302099468757,0.08270926297979152,94
PRISM19Q4_independent,imputer_only,7,16,canertinib::BRD-K50168500-001-07-9,0.5639555082750282,0.1369252793017702,0.09263852395509418,95
PRISM19Q4_independent,imputer_only,7,17,lenvatinib::BRD-K39974922-001-04-3,0.4235671894297703,0.08754282842664925,0.05882095466268823,94
PRISM19Q4_independent,imputer_only,7,18,pelitinib::BRD-K08799216-001-05-3,0.8101589311220283,0.085177786943152,0.06174041879804511,95
PRISM19Q4_independent,imputer_only,7,19,XL-647::BRD-K03765900-001-01-9,0.7949680103435274,0.08610795056828822,0.067037008227186,94
PRISM19Q4_independent,imputer_only,7,20,ribociclib::BRD-K36788280-001-01-2,0.40453228435264005,0.15045553133434633,0.11538039822327463,95
PRISM19Q4_independent,imputer_only,7,21,linifanib::BRD-K99749624-001-07-0,0.3656213509124713,0.14327898515455423,0.10858841589156618,94
PRISM19Q4_independent,imputer_only,7,22,tivozanib::BRD-K53414658-001-08-2,0.5843865193541229,0.0998788676554033,0.07400651054179415,94
PRISM19Q4_independent,imputer_only,7,23,axitinib::BRD-K29905972-001-06-3,0.6030519973978267,0.12828419888668371,0.09259989065058688,94
PRISM19Q4_independent,ridge_only,7,0,P276-00::BRD-K51791723-003-01-7,0.26651852058003545,0.07081155501741196,0.0561574565736871,95
PRISM19Q4_independent,ridge_only,7,1,abemaciclib::BRD-K33622447-066-01-9,0.46623012193922797,0.0942075168725527,0.06701620189767135,95
PRISM19Q4_independent,ridge_only,7,2,PHA-848125::BRD-K60997853-001-02-3,0.5392324785757114,0.08464794077189787,0.06849615166061802,95
PRISM19Q4_independent,ridge_only,7,3,foretinib::BRD-K03449891-001-08-6,0.4712256273843536,0.0929421481475757,0.06592184367932771,95
PRISM19Q4_independent,ridge_only,7,4,tivantinib::BRD-K33379087-001-07-5,0.37440681548666155,0.06722213660423085,0.04945779285932842,95
PRISM19Q4_independent,ridge_only,7,5,ponatinib::BRD-K44227013-001-06-4,0.4391618508583683,0.07660659312905843,0.06074420061517269,94
PRISM19Q4_independent,ridge_only,7,6,GSK2110183::BRD-K25412176-001-01-9,0.4866834431405005,0.1266761340105084,0.08805889335084469,94
PRISM19Q4_independent,ridge_only,7,7,ARRY-334543::BRD-K46386702-001-02-1,0.36466206865596107,0.12134429262008273,0.060434609017473585,94
PRISM19Q4_independent,ridge_only,7,8,GDC-0068::BRD-K71480163-001-01-4,0.3449225216042932,0.14677586515698374,0.11047449454348138,94
PRISM19Q4_independent,ridge_only,7,9,dacomitinib::BRD-K57169635-001-04-5,0.7216824043677229,0.10056131942277219,0.07767120606087624,94
PRISM19Q4_independent,ridge_only,7,10,uprosertib::BRD-K38332599-001-01-3,0.4595570802568486,0.07662470573520308,0.058549645733326036,94
PRISM19Q4_independent,ridge_only,7,11,neratinib::BRD-K85606544-001-09-1,0.40546809947516005,0.11339813527344282,0.07818808834603493,94
PRISM19Q4_independent,ridge_only,7,12,osimertinib::BRD-K42805893-001-04-9,0.5925720418539319,0.10185690506059511,0.07037670518222608,95
PRISM19Q4_independent,ridge_only,7,13,atiprimod::BRD-K38527262-300-01-0,0.5950010613516988,0.05235131219145405,0.04259062066991279,94
PRISM19Q4_independent,ridge_only,7,14,LY2801653::BRD-K18961567-001-01-1,0.5022893634003918,0.10682511228813274,0.07448550678314046,94
PRISM19Q4_independent,ridge_only,7,15,tucatinib::BRD-K26026438-001-01-0,0.5234880653201757,0.11364675370435291,0.08549012655907488,94
PRISM19Q4_independent,ridge_only,7,16,canertinib::BRD-K50168500-001-07-9,0.5500967534806667,0.13833176184981635,0.09271067255421689,95
PRISM19Q4_independent,ridge_only,7,17,lenvatinib::BRD-K39974922-001-04-3,0.39959757722422823,0.08829453329213402,0.058944748437150994,94
PRISM19Q4_independent,ridge_only,7,18,pelitinib::BRD-K08799216-001-05-3,0.6807662217863725,0.1074701265932624,0.07421903861196417,95
PRISM19Q4_independent,ridge_only,7,19,XL-647::BRD-K03765900-001-01-9,0.739594336475194,0.0984177320095773,0.07432128298789897,94
PRISM19Q4_independent,ridge_only,7,20,ribociclib::BRD-K36788280-001-01-2,0.4051635575561285,0.15127181967666112,0.11846117973327637,95
PRISM19Q4_independent,ridge_only,7,21,linifanib::BRD-K99749624-001-07-0,0.374065983275189,0.1388913407401424,0.11109942197799683,94
PRISM19Q4_independent,ridge_only,7,22,tivozanib::BRD-K53414658-001-08-2,0.5384339368336478,0.10343630099930656,0.07365024850723591,94
PRISM19Q4_independent,ridge_only,7,23,axitinib::BRD-K29905972-001-06-3,0.5922472421357937,0.1344419070643786,0.09547933587368498,94
PRISM19Q4_independent,mfmr_base,7,0,P276-00::BRD-K51791723-003-01-7,0.2927986106577696,0.07018827978413558,0.05567209595128109,95
PRISM19Q4_independent,mfmr_base,7,1,abemaciclib::BRD-K33622447-066-01-9,0.5072087976382055,0.09191463169484099,0.06421322132411757,95
PRISM19Q4_independent,mfmr_base,7,2,PHA-848125::BRD-K60997853-001-02-3,0.586740150224836,0.08039627774289408,0.0657627748815637,95
PRISM19Q4_independent,mfmr_base,7,3,foretinib::BRD-K03449891-001-08-6,0.5102580547072958,0.09060559762600982,0.06275766021326969,95
PRISM19Q4_independent,mfmr_base,7,4,tivantinib::BRD-K33379087-001-07-5,0.4269319975514853,0.06523313315925529,0.04850449185622366,95
PRISM19Q4_independent,mfmr_base,7,5,ponatinib::BRD-K44227013-001-06-4,0.49866372480857835,0.07365791993602884,0.05776514525109149,94
PRISM19Q4_independent,mfmr_base,7,6,GSK2110183::BRD-K25412176-001-01-9,0.5236293153832577,0.12349147422031413,0.08563366025052171,94
PRISM19Q4_independent,mfmr_base,7,7,ARRY-334543::BRD-K46386702-001-02-1,0.3660156088793115,0.12063565308381048,0.05983321210171314,94
PRISM19Q4_independent,mfmr_base,7,8,GDC-0068::BRD-K71480163-001-01-4,0.4254645451434986,0.14141014143140984,0.10595258309486065,94
PRISM19Q4_independent,mfmr_base,7,9,dacomitinib::BRD-K57169635-001-04-5,0.8149238697249475,0.08454000163604501,0.06415200582210054,94
PRISM19Q4_independent,mfmr_base,7,10,uprosertib::BRD-K38332599-001-01-3,0.48054660558568,0.07751535652456305,0.05919996855106759,94
PRISM19Q4_independent,mfmr_base,7,11,neratinib::BRD-K85606544-001-09-1,0.45433678160152025,0.11020110579404253,0.07471068615609026,94
PRISM19Q4_independent,mfmr_base,7,12,osimertinib::BRD-K42805893-001-04-9,0.6495090962248277,0.09645043537380281,0.06727230329262583,95
PRISM19Q4_independent,mfmr_base,7,13,atiprimod::BRD-K38527262-300-01-0,0.5654906370359278,0.05409441603705897,0.044860136635760044,94
PRISM19Q4_independent,mfmr_base,7,14,LY2801653::BRD-K18961567-001-01-1,0.5328958286016985,0.10443895360336615,0.07234133177615226,94
PRISM19Q4_independent,mfmr_base,7,15,tucatinib::BRD-K26026438-001-01-0,0.5514736726400775,0.11201728389777019,0.08392516095587547,94
PRISM19Q4_independent,mfmr_base,7,16,canertinib::BRD-K50168500-001-07-9,0.5671599750724131,0.13633878917892292,0.09163866733249865,95
PRISM19Q4_independent,mfmr_base,7,17,lenvatinib::BRD-K39974922-001-04-3,0.42080170968176844,0.08766651506473938,0.05844774715443875,94
PRISM19Q4_independent,mfmr_base,7,18,pelitinib::BRD-K08799216-001-05-3,0.7732727805084904,0.09400625191389587,0.06657249739295558,95
PRISM19Q4_independent,mfmr_base,7,19,XL-647::BRD-K03765900-001-01-9,0.7977494150990316,0.0871841096688087,0.06687629254574472,94
PRISM19Q4_independent,mfmr_base,7,20,ribociclib::BRD-K36788280-001-01-2,0.4168200310841413,0.14965327755030447,0.11678187847137451,95
PRISM19Q4_independent,mfmr_base,7,21,linifanib::BRD-K99749624-001-07-0,0.3741694354829667,0.13988299203789104,0.10870735188747974,94
PRISM19Q4_independent,mfmr_base,7,22,tivozanib::BRD-K53414658-001-08-2,0.5764298687124453,0.09970188683669222,0.07132940152858167,94
PRISM19Q4_independent,mfmr_base,7,23,axitinib::BRD-K29905972-001-06-3,0.6099457628852076,0.12964981829001274,0.09334981536611597,94
PRISM19Q4_independent,mfmr_mutation,7,0,P276-00::BRD-K51791723-003-01-7,0.267900532547762,0.07195736697796154,0.05717534705212242,95
PRISM19Q4_independent,mfmr_mutation,7,1,abemaciclib::BRD-K33622447-066-01-9,0.49877663323667154,0.09295122800340885,0.06603551224658363,95
PRISM19Q4_independent,mfmr_mutation,7,2,PHA-848125::BRD-K60997853-001-02-3,0.5966870709359678,0.07965848213630658,0.065587044703333,95
PRISM19Q4_independent,mfmr_mutation,7,3,foretinib::BRD-K03449891-001-08-6,0.5337560565965204,0.0891963050522371,0.06308762964449431,95
PRISM19Q4_independent,mfmr_mutation,7,4,tivantinib::BRD-K33379087-001-07-5,0.397126059270894,0.06679328115336727,0.0511125363801655,95
PRISM19Q4_independent,mfmr_mutation,7,5,ponatinib::BRD-K44227013-001-06-4,0.47823356464845823,0.0745276250161141,0.059096290710124566,94
PRISM19Q4_independent,mfmr_mutation,7,6,GSK2110183::BRD-K25412176-001-01-9,0.5027265815934737,0.1262675807116384,0.08967962670833507,94
PRISM19Q4_independent,mfmr_mutation,7,7,ARRY-334543::BRD-K46386702-001-02-1,0.3646202797615965,0.12099900309089896,0.06303566313804464,94
PRISM19Q4_independent,mfmr_mutation,7,8,GDC-0068::BRD-K71480163-001-01-4,0.42201306245312037,0.14464866252869235,0.10715902739382804,94
PRISM19Q4_independent,mfmr_mutation,7,9,dacomitinib::BRD-K57169635-001-04-5,0.8024052420922053,0.08584609620992938,0.06618016133917139,94
PRISM19Q4_independent,mfmr_mutation,7,10,uprosertib::BRD-K38332599-001-01-3,0.5226269211725846,0.0760823640127076,0.05786193495101117,94
PRISM19Q4_independent,mfmr_mutation,7,11,neratinib::BRD-K85606544-001-09-1,0.38234706988921974,0.11529938070329171,0.07991168093174061,94
PRISM19Q4_independent,mfmr_mutation,7,12,osimertinib::BRD-K42805893-001-04-9,0.6469448252076827,0.09631793067058603,0.06722953915596008,95
PRISM19Q4_independent,mfmr_mutation,7,13,atiprimod::BRD-K38527262-300-01-0,0.5462297389335758,0.05365333261522618,0.0427138551752618,94
PRISM19Q4_independent,mfmr_mutation,7,14,LY2801653::BRD-K18961567-001-01-1,0.5463736348687102,0.10274502120173368,0.07177954595139686,94
PRISM19Q4_independent,mfmr_mutation,7,15,tucatinib::BRD-K26026438-001-01-0,0.5465244124051176,0.11104815948818555,0.08366891678343429,94
PRISM19Q4_independent,mfmr_mutation,7,16,canertinib::BRD-K50168500-001-07-9,0.5581630974066628,0.13734714942707058,0.09061603734367772,95
PRISM19Q4_independent,mfmr_mutation,7,17,lenvatinib::BRD-K39974922-001-04-3,0.39419245965044614,0.08818074263062471,0.061635118215642076,94
PRISM19Q4_independent,mfmr_mutation,7,18,pelitinib::BRD-K08799216-001-05-3,0.7577391152572277,0.09489282599360768,0.06791561967448184,95
PRISM19Q4_independent,mfmr_mutation,7,19,XL-647::BRD-K03765900-001-01-9,0.7936598669682065,0.08667818438258759,0.06725282396407838,94
PRISM19Q4_independent,mfmr_mutation,7,20,ribociclib::BRD-K36788280-001-01-2,0.4300388624525822,0.1495095029833893,0.11365268104954769,95
PRISM19Q4_independent,mfmr_mutation,7,21,linifanib::BRD-K99749624-001-07-0,0.3202052057643791,0.14544194739825736,0.11323870433137771,94
PRISM19Q4_independent,mfmr_mutation,7,22,tivozanib::BRD-K53414658-001-08-2,0.5606160593711068,0.10123167573824889,0.07379891580723702,94
PRISM19Q4_independent,mfmr_mutation,7,23,axitinib::BRD-K29905972-001-06-3,0.6010750797390146,0.12952258889656304,0.09601892023644548,94
PRISM19Q4_independent,original_mclrp,8,0,P276-00::BRD-K51791723-003-01-7,0.17372314225325158,0.5174191315282394,0.511900647847276,95
PRISM19Q4_independent,original_mclrp,8,1,abemaciclib::BRD-K33622447-066-01-9,0.38149291558110904,0.6594146630189389,0.6519916615988078,95
PRISM19Q4_independent,original_mclrp,8,2,PHA-848125::BRD-K60997853-001-02-3,0.20972080371097135,0.5755814152418812,0.5674376754384292,95
PRISM19Q4_independent,original_mclrp,8,3,foretinib::BRD-K03449891-001-08-6,0.2622813578428308,0.6078071652021224,0.599240230023861,95
PRISM19Q4_independent,original_mclrp,8,4,tivantinib::BRD-K33379087-001-07-5,0.08098601646798341,0.5977355558269706,0.5932706759164208,95
PRISM19Q4_independent,original_mclrp,8,5,ponatinib::BRD-K44227013-001-06-4,0.19816873196375515,0.6274713959472422,0.6220227045581695,94
PRISM19Q4_independent,original_mclrp,8,6,GSK2110183::BRD-K25412176-001-01-9,0.19740009474468556,0.7379133379762578,0.7241082234268493,94
PRISM19Q4_independent,original_mclrp,8,7,ARRY-334543::BRD-K46386702-001-02-1,0.14946697936446593,0.6838627729757516,0.6721102156220599,94
PRISM19Q4_independent,original_mclrp,8,8,GDC-0068::BRD-K71480163-001-01-4,0.08603534361417152,0.8090875882022086,0.7939063103750665,94
PRISM19Q4_independent,original_mclrp,8,9,dacomitinib::BRD-K57169635-001-04-5,0.14140335261246328,0.5952363101247186,0.5778742634711114,94
PRISM19Q4_independent,original_mclrp,8,10,uprosertib::BRD-K38332599-001-01-3,0.1412234932298117,0.6141511601737422,0.6081677216323133,94
PRISM19Q4_independent,original_mclrp,8,11,neratinib::BRD-K85606544-001-09-1,0.17900132487506415,0.6834622730891261,0.6726703031900081,94
PRISM19Q4_independent,original_mclrp,8,12,osimertinib::BRD-K42805893-001-04-9,0.2891640557208341,0.6825231433549445,0.6718168169260025,95
PRISM19Q4_independent,original_mclrp,8,13,atiprimod::BRD-K38527262-300-01-0,0.1123099942971581,0.639069482472512,0.6351868957281113,94
PRISM19Q4_independent,original_mclrp,8,14,LY2801653::BRD-K18961567-001-01-1,-0.03760270951184529,0.6951280115131816,0.6834611212636562,94
PRISM19Q4_independent,original_mclrp,8,15,tucatinib::BRD-K26026438-001-01-0,0.332291855561579,0.7491175637968654,0.738595151045221,94
PRISM19Q4_independent,original_mclrp,8,16,canertinib::BRD-K50168500-001-07-9,0.22750769358090542,0.7362583642216332,0.71864205990967,95
PRISM19Q4_independent,original_mclrp,8,17,lenvatinib::BRD-K39974922-001-04-3,0.16119494036642676,0.6107777653660323,0.6031557411906567,94
PRISM19Q4_independent,original_mclrp,8,18,pelitinib::BRD-K08799216-001-05-3,0.46734543220405184,0.5638528222024483,0.5491338751818005,95
PRISM19Q4_independent,original_mclrp,8,19,XL-647::BRD-K03765900-001-01-9,0.316774230518474,0.5992345466868774,0.5838468128696401,94
PRISM19Q4_independent,original_mclrp,8,20,ribociclib::BRD-K36788280-001-01-2,0.1625036352548023,0.7986728281515971,0.782496459468415,95
PRISM19Q4_independent,original_mclrp,8,21,linifanib::BRD-K99749624-001-07-0,0.1684689729984253,0.8216771785118342,0.8083550268982319,94
PRISM19Q4_independent,original_mclrp,8,22,tivozanib::BRD-K53414658-001-08-2,0.1932539441699067,0.7270516638988839,0.7171476267753764,94
PRISM19Q4_independent,original_mclrp,8,23,axitinib::BRD-K29905972-001-06-3,0.17659611313701795,0.7546681408680724,0.7379450717187942,94
PRISM19Q4_independent,imputer_only,8,0,P276-00::BRD-K51791723-003-01-7,0.3119272226871203,0.06978940951096294,0.055353101303702905,95
PRISM19Q4_independent,imputer_only,8,1,abemaciclib::BRD-K33622447-066-01-9,0.5235991728649039,0.09170395193174552,0.06407552643826134,95
PRISM19Q4_independent,imputer_only,8,2,PHA-848125::BRD-K60997853-001-02-3,0.5977536955778794,0.07930092320422634,0.06531366643152739,95
PRISM19Q4_independent,imputer_only,8,3,foretinib::BRD-K03449891-001-08-6,0.5235217305637812,0.09028518308971883,0.061694776384454024,95
PRISM19Q4_independent,imputer_only,8,4,tivantinib::BRD-K33379087-001-07-5,0.4521352569890734,0.06427966025574178,0.04833513121855886,95
PRISM19Q4_independent,imputer_only,8,5,ponatinib::BRD-K44227013-001-06-4,0.5249280360101786,0.07203531002671403,0.055580406112873806,94
PRISM19Q4_independent,imputer_only,8,6,GSK2110183::BRD-K25412176-001-01-9,0.5105844772684173,0.12641121161402782,0.09000671226927574,94
PRISM19Q4_independent,imputer_only,8,7,ARRY-334543::BRD-K46386702-001-02-1,0.3583214297290326,0.12125523316692925,0.061108255639989326,94
PRISM19Q4_independent,imputer_only,8,8,GDC-0068::BRD-K71480163-001-01-4,0.45772008667021896,0.13984326286453158,0.10477080307108291,94
PRISM19Q4_independent,imputer_only,8,9,dacomitinib::BRD-K57169635-001-04-5,0.8257764540755584,0.0809325313688622,0.059223188364759406,94
PRISM19Q4_independent,imputer_only,8,10,uprosertib::BRD-K38332599-001-01-3,0.4649368889062965,0.08378596117489616,0.0637620617734625,94
PRISM19Q4_independent,imputer_only,8,11,neratinib::BRD-K85606544-001-09-1,0.48536778438879763,0.108179652474767,0.07273003839431925,94
PRISM19Q4_independent,imputer_only,8,12,osimertinib::BRD-K42805893-001-04-9,0.6598870652720913,0.09553116898948157,0.06724743748966017,95
PRISM19Q4_independent,imputer_only,8,13,atiprimod::BRD-K38527262-300-01-0,0.48351259595143536,0.0566916365358535,0.047601470921901944,94
PRISM19Q4_independent,imputer_only,8,14,LY2801653::BRD-K18961567-001-01-1,0.5374366828639159,0.1040037450600435,0.07220044415047829,94
PRISM19Q4_independent,imputer_only,8,15,tucatinib::BRD-K26026438-001-01-0,0.5689612138211014,0.11089610815277745,0.0827625831390949,94
PRISM19Q4_independent,imputer_only,8,16,canertinib::BRD-K50168500-001-07-9,0.5642053295591475,0.13689866436047196,0.09263128732380115,95
PRISM19Q4_independent,imputer_only,8,17,lenvatinib::BRD-K39974922-001-04-3,0.42316418840001174,0.08756139861654516,0.0588122086322054,94
PRISM19Q4_independent,imputer_only,8,18,pelitinib::BRD-K08799216-001-05-3,0.810233356947862,0.08516049852393141,0.06173072551426135,95
PRISM19Q4_independent,imputer_only,8,19,XL-647::BRD-K03765900-001-01-9,0.7951452440435326,0.08606676588805955,0.06697600033689052,94
PRISM19Q4_independent,imputer_only,8,20,ribociclib::BRD-K36788280-001-01-2,0.40497895875172424,0.15041063258616563,0.11533716164137188,95
PRISM19Q4_independent,imputer_only,8,21,linifanib::BRD-K99749624-001-07-0,0.3654094987532335,0.14331508744604948,0.10862498841387161,94
PRISM19Q4_independent,imputer_only,8,22,tivozanib::BRD-K53414658-001-08-2,0.5846711145536614,0.09984254973924636,0.07397346040035815,94
PRISM19Q4_independent,imputer_only,8,23,axitinib::BRD-K29905972-001-06-3,0.6030626005105092,0.12828237921753385,0.09261364727578264,94
PRISM19Q4_independent,ridge_only,8,0,P276-00::BRD-K51791723-003-01-7,0.266283203587083,0.07081360439627474,0.05612052302611502,95
PRISM19Q4_independent,ridge_only,8,1,abemaciclib::BRD-K33622447-066-01-9,0.4671664116709217,0.09415116412586179,0.06692436431583605,95
PRISM19Q4_independent,ridge_only,8,2,PHA-848125::BRD-K60997853-001-02-3,0.5395682831048583,0.08462053681331613,0.06848067139324389,95
PRISM19Q4_independent,ridge_only,8,3,foretinib::BRD-K03449891-001-08-6,0.47222604436779103,0.09288627276492722,0.065903723867316,95
PRISM19Q4_independent,ridge_only,8,4,tivantinib::BRD-K33379087-001-07-5,0.3733584570432932,0.06725014881534297,0.04949212199763248,95
PRISM19Q4_independent,ridge_only,8,5,ponatinib::BRD-K44227013-001-06-4,0.43673630320413936,0.07668018385924853,0.06078781980149289,94
PRISM19Q4_independent,ridge_only,8,6,GSK2110183::BRD-K25412176-001-01-9,0.4856720867989233,0.12675100325486607,0.08808374278088833,94
PRISM19Q4_independent,ridge_only,8,7,ARRY-334543::BRD-K46386702-001-02-1,0.36492289631265534,0.12136371255051993,0.06045809514979099,94
PRISM19Q4_independent,ridge_only,8,8,GDC-0068::BRD-K71480163-001-01-4,0.34659395318301023,0.14666983251627688,0.11034821386032916,94
PRISM19Q4_independent,ridge_only,8,9,dacomitinib::BRD-K57169635-001-04-5,0.7211614871057649,0.10060902556120956,0.07773416568624213,94
PRISM19Q4_independent,ridge_only,8,10,uprosertib::BRD-K38332599-001-01-3,0.4611579722284699,0.07654622418566188,0.0585279680312948,94
PRISM19Q4_independent,ridge_only,8,11,neratinib::BRD-K85606544-001-09-1,0.4058613390727706,0.11337482873061655,0.07817376294034592,94
PRISM19Q4_independent,ridge_only,8,12,osimertinib::BRD-K42805893-001-04-9,0.59302636777986,0.10182506942194021,0.07033344350363079,95
PRISM19Q4_independent,ridge_only,8,13,atiprimod::BRD-K38527262-300-01-0,0.5965243377279543,0.05231090278839346,0.04255449264607531,94
PRISM19Q4_independent,ridge_only,8,14,LY2801653::BRD-K18961567-001-01-1,0.500804385553975,0.10689088856910554,0.07462151443704645,94
PRISM19Q4_independent,ridge_only,8,15,tucatinib::BRD-K26026438-001-01-0,0.5247733088900635,0.11352836252218182,0.08549544278611527,94
PRISM19Q4_independent,ridge_only,8,16,canertinib::BRD-K50168500-001-07-9,0.5514404016858644,0.1382051254596806,0.09259397795325831,95
PRISM19Q4_independent,ridge_only,8,17,lenvatinib::BRD-K39974922-001-04-3,0.40256103189713666,0.08819873298751035,0.058912252492093024,94
PRISM19Q4_independent,ridge_only,8,18,pelitinib::BRD-K08799216-001-05-3,0.6802783803354794,0.1075358041270795,0.07421946337348537,95
PRISM19Q4_independent,ridge_only,8,19,XL-647::BRD-K03765900-001-01-9,0.7387483206518795,0.09851371959138286,0.07436186423961152,94
PRISM19Q4_independent,ridge_only,8,20,ribociclib::BRD-K36788280-001-01-2,0.4035378549921946,0.15138094775931202,0.1184225226703443,95
PRISM19Q4_independent,ridge_only,8,21,linifanib::BRD-K99749624-001-07-0,0.3732249430119036,0.1389348759939064,0.11103193493599588,94
PRISM19Q4_independent,ridge_only,8,22,tivozanib::BRD-K53414658-001-08-2,0.5379301514255392,0.10346237983839933,0.07366275787353516,94
PRISM19Q4_independent,ridge_only,8,23,axitinib::BRD-K29905972-001-06-3,0.5927596429382224,0.13438887727437623,0.09542358397169316,94
PRISM19Q4_independent,mfmr_base,8,0,P276-00::BRD-K51791723-003-01-7,0.2927781502760583,0.07018825775630554,0.05567540369535747,95
PRISM19Q4_independent,mfmr_base,8,1,abemaciclib::BRD-K33622447-066-01-9,0.5075516795882473,0.09188995334494701,0.06417091206500405,95
PRISM19Q4_independent,mfmr_base,8,2,PHA-848125::BRD-K60997853-001-02-3,0.58760852741753,0.08033455004952708,0.06573548662035089,95
PRISM19Q4_independent,mfmr_base,8,3,foretinib::BRD-K03449891-001-08-6,0.5108303430666922,0.09056840278765198,0.06277037670737819,95
PRISM19Q4_independent,mfmr_base,8,4,tivantinib::BRD-K33379087-001-07-5,0.42654685607116744,0.06524113155082824,0.04851697997043007,95
PRISM19Q4_independent,mfmr_base,8,5,ponatinib::BRD-K44227013-001-06-4,0.49744952646027824,0.07371559863368958,0.05778565495572192,94
PRISM19Q4_independent,mfmr_base,8,6,GSK2110183::BRD-K25412176-001-01-9,0.5230497042983925,0.12354230307416444,0.08566057872264943,94
PRISM19Q4_independent,mfmr_base,8,7,ARRY-334543::BRD-K46386702-001-02-1,0.3659911977719686,0.12064963688110439,0.0598879817952501,94
PRISM19Q4_independent,mfmr_base,8,8,GDC-0068::BRD-K71480163-001-01-4,0.4264028286185565,0.14133174005149843,0.10583186149597168,94
PRISM19Q4_independent,mfmr_base,8,9,dacomitinib::BRD-K57169635-001-04-5,0.8146222894759285,0.08458491417041762,0.06421903378151833,94
PRISM19Q4_independent,mfmr_base,8,10,uprosertib::BRD-K38332599-001-01-3,0.4815691286106252,0.0774532988915905,0.059183163211700765,94
PRISM19Q4_independent,mfmr_base,8,11,neratinib::BRD-K85606544-001-09-1,0.4545275202655257,0.1101874635104561,0.0747090495647268,94
PRISM19Q4_independent,mfmr_base,8,12,osimertinib::BRD-K42805893-001-04-9,0.6499553257686195,0.09641131605044469,0.06723151489308006,95
PRISM19Q4_independent,mfmr_base,8,13,atiprimod::BRD-K38527262-300-01-0,0.5668621613748285,0.05406173647476798,0.04484112021770883,94
PRISM19Q4_independent,mfmr_base,8,14,LY2801653::BRD-K18961567-001-01-1,0.5326316796262457,0.10443825142163286,0.07240625898888771,94
PRISM19Q4_independent,mfmr_base,8,15,tucatinib::BRD-K26026438-001-01-0,0.5513909659218251,0.11199845336725933,0.08396054582392916,94
PRISM19Q4_independent,mfmr_base,8,16,canertinib::BRD-K50168500-001-07-9,0.5678060198907879,0.13627377272049784,0.09163331922731902,95
PRISM19Q4_independent,mfmr_base,8,17,lenvatinib::BRD-K39974922-001-04-3,0.42204667797680995,0.08763195569868461,0.058421174896524306,94
PRISM19Q4_independent,mfmr_base,8,18,pelitinib::BRD-K08799216-001-05-3,0.773116492977314,0.09403286013447464,0.0665893366462306,95
PRISM19Q4_independent,mfmr_base,8,19,XL-647::BRD-K03765900-001-01-9,0.7975812264302015,0.08720900227050736,0.06687506874825092,94
PRISM19Q4_independent,mfmr_base,8,20,ribociclib::BRD-K36788280-001-01-2,0.41652301890119064,0.14966762179801713,0.11672463981728805,95
PRISM19Q4_independent,mfmr_base,8,21,linifanib::BRD-K99749624-001-07-0,0.373658527158184,0.13992047301570365,0.10870801197721604,94
PRISM19Q4_independent,mfmr_base,8,22,tivozanib::BRD-K53414658-001-08-2,0.5764870935349136,0.09969892327529138,0.07131434564894819,94
PRISM19Q4_independent,mfmr_base,8,23,axitinib::BRD-K29905972-001-06-3,0.6100125413653075,0.12963338601505284,0.09335420201433466,94
PRISM19Q4_independent,mfmr_mutation,8,0,P276-00::BRD-K51791723-003-01-7,0.29126837429890634,0.07102113159758788,0.056392913115651984,95
PRISM19Q4_independent,mfmr_mutation,8,1,abemaciclib::BRD-K33622447-066-01-9,0.48782358006449233,0.09409981682206221,0.06682862482572857,95
PRISM19Q4_independent,mfmr_mutation,8,2,PHA-848125::BRD-K60997853-001-02-3,0.6012983153057869,0.0792207151693482,0.06551944174264607,95
PRISM19Q4_independent,mfmr_mutation,8,3,foretinib::BRD-K03449891-001-08-6,0.5396907840220544,0.08882763625789752,0.06293760224392539,95
PRISM19Q4_independent,mfmr_mutation,8,4,tivantinib::BRD-K33379087-001-07-5,0.39457952714945044,0.06678295295990747,0.05122621373126381,95
PRISM19Q4_independent,mfmr_mutation,8,5,ponatinib::BRD-K44227013-001-06-4,0.4798491922707893,0.07432691928125808,0.059274780623456265,94
PRISM19Q4_independent,mfmr_mutation,8,6,GSK2110183::BRD-K25412176-001-01-9,0.5017238525323032,0.1262702797744565,0.0901484692350347,94
PRISM19Q4_independent,mfmr_mutation,8,7,ARRY-334543::BRD-K46386702-001-02-1,0.37033512218010756,0.12074926909360183,0.06272231454544878,94
PRISM19Q4_independent,mfmr_mutation,8,8,GDC-0068::BRD-K71480163-001-01-4,0.4256376351017042,0.14446572168184457,0.10681537237573177,94
PRISM19Q4_independent,mfmr_mutation,8,9,dacomitinib::BRD-K57169635-001-04-5,0.8053355813743673,0.08530340807850335,0.06580826671833688,94
PRISM19Q4_independent,mfmr_mutation,8,10,uprosertib::BRD-K38332599-001-01-3,0.5195498613133629,0.07670457263163213,0.05806131819461254,94
PRISM19Q4_independent,mfmr_mutation,8,11,neratinib::BRD-K85606544-001-09-1,0.3885773801792606,0.11500924303620873,0.07979374426476499,94
PRISM19Q4_independent,mfmr_mutation,8,12,osimertinib::BRD-K42805893-001-04-9,0.6466921539234545,0.09645296684608773,0.06746166411199067,95
PRISM19Q4_independent,mfmr_mutation,8,13,atiprimod::BRD-K38527262-300-01-0,0.5416519878811769,0.053877640523680735,0.04305801302828687,94
PRISM19Q4_independent,mfmr_mutation,8,14,LY2801653::BRD-K18961567-001-01-1,0.5403748636614282,0.1030532507782131,0.07173725265137693,94
PRISM19Q4_independent,mfmr_mutation,8,15,tucatinib::BRD-K26026438-001-01-0,0.5481505235382912,0.11091228131423836,0.08346162387665282,94
PRISM19Q4_independent,mfmr_mutation,8,16,canertinib::BRD-K50168500-001-07-9,0.5592507571068045,0.13728103740203998,0.09151291345295152,95
PRISM19Q4_independent,mfmr_mutation,8,17,lenvatinib::BRD-K39974922-001-04-3,0.40666416931824156,0.08760499118989722,0.06115072077893196,94
PRISM19Q4_independent,mfmr_mutation,8,18,pelitinib::BRD-K08799216-001-05-3,0.7557118832216203,0.0953049332982532,0.06822781500063445,95
PRISM19Q4_independent,mfmr_mutation,8,19,XL-647::BRD-K03765900-001-01-9,0.7901803877427602,0.08708045057970489,0.06798495542495808,94
PRISM19Q4_independent,mfmr_mutation,8,20,ribociclib::BRD-K36788280-001-01-2,0.4261925563953341,0.149154374049421,0.11476949955287732,95
PRISM19Q4_independent,mfmr_mutation,8,21,linifanib::BRD-K99749624-001-07-0,0.3172592081146293,0.1456446163958716,0.1130670245657576,94
PRISM19Q4_independent,mfmr_mutation,8,22,tivozanib::BRD-K53414658-001-08-2,0.5512611608995416,0.10209465722415347,0.07419936073587295,94
PRISM19Q4_independent,mfmr_mutation,8,23,axitinib::BRD-K29905972-001-06-3,0.5957061479883273,0.12990005583868536,0.09670111188229094,94
PRISM19Q4_independent,original_mclrp,9,0,P276-00::BRD-K51791723-003-01-7,0.17372314225325158,0.5174191315282394,0.511900647847276,95
PRISM19Q4_independent,original_mclrp,9,1,abemaciclib::BRD-K33622447-066-01-9,0.38149291558110904,0.6594146630189389,0.6519916615988078,95
PRISM19Q4_independent,original_mclrp,9,2,PHA-848125::BRD-K60997853-001-02-3,0.20972080371097135,0.5755814152418812,0.5674376754384292,95
PRISM19Q4_independent,original_mclrp,9,3,foretinib::BRD-K03449891-001-08-6,0.2622813578428308,0.6078071652021224,0.599240230023861,95
PRISM19Q4_independent,original_mclrp,9,4,tivantinib::BRD-K33379087-001-07-5,0.08098601646798341,0.5977355558269706,0.5932706759164208,95
PRISM19Q4_independent,original_mclrp,9,5,ponatinib::BRD-K44227013-001-06-4,0.19816873196375515,0.6274713959472422,0.6220227045581695,94
PRISM19Q4_independent,original_mclrp,9,6,GSK2110183::BRD-K25412176-001-01-9,0.19740009474468556,0.7379133379762578,0.7241082234268493,94
PRISM19Q4_independent,original_mclrp,9,7,ARRY-334543::BRD-K46386702-001-02-1,0.14946697936446593,0.6838627729757516,0.6721102156220599,94
PRISM19Q4_independent,original_mclrp,9,8,GDC-0068::BRD-K71480163-001-01-4,0.08603534361417152,0.8090875882022086,0.7939063103750665,94
PRISM19Q4_independent,original_mclrp,9,9,dacomitinib::BRD-K57169635-001-04-5,0.14140335261246328,0.5952363101247186,0.5778742634711114,94
PRISM19Q4_independent,original_mclrp,9,10,uprosertib::BRD-K38332599-001-01-3,0.1412234932298117,0.6141511601737422,0.6081677216323133,94
PRISM19Q4_independent,original_mclrp,9,11,neratinib::BRD-K85606544-001-09-1,0.17900132487506415,0.6834622730891261,0.6726703031900081,94
PRISM19Q4_independent,original_mclrp,9,12,osimertinib::BRD-K42805893-001-04-9,0.2891640557208341,0.6825231433549445,0.6718168169260025,95
PRISM19Q4_independent,original_mclrp,9,13,atiprimod::BRD-K38527262-300-01-0,0.1123099942971581,0.639069482472512,0.6351868957281113,94
PRISM19Q4_independent,original_mclrp,9,14,LY2801653::BRD-K18961567-001-01-1,-0.03760270951184529,0.6951280115131816,0.6834611212636562,94
PRISM19Q4_independent,original_mclrp,9,15,tucatinib::BRD-K26026438-001-01-0,0.332291855561579,0.7491175637968654,0.738595151045221,94
PRISM19Q4_independent,original_mclrp,9,16,canertinib::BRD-K50168500-001-07-9,0.22750769358090542,0.7362583642216332,0.71864205990967,95
PRISM19Q4_independent,original_mclrp,9,17,lenvatinib::BRD-K39974922-001-04-3,0.16119494036642676,0.6107777653660323,0.6031557411906567,94
PRISM19Q4_independent,original_mclrp,9,18,pelitinib::BRD-K08799216-001-05-3,0.46734543220405184,0.5638528222024483,0.5491338751818005,95
PRISM19Q4_independent,original_mclrp,9,19,XL-647::BRD-K03765900-001-01-9,0.316774230518474,0.5992345466868774,0.5838468128696401,94
PRISM19Q4_independent,original_mclrp,9,20,ribociclib::BRD-K36788280-001-01-2,0.1625036352548023,0.7986728281515971,0.782496459468415,95
PRISM19Q4_independent,original_mclrp,9,21,linifanib::BRD-K99749624-001-07-0,0.1684689729984253,0.8216771785118342,0.8083550268982319,94
PRISM19Q4_independent,original_mclrp,9,22,tivozanib::BRD-K53414658-001-08-2,0.1932539441699067,0.7270516638988839,0.7171476267753764,94
PRISM19Q4_independent,original_mclrp,9,23,axitinib::BRD-K29905972-001-06-3,0.17659611313701795,0.7546681408680724,0.7379450717187942,94
PRISM19Q4_independent,imputer_only,9,0,P276-00::BRD-K51791723-003-01-7,0.3104133328792193,0.06982440711425861,0.055359610758329694,95
PRISM19Q4_independent,imputer_only,9,1,abemaciclib::BRD-K33622447-066-01-9,0.5239452091662244,0.09167813319336941,0.06406940911945544,95
PRISM19Q4_independent,imputer_only,9,2,PHA-848125::BRD-K60997853-001-02-3,0.5969251734873695,0.07937226308682384,0.06538980289509422,95
PRISM19Q4_independent,imputer_only,9,3,foretinib::BRD-K03449891-001-08-6,0.5236558253309604,0.09027499113223433,0.06167646395532708,95
PRISM19Q4_independent,imputer_only,9,4,tivantinib::BRD-K33379087-001-07-5,0.4521959774569041,0.06428024127165444,0.04834646676716051,95
PRISM19Q4_independent,imputer_only,9,5,ponatinib::BRD-K44227013-001-06-4,0.5249822187539351,0.07202422654262507,0.055560954073642164,94
PRISM19Q4_independent,imputer_only,9,6,GSK2110183::BRD-K25412176-001-01-9,0.5102251099076638,0.126452010498984,0.09004117136305952,94
PRISM19Q4_independent,imputer_only,9,7,ARRY-334543::BRD-K46386702-001-02-1,0.35850247350968967,0.12124208277469081,0.06106583805794411,94
PRISM19Q4_independent,imputer_only,9,8,GDC-0068::BRD-K71480163-001-01-4,0.4580388134689553,0.13981416692722218,0.10477323417967939,94
PRISM19Q4_independent,imputer_only,9,9,dacomitinib::BRD-K57169635-001-04-5,0.8259477382682207,0.0808945802799112,0.05920671116798482,94
PRISM19Q4_independent,imputer_only,9,10,uprosertib::BRD-K38332599-001-01-3,0.4650137800597787,0.08376086643611766,0.06377037091458097,94
PRISM19Q4_independent,imputer_only,9,11,neratinib::BRD-K85606544-001-09-1,0.4852513623961327,0.10819311042917781,0.07274303410915618,94
PRISM19Q4_independent,imputer_only,9,12,osimertinib::BRD-K42805893-001-04-9,0.6595879506891293,0.09556861173429791,0.06728684870820296,95
PRISM19Q4_independent,imputer_only,9,13,atiprimod::BRD-K38527262-300-01-0,0.48150784107665945,0.05674611675548381,0.04765460973090314,94
PRISM19Q4_independent,imputer_only,9,14,LY2801653::BRD-K18961567-001-01-1,0.5370052524576635,0.10404388817958456,0.07221084579508355,94
PRISM19Q4_independent,imputer_only,9,15,tucatinib::BRD-K26026438-001-01-0,0.5709146880311908,0.11078167505279957,0.0826896549539363,94
PRISM19Q4_independent,imputer_only,9,16,canertinib::BRD-K50168500-001-07-9,0.5640313763753656,0.13691697105947956,0.09262921872891877,95
PRISM19Q4_independent,imputer_only,9,17,lenvatinib::BRD-K39974922-001-04-3,0.4239832739473306,0.08751908433504058,0.05879294555237953,94
PRISM19Q4_independent,imputer_only,9,18,pelitinib::BRD-K08799216-001-05-3,0.8102561277445686,0.08515828220154656,0.061734012867275034,95
PRISM19Q4_independent,imputer_only,9,19,XL-647::BRD-K03765900-001-01-9,0.7952795538630122,0.08605282913550666,0.06696621122512411,94
PRISM19Q4_independent,imputer_only,9,20,ribociclib::BRD-K36788280-001-01-2,0.40428837695421277,0.15047107992110134,0.1153694704959267,95
PRISM19Q4_independent,imputer_only,9,21,linifanib::BRD-K99749624-001-07-0,0.36563804096513924,0.14330211812322274,0.10855468663763493,94
PRISM19Q4_independent,imputer_only,9,22,tivozanib::BRD-K53414658-001-08-2,0.5850042473450933,0.09982272713116237,0.07400051266589064,94
PRISM19Q4_independent,imputer_only,9,23,axitinib::BRD-K29905972-001-06-3,0.6032634183697176,0.1282616199223801,0.0925831988136819,94
PRISM19Q4_independent,ridge_only,9,0,P276-00::BRD-K51791723-003-01-7,0.26702154146945695,0.0707961077076166,0.056148996478632876,95
PRISM19Q4_independent,ridge_only,9,1,abemaciclib::BRD-K33622447-066-01-9,0.46510840530312036,0.09427794458558468,0.06711361031783254,95
PRISM19Q4_independent,ridge_only,9,2,PHA-848125::BRD-K60997853-001-02-3,0.5390563453038179,0.08466606642724991,0.06848982792151602,95
PRISM19Q4_independent,ridge_only,9,3,foretinib::BRD-K03449891-001-08-6,0.47170836459286325,0.09291473961467499,0.06589907595985814,95
PRISM19Q4_independent,ridge_only,9,4,tivantinib::BRD-K33379087-001-07-5,0.3693226332653274,0.0673832841199426,0.04963159310190301,95
PRISM19Q4_independent,ridge_only,9,5,ponatinib::BRD-K44227013-001-06-4,0.43727692526490475,0.07667620055684375,0.06080045852255314,94
PRISM19Q4_independent,ridge_only,9,6,GSK2110183::BRD-K25412176-001-01-9,0.4842868826164568,0.12684367718192222,0.08826389084471033,94
PRISM19Q4_independent,ridge_only,9,7,ARRY-334543::BRD-K46386702-001-02-1,0.3640988703702747,0.12141162986728797,0.0604045384741844,94
PRISM19Q4_independent,ridge_only,9,8,GDC-0068::BRD-K71480163-001-01-4,0.34755164385876075,0.14659447005669876,0.11039240309532652,94
PRISM19Q4_independent,ridge_only,9,9,dacomitinib::BRD-K57169635-001-04-5,0.722003961270039,0.10052777145652954,0.07765806704125505,94
PRISM19Q4_independent,ridge_only,9,10,uprosertib::BRD-K38332599-001-01-3,0.46057989172132413,0.07656151436203898,0.05854824882872561,94
PRISM19Q4_independent,ridge_only,9,11,neratinib::BRD-K85606544-001-09-1,0.40614253437208647,0.11336106159073621,0.07813217538468381,94
PRISM19Q4_independent,ridge_only,9,12,osimertinib::BRD-K42805893-001-04-9,0.5937464292779981,0.10176613712669405,0.07030045641096015,95
PRISM19Q4_independent,ridge_only,9,13,atiprimod::BRD-K38527262-300-01-0,0.5919591932121535,0.05246015101339851,0.04270488277394721,94
PRISM19Q4_independent,ridge_only,9,14,LY2801653::BRD-K18961567-001-01-1,0.5009360642282263,0.10693787109522229,0.07447054665139381,94
PRISM19Q4_independent,ridge_only,9,15,tucatinib::BRD-K26026438-001-01-0,0.5273560488864102,0.11335811299141704,0.08540563951147363,94
PRISM19Q4_independent,ridge_only,9,16,canertinib::BRD-K50168500-001-07-9,0.5522001657700052,0.1381360079433712,0.09259204927243685,95
PRISM19Q4_independent,ridge_only,9,17,lenvatinib::BRD-K39974922-001-04-3,0.40074250641779374,0.0882563383081646,0.058952551572880846,94
PRISM19Q4_independent,ridge_only,9,18,pelitinib::BRD-K08799216-001-05-3,0.6796924420367689,0.10757062893300995,0.07434687112507067,95
PRISM19Q4_independent,ridge_only,9,19,XL-647::BRD-K03765900-001-01-9,0.7402825678298977,0.09833202643362011,0.07436981004603366,94
PRISM19Q4_independent,ridge_only,9,20,ribociclib::BRD-K36788280-001-01-2,0.4039532209723516,0.15136146558844898,0.11837458359567743,95
PRISM19Q4_independent,ridge_only,9,21,linifanib::BRD-K99749624-001-07-0,0.37427568221035606,0.13888795104981866,0.11122370083281334,94
PRISM19Q4_independent,ridge_only,9,22,tivozanib::BRD-K53414658-001-08-2,0.5391726482628584,0.10338530323358794,0.07363753242695585,94
PRISM19Q4_independent,ridge_only,9,23,axitinib::BRD-K29905972-001-06-3,0.594807800465046,0.13422650737178382,0.09526153162438819,94
PRISM19Q4_independent,mfmr_base,9,0,P276-00::BRD-K51791723-003-01-7,0.29221115569518286,0.07020105672937679,0.05568997859954834,95
PRISM19Q4_independent,mfmr_base,9,1,abemaciclib::BRD-K33622447-066-01-9,0.506972873032869,0.09193301313385613,0.06426666096637124,95
PRISM19Q4_independent,mfmr_base,9,2,PHA-848125::BRD-K60997853-001-02-3,0.587072749324121,0.08038051746711544,0.06576680478296781,95
PRISM19Q4_independent,mfmr_base,9,3,foretinib::BRD-K03449891-001-08-6,0.5105795049313813,0.09058502731977654,0.06274945045772352,95
PRISM19Q4_independent,mfmr_base,9,4,tivantinib::BRD-K33379087-001-07-5,0.424852946563009,0.06530260752657628,0.048587558144017266,95
PRISM19Q4_independent,mfmr_base,9,5,ponatinib::BRD-K44227013-001-06-4,0.49784345261046337,0.07369936081852589,0.05778271847582878,94
PRISM19Q4_independent,mfmr_base,9,6,GSK2110183::BRD-K25412176-001-01-9,0.5223896291015675,0.12360102970821313,0.08573015129312556,94
PRISM19Q4_independent,mfmr_base,9,7,ARRY-334543::BRD-K46386702-001-02-1,0.3657170098425224,0.1206664846717011,0.05985584284396882,94
PRISM19Q4_independent,mfmr_base,9,8,GDC-0068::BRD-K71480163-001-01-4,0.4268044592600971,0.14129869763672417,0.10590996196929445,94
PRISM19Q4_independent,mfmr_base,9,9,dacomitinib::BRD-K57169635-001-04-5,0.8150099457680271,0.08452923297873997,0.06413746228877534,94
PRISM19Q4_independent,mfmr_base,9,10,uprosertib::BRD-K38332599-001-01-3,0.48132153397839195,0.07745252652366591,0.05919478928789179,94
PRISM19Q4_independent,mfmr_base,9,11,neratinib::BRD-K85606544-001-09-1,0.4545610461230114,0.11019003050280575,0.07469033877900307,94
PRISM19Q4_independent,mfmr_base,9,12,osimertinib::BRD-K42805893-001-04-9,0.6499072924099584,0.09641624793957237,0.06725820397075853,95
PRISM19Q4_independent,mfmr_base,9,13,atiprimod::BRD-K38527262-300-01-0,0.5626443037254962,0.05417485274711419,0.04494924177514746,94
PRISM19Q4_independent,mfmr_base,9,14,LY2801653::BRD-K18961567-001-01-1,0.5322922014631661,0.10449099224820124,0.07233973069393888,94
PRISM19Q4_independent,mfmr_base,9,15,tucatinib::BRD-K26026438-001-01-0,0.5534597988679766,0.11186436007985824,0.08385627637518213,94
PRISM19Q4_independent,mfmr_base,9,16,canertinib::BRD-K50168500-001-07-9,0.5680096522239279,0.13625020776938565,0.09163199663162232,95
PRISM19Q4_independent,mfmr_base,9,17,lenvatinib::BRD-K39974922-001-04-3,0.4215767745853345,0.08763719742810867,0.05843553010453569,94
PRISM19Q4_independent,mfmr_base,9,18,pelitinib::BRD-K08799216-001-05-3,0.7728905954703778,0.0940504147404171,0.06665551662445068,95
PRISM19Q4_independent,mfmr_base,9,19,XL-647::BRD-K03765900-001-01-9,0.7982821177952567,0.08709730390941078,0.06686089615872566,94
PRISM19Q4_independent,mfmr_base,9,20,ribociclib::BRD-K36788280-001-01-2,0.41661484179100017,0.1496775241120526,0.1167359383482682,95
PRISM19Q4_independent,mfmr_base,9,21,linifanib::BRD-K99749624-001-07-0,0.37443176696540037,0.13987161488275116,0.10874524205288988,94
PRISM19Q4_independent,mfmr_base,9,22,tivozanib::BRD-K53414658-001-08-2,0.5770261187504255,0.0996513541830367,0.07130598324410459,94
PRISM19Q4_independent,mfmr_base,9,23,axitinib::BRD-K29905972-001-06-3,0.610725621030981,0.12956246822675996,0.09327721881105545,94
PRISM19Q4_independent,mfmr_mutation,9,0,P276-00::BRD-K51791723-003-01-7,0.2776929615438396,0.071600068239853,0.05678430168252242,95
PRISM19Q4_independent,mfmr_mutation,9,1,abemaciclib::BRD-K33622447-066-01-9,0.48506229284371216,0.09410821635297673,0.06734147511030499,95
PRISM19Q4_independent,mfmr_mutation,9,2,PHA-848125::BRD-K60997853-001-02-3,0.6020822874840477,0.0794765737875421,0.06538595368987636,95
PRISM19Q4_independent,mfmr_mutation,9,3,foretinib::BRD-K03449891-001-08-6,0.5447925061750105,0.08845334453921133,0.06224950991178814,95
PRISM19Q4_independent,mfmr_mutation,9,4,tivantinib::BRD-K33379087-001-07-5,0.40045167463171644,0.06643158755542358,0.05094360928786428,95
PRISM19Q4_independent,mfmr_mutation,9,5,ponatinib::BRD-K44227013-001-06-4,0.4790938347368186,0.07439632744836921,0.059270851789636814,94
PRISM19Q4_independent,mfmr_mutation,9,6,GSK2110183::BRD-K25412176-001-01-9,0.4913958458521375,0.1271738188752344,0.09109831870870387,94
PRISM19Q4_independent,mfmr_mutation,9,7,ARRY-334543::BRD-K46386702-001-02-1,0.37133359595752097,0.12061497573757274,0.06232339524208231,94
PRISM19Q4_independent,mfmr_mutation,9,8,GDC-0068::BRD-K71480163-001-01-4,0.4199271061538774,0.1451036681528078,0.10790035318821034,94
PRISM19Q4_independent,mfmr_mutation,9,9,dacomitinib::BRD-K57169635-001-04-5,0.805288476686573,0.08536042299395619,0.06628747918504349,94
PRISM19Q4_independent,mfmr_mutation,9,10,uprosertib::BRD-K38332599-001-01-3,0.5165326063583056,0.07617887358526593,0.05776804812411045,94
PRISM19Q4_independent,mfmr_mutation,9,11,neratinib::BRD-K85606544-001-09-1,0.3917692373448715,0.11466538320230744,0.07942150184448729,94
PRISM19Q4_independent,mfmr_mutation,9,12,osimertinib::BRD-K42805893-001-04-9,0.6507749359596249,0.09618742593277033,0.06688566678448728,95
PRISM19Q4_independent,mfmr_mutation,9,13,atiprimod::BRD-K38527262-300-01-0,0.543660872949522,0.05378603787995414,0.04274616533137383,94
PRISM19Q4_independent,mfmr_mutation,9,14,LY2801653::BRD-K18961567-001-01-1,0.5422464254007744,0.10300069178136433,0.07139894556491932,94
PRISM19Q4_independent,mfmr_mutation,9,15,tucatinib::BRD-K26026438-001-01-0,0.5512078418249179,0.11081608302948509,0.08359546800877185,94
PRISM19Q4_independent,mfmr_mutation,9,16,canertinib::BRD-K50168500-001-07-9,0.5611603896068512,0.13712304386951213,0.0907584177820306,95
PRISM19Q4_independent,mfmr_mutation,9,17,lenvatinib::BRD-K39974922-001-04-3,0.42025072345396874,0.08703612037805147,0.06098619927751257,94
PRISM19Q4_independent,mfmr_mutation,9,18,pelitinib::BRD-K08799216-001-05-3,0.7541822898583246,0.09560437230766056,0.0685482570999547,95
PRISM19Q4_independent,mfmr_mutation,9,19,XL-647::BRD-K03765900-001-01-9,0.7953018362385667,0.08632166716856379,0.06719488317662096,94
PRISM19Q4_independent,mfmr_mutation,9,20,ribociclib::BRD-K36788280-001-01-2,0.42052681410207554,0.14982400619892572,0.11426533146908409,95
PRISM19Q4_independent,mfmr_mutation,9,21,linifanib::BRD-K99749624-001-07-0,0.3173971215751913,0.14568170243282638,0.11311223151835989,94
PRISM19Q4_independent,mfmr_mutation,9,22,tivozanib::BRD-K53414658-001-08-2,0.5514672160231799,0.10207404082482649,0.07443638494674196,94
PRISM19Q4_independent,mfmr_mutation,9,23,axitinib::BRD-K29905972-001-06-3,0.5944412607246725,0.1300302551714549,0.09692713332937118,94
